# This file uses centimeters as units for non-parametric coordinates.

mtllib lightTower.mtl
g default
v 10.921945 -0.100202 -0.115630
v 10.921945 7.032398 -0.115631
v 10.995242 -0.100202 -0.073047
v 10.995242 7.032398 -0.073048
v 10.995242 -0.100202 0.012119
v 10.995242 7.032398 0.012118
v 10.921945 -0.100202 0.054703
v 10.921945 7.032398 0.054701
v 10.848649 -0.100202 0.012119
v 10.848649 7.032398 0.012118
v 10.848649 -0.100202 -0.073047
v 10.848649 7.032398 -0.073048
vt 0.303281 0.569750
vt 0.303281 0.003280
vt 0.313168 0.003247
vt 0.313168 0.569718
vt 0.323055 0.003215
vt 0.323055 0.569685
vt 0.263732 0.569881
vt 0.263732 0.003411
vt 0.273619 0.003378
vt 0.273619 0.569848
vt 0.283506 0.003345
vt 0.283506 0.569816
vt 0.293394 0.003313
vt 0.293394 0.569783
vt 0.005389 0.976705
vt 0.005390 0.967926
vt 0.012991 0.963537
vt 0.020592 0.967926
vt 0.020592 0.976704
vt 0.012990 0.981093
vn 0.502346 -0.000000 -0.864667
vn 0.502346 -0.000000 -0.864667
vn 0.502346 -0.000000 -0.864667
vn 0.502346 -0.000000 -0.864667
vn 1.000000 0.000000 0.000000
vn 1.000000 0.000000 0.000000
vn 1.000000 0.000000 0.000000
vn 1.000000 0.000000 0.000000
vn 0.502346 0.000000 0.864667
vn 0.502346 0.000000 0.864667
vn 0.502346 0.000000 0.864667
vn 0.502346 0.000000 0.864667
vn -0.502346 0.000000 0.864667
vn -0.502346 0.000000 0.864667
vn -0.502346 0.000000 0.864667
vn -0.502346 0.000000 0.864667
vn -1.000000 0.000000 -0.000000
vn -1.000000 0.000000 -0.000000
vn -1.000000 0.000000 -0.000000
vn -1.000000 0.000000 -0.000000
vn -0.502346 -0.000000 -0.864667
vn -0.502346 -0.000000 -0.864667
vn -0.502346 -0.000000 -0.864667
vn -0.502346 -0.000000 -0.864667
vn 0.000000 -1.000000 0.000000
vn 0.000000 -1.000000 0.000000
vn 0.000000 -1.000000 0.000000
vn 0.000000 -1.000000 0.000000
vn 0.000000 -1.000000 0.000000
vn 0.000000 -1.000000 0.000000
s off
g base lightTower lightTowerGrp
usemtl SM_Light_Tower_1_JFGSG
f 1/1/1 2/2/2 4/3/3 3/4/4
f 3/4/5 4/3/6 6/5/7 5/6/8
f 5/7/9 6/8/10 8/9/11 7/10/12
f 7/10/13 8/9/14 10/11/15 9/12/16
f 9/12/17 10/11/18 12/13/19 11/14/20
f 11/14/21 12/13/22 2/2/23 1/1/24
f 1/15/25 3/16/26 5/17/27 7/18/28 9/19/29 11/20/30
g default
v 10.962341 6.341760 -1.022767
v 10.985057 6.358586 -1.022767
v 10.964996 6.335778 -1.032881
v 10.988287 6.351308 -1.035073
v 10.970306 6.323815 -1.032881
v 10.994747 6.336752 -1.035073
v 10.972960 6.317833 -1.022767
v 10.997978 6.329474 -1.022767
v 10.970306 6.323815 -1.012653
v 10.994747 6.336752 -1.010461
v 10.964996 6.335778 -1.012653
v 10.988287 6.351308 -1.010461
v 10.663175 6.890326 -1.022767
v 10.730120 6.930421 -1.022767
v 10.665356 6.885411 -1.031077
v 10.732331 6.925439 -1.031191
v 10.669719 6.875582 -1.031077
v 10.736754 6.915475 -1.031191
v 10.671900 6.870667 -1.022767
v 10.738965 6.910493 -1.022767
v 10.669719 6.875582 -1.014457
v 10.736754 6.915475 -1.014343
v 10.665356 6.885411 -1.014457
v 10.732331 6.925439 -1.014343
v 10.982268 6.366560 -1.022767
v 10.742564 6.906644 -1.022767
v 10.987968 6.369960 -1.033939
v 10.748264 6.910043 -1.033939
v 10.999368 6.376758 -1.033939
v 10.759663 6.916842 -1.033939
v 11.005068 6.380157 -1.022767
v 10.765363 6.920241 -1.022767
v 10.999368 6.376758 -1.011595
v 10.759663 6.916842 -1.011595
v 10.987968 6.369960 -1.011595
v 10.748264 6.910043 -1.011595
v 10.987842 6.357995 -1.022767
v 10.994492 6.356756 -1.011028
v 11.013079 6.352118 -1.011028
v 11.019729 6.350879 -1.022767
v 11.013079 6.352118 -1.034506
v 10.994492 6.356756 -1.034506
v 10.753804 6.938104 -1.032565
v 10.743626 6.916581 -1.032565
v 10.741881 6.912390 -1.022767
v 10.743626 6.916581 -1.012969
v 10.753804 6.938104 -1.012969
v 10.755549 6.942294 -1.022767
vt 0.998329 0.279809
vt 0.984771 0.280573
vt 0.984679 0.246232
vt 0.998154 0.250442
vt 1.000000 0.897270
vt 0.986449 0.898175
vt 0.971212 0.279882
vt 0.971227 0.250514
vt 0.997302 0.920154
vt 0.986518 0.923436
vt 0.972890 0.897344
vt 0.975717 0.920214
vt 0.881754 0.815982
vt 0.895289 0.816787
vt 0.895043 0.827296
vt 0.881481 0.831548
vt 0.895959 0.198124
vt 0.909474 0.199843
vt 0.908866 0.816608
vt 0.908377 0.832193
vt 0.898872 0.189920
vt 0.909605 0.193985
vt 0.923035 0.198743
vt 0.920509 0.190417
vt 0.789925 0.669748
vt 0.819094 0.666530
vt 0.818097 0.683143
vt 0.789106 0.683402
vt 0.827492 0.664455
vt 0.842504 0.677702
vt 0.827798 0.649055
vt 0.841646 0.648239
vt 0.865539 0.032669
vt 0.879386 0.031853
vt 0.864377 0.024250
vt 0.884251 0.009277
vt 0.857354 0.021873
vt 0.858187 0.010511
vt 0.776735 0.014410
vt 0.775914 0.025619
vt 0.776906 0.004067
vt 0.858360 0.000026
vt 0.568879 0.000168
vt 0.597871 0.000026
vt 0.599098 0.016624
vt 0.569887 0.013810
vt 0.622351 0.005130
vt 0.607523 0.018583
vt 0.621900 0.034602
vt 0.608043 0.033977
vt 0.668157 0.650407
vt 0.654300 0.649782
vt 0.673334 0.672913
vt 0.653255 0.658217
vt 0.647255 0.672040
vt 0.646265 0.660690
vt 0.564781 0.658071
vt 0.565757 0.669267
vt 0.647573 0.682522
vt 0.566071 0.679607
vt 0.790278 0.601864
vt 0.790897 0.573101
vt 0.805482 0.572771
vt 0.803463 0.603240
vt 0.777546 0.602588
vt 0.775914 0.572622
vt 0.790880 0.570398
vt 0.803249 0.564168
vt 0.778295 0.564043
vt 0.777596 0.563484
vt 0.775914 0.534100
vt 0.790914 0.535797
vt 0.790216 0.564196
vt 0.777392 0.508630
vt 0.791331 0.504559
vt 0.805839 0.534554
vt 0.803093 0.564187
vt 0.805143 0.509034
vt 0.944820 0.088932
vt 0.947492 0.007415
vt 0.957921 0.008515
vt 0.955115 0.089952
vt 0.947859 0.000001
vt 0.958044 0.004894
vt 0.968394 0.008132
vt 0.965463 0.089645
vt 0.968536 0.000710
vt 0.733687 0.685945
vt 0.744390 0.682364
vt 0.744598 0.711693
vt 0.734117 0.712035
vt 0.755141 0.685792
vt 0.755082 0.711886
vn -0.595218 0.803564 -0.000001
vn -0.530631 0.847603 0.000000
vn -0.252589 0.385796 -0.887333
vn -0.318812 0.354050 -0.879208
vn -0.318812 0.354050 -0.879208
vn -0.252589 0.385796 -0.887333
vn 0.263121 -0.407089 -0.874669
vn 0.150082 -0.434058 -0.888296
vn 0.150082 -0.434058 -0.888296
vn 0.263121 -0.407089 -0.874669
vn 0.559537 -0.828805 0.000001
vn 0.421871 -0.906656 -0.000001
vn 0.421871 -0.906656 -0.000001
vn 0.559537 -0.828805 0.000001
vn 0.263121 -0.407088 0.874669
vn 0.150079 -0.434060 0.888295
vn 0.150079 -0.434060 0.888295
vn 0.263121 -0.407088 0.874669
vn -0.252591 0.385795 0.887333
vn -0.318816 0.354049 0.879207
vn -0.318816 0.354049 0.879207
vn -0.252591 0.385795 0.887333
vn -0.530631 0.847603 0.000000
vn -0.595218 0.803564 -0.000001
vn -0.513812 0.857903 -0.000001
vn -0.493715 0.869624 -0.000000
vn -0.272537 0.430099 -0.860662
vn -0.237475 0.394833 -0.887532
vn -0.237475 0.394833 -0.887532
vn -0.272537 0.430099 -0.860662
vn 0.131205 -0.414835 -0.900387
vn 0.234355 -0.396323 -0.887697
vn 0.234355 -0.396323 -0.887697
vn 0.131205 -0.414835 -0.900387
vn 0.372792 -0.927915 -0.000000
vn 0.510604 -0.859816 -0.000000
vn 0.510604 -0.859816 -0.000000
vn 0.372792 -0.927915 -0.000000
vn 0.131206 -0.414835 0.900387
vn 0.234356 -0.396323 0.887697
vn 0.234356 -0.396323 0.887697
vn 0.131206 -0.414835 0.900387
vn -0.272537 0.430100 0.860661
vn -0.237475 0.394834 0.887532
vn -0.237475 0.394834 0.887532
vn -0.272537 0.430100 0.860661
vn -0.493715 0.869624 -0.000000
vn -0.513812 0.857903 -0.000001
vn -0.897872 -0.440256 0.000000
vn -0.924759 -0.380553 0.000000
vn -0.461640 -0.156788 -0.873101
vn -0.459527 -0.217848 -0.861032
vn -0.459527 -0.217848 -0.861032
vn -0.461640 -0.156788 -0.873101
vn 0.426875 0.208472 -0.879953
vn 0.440720 0.223984 -0.869251
vn 0.440720 0.223984 -0.869251
vn 0.426875 0.208472 -0.879953
vn 0.925476 0.378806 -0.000000
vn 0.898638 0.438691 0.000001
vn 0.898638 0.438691 0.000001
vn 0.925476 0.378806 -0.000000
vn 0.426875 0.208472 0.879953
vn 0.440720 0.223984 0.869251
vn 0.440720 0.223984 0.869251
vn 0.426875 0.208472 0.879953
vn -0.461640 -0.156788 0.873101
vn -0.459527 -0.217848 0.861032
vn -0.459527 -0.217848 0.861032
vn -0.461640 -0.156788 0.873101
vn -0.924759 -0.380553 0.000000
vn -0.897872 -0.440256 0.000000
vn 0.211948 0.557362 -0.802761
vn -0.270626 -0.223408 -0.936403
vn 0.131205 -0.414835 -0.900387
vn -0.272537 0.430099 -0.860662
vn -0.270626 -0.223408 -0.936403
vn -0.513792 -0.857915 0.000000
vn 0.372792 -0.927915 -0.000000
vn 0.131205 -0.414835 -0.900387
vn -0.513792 -0.857915 0.000000
vn -0.270626 -0.223408 0.936403
vn 0.131206 -0.414835 0.900387
vn 0.372792 -0.927915 -0.000000
vn -0.270626 -0.223408 0.936403
vn 0.211947 0.557362 0.802761
vn -0.272537 0.430100 0.860661
vn 0.131206 -0.414835 0.900387
vn 0.211947 0.557362 0.802761
vn 0.414646 0.909983 -0.000000
vn -0.493715 0.869624 -0.000000
vn -0.272537 0.430100 0.860661
vn 0.414646 0.909983 -0.000000
vn 0.211948 0.557362 -0.802761
vn -0.272537 0.430099 -0.860662
vn -0.493715 0.869624 -0.000000
vn -0.459527 -0.217848 -0.861032
vn 0.440720 0.223984 -0.869251
vn 0.605574 -0.087316 -0.790985
vn -0.231347 0.097036 -0.968020
vn 0.440720 0.223984 -0.869251
vn 0.898638 0.438691 0.000001
vn 0.989298 -0.145907 0.000001
vn 0.605574 -0.087316 -0.790985
vn 0.898638 0.438691 0.000001
vn 0.440720 0.223984 0.869251
vn 0.605574 -0.087314 0.790984
vn 0.989298 -0.145907 0.000001
vn 0.440720 0.223984 0.869251
vn -0.459527 -0.217848 0.861032
vn -0.231346 0.097036 0.968020
vn 0.605574 -0.087314 0.790984
vn -0.459527 -0.217848 0.861032
vn -0.897872 -0.440256 0.000000
vn -0.951890 0.306440 -0.000000
vn -0.231346 0.097036 0.968020
vn -0.897872 -0.440256 0.000000
vn -0.459527 -0.217848 -0.861032
vn -0.231347 0.097036 -0.968020
vn -0.951890 0.306440 -0.000000
vn -0.231346 0.097036 0.968020
vn -0.951890 0.306440 -0.000000
vn -0.530631 0.847603 0.000000
vn -0.252591 0.385795 0.887333
vn 0.605574 -0.087314 0.790984
vn -0.231346 0.097036 0.968020
vn -0.252591 0.385795 0.887333
vn 0.263121 -0.407088 0.874669
vn 0.989298 -0.145907 0.000001
vn 0.605574 -0.087314 0.790984
vn 0.263121 -0.407088 0.874669
vn 0.559537 -0.828805 0.000001
vn 0.605574 -0.087316 -0.790985
vn 0.989298 -0.145907 0.000001
vn 0.559537 -0.828805 0.000001
vn 0.263121 -0.407089 -0.874669
vn -0.231347 0.097036 -0.968020
vn 0.605574 -0.087316 -0.790985
vn 0.263121 -0.407089 -0.874669
vn -0.252589 0.385796 -0.887333
vn -0.951890 0.306440 -0.000000
vn -0.231347 0.097036 -0.968020
vn -0.252589 0.385796 -0.887333
vn -0.530631 0.847603 0.000000
vn 0.925476 0.378806 -0.000000
vn 0.426875 0.208472 -0.879953
vn 0.211948 0.557362 -0.802761
vn 0.414646 0.909983 -0.000000
vn 0.426875 0.208472 0.879953
vn 0.925476 0.378806 -0.000000
vn 0.414646 0.909983 -0.000000
vn 0.211947 0.557362 0.802761
vn -0.461640 -0.156788 0.873101
vn 0.426875 0.208472 0.879953
vn 0.211947 0.557362 0.802761
vn -0.270626 -0.223408 0.936403
vn -0.924759 -0.380553 0.000000
vn -0.461640 -0.156788 0.873101
vn -0.270626 -0.223408 0.936403
vn -0.513792 -0.857915 0.000000
vn -0.461640 -0.156788 -0.873101
vn -0.924759 -0.380553 0.000000
vn -0.513792 -0.857915 0.000000
vn -0.270626 -0.223408 -0.936403
vn 0.426875 0.208472 -0.879953
vn -0.461640 -0.156788 -0.873101
vn -0.270626 -0.223408 -0.936403
vn 0.211948 0.557362 -0.802761
s off
g lightTower lightTowerGrp polySurface127 light3 lightGrp1
usemtl SM_Light_Tower_1_JFGSG
f 13/81/31 14/82/32 16/83/33 15/84/34
f 15/45/35 16/46/36 18/47/37 17/48/38
f 17/90/39 18/91/40 20/92/41 19/93/42
f 19/93/43 20/92/44 22/96/45 21/97/46
f 21/63/47 22/64/48 24/65/49 23/66/50
f 23/85/51 24/86/52 14/82/53 13/81/54
f 25/61/55 26/62/56 28/58/57 27/59/58
f 27/59/59 28/58/60 30/57/61 29/60/62
f 29/99/63 30/100/64 32/101/65 31/102/66
f 31/102/67 32/101/68 34/105/69 33/106/70
f 33/77/71 34/76/72 36/75/73 35/78/74
f 35/78/75 36/75/76 26/79/77 25/80/78
f 37/34/79 38/38/80 40/43/81 39/39/82
f 39/51/83 40/53/84 42/54/85 41/52/86
f 41/21/87 42/25/88 44/26/89 43/22/90
f 43/22/91 44/26/92 46/31/93 45/27/94
f 45/69/95 46/71/96 48/72/97 47/70/98
f 47/33/99 48/37/100 38/38/101 37/34/102
f 55/56/103 56/55/104 30/57/105 28/58/106
f 56/103/107 57/104/108 32/101/109 30/100/110
f 57/104/111 58/107/112 34/105/113 32/101/114
f 58/74/115 59/73/116 36/75/117 34/76/118
f 59/108/119 60/109/120 26/110/121 36/111/122
f 60/109/123 55/112/124 28/113/125 26/110/126
f 39/51/127 41/52/128 53/50/129 54/49/130
f 41/21/131 43/22/132 52/23/133 53/24/134
f 43/22/135 45/27/136 51/28/137 52/23/138
f 45/69/139 47/70/140 50/68/141 51/67/142
f 47/33/143 37/34/144 49/35/145 50/36/146
f 37/34/147 39/39/148 54/40/149 49/35/150
f 50/89/151 49/87/152 14/82/153 24/86/154
f 51/67/155 50/68/156 24/65/157 22/64/158
f 52/95/159 51/98/160 22/96/161 20/92/162
f 53/94/163 52/95/164 20/92/165 18/91/166
f 54/49/167 53/50/168 18/47/169 16/46/170
f 49/87/171 54/88/172 16/83/173 14/82/174
f 44/26/175 42/25/176 55/29/177 60/30/178
f 46/31/179 44/26/180 60/30/181 59/32/182
f 48/72/183 46/71/184 59/73/185 58/74/186
f 38/38/187 48/37/188 58/41/189 57/42/190
f 40/43/191 38/38/192 57/42/193 56/44/194
f 42/54/195 40/53/196 56/55/197 55/56/198
g default
v 10.723745 6.771852 -1.292774
v 10.799444 6.816998 -1.292774
v 10.725448 6.768015 -1.299262
v 10.801147 6.813161 -1.299262
v 10.728854 6.760342 -1.299262
v 10.804553 6.805487 -1.299262
v 10.730557 6.756505 -1.292774
v 10.806256 6.801650 -1.292774
v 10.728854 6.760342 -1.286286
v 10.804553 6.805487 -1.286286
v 10.725448 6.768015 -1.286286
v 10.801147 6.813161 -1.286286
vt 0.641672 0.114643
vt 0.634736 0.118779
vt 0.628121 0.114146
vt 0.628442 0.105378
vt 0.635378 0.101242
vt 0.641994 0.105874
vt 0.356421 0.704428
vt 0.357551 0.612321
vt 0.366249 0.613479
vt 0.365119 0.705586
vt 0.348370 0.703804
vt 0.349500 0.611697
vt 0.849811 0.116028
vt 0.850185 0.023915
vt 0.858901 0.022900
vt 0.858526 0.115013
vt 0.760079 0.765127
vt 0.760617 0.673014
vt 0.768672 0.673587
vt 0.768135 0.765699
vt 0.776734 0.673108
vt 0.776196 0.765221
vt 0.527833 0.135858
vt 0.528393 0.043745
vt 0.536455 0.043269
vt 0.535895 0.135381
vn -0.512207 0.858862 -0.000003
vn 0.207391 0.978258 -0.000002
vn 0.382363 0.576641 -0.722000
vn -0.235915 0.395578 -0.887616
vn -0.235915 0.395578 -0.887616
vn 0.382363 0.576641 -0.722000
vn 0.726304 -0.063422 -0.684442
vn 0.235917 -0.395583 -0.887613
vn 0.235917 -0.395583 -0.887613
vn 0.726304 -0.063422 -0.684442
vn 0.926650 -0.375926 0.000001
vn 0.512207 -0.858862 0.000002
vn 0.512207 -0.858862 0.000002
vn 0.926650 -0.375926 0.000001
vn 0.726303 -0.063421 0.684442
vn 0.235917 -0.395582 0.887614
vn 0.235917 -0.395582 0.887614
vn 0.726303 -0.063421 0.684442
vn 0.382362 0.576643 0.721999
vn -0.235915 0.395580 0.887615
vn -0.235915 0.395580 0.887615
vn 0.382362 0.576643 0.721999
vn 0.207391 0.978258 -0.000002
vn -0.512207 0.858862 -0.000003
vn 0.382363 0.576641 -0.722000
vn 0.207391 0.978258 -0.000002
vn 0.382362 0.576643 0.721999
vn 0.726303 -0.063421 0.684442
vn 0.926650 -0.375926 0.000001
vn 0.726304 -0.063422 -0.684442
s off
g lightTower lightTowerGrp light3 lightGrp1 polySurface113
usemtl SM_Light_Tower_1_JFGSG
f 61/124/199 62/125/200 64/121/201 63/120/202
f 63/120/203 64/121/204 66/122/205 65/123/206
f 65/130/207 66/131/208 68/132/209 67/133/210
f 67/133/211 68/132/212 70/134/213 69/135/214
f 69/126/215 70/127/216 72/128/217 71/129/218
f 71/136/219 72/137/220 62/138/221 61/139/222
f 64/114/223 62/115/224 72/116/225 70/117/226 68/118/227 66/119/228
g default
v 10.893528 6.520044 -1.135615
v 10.891926 6.523653 -1.135615
v 10.893528 6.520044 -1.178886
v 10.891926 6.523653 -1.178886
v 10.906989 6.528118 -1.136209
v 10.907352 6.532947 -1.136209
v 10.906358 6.527742 -1.178321
v 10.906722 6.532570 -1.178321
vt 0.279751 0.000047
vt 0.283878 0.000026
vt 0.284098 0.045249
vt 0.279972 0.045269
vt 0.279360 0.018385
vt 0.275247 0.018048
vt 0.274473 0.000000
vt 0.278722 0.002749
vt 0.559744 0.002881
vt 0.563920 0.000023
vt 0.563605 0.018853
vt 0.559503 0.019296
vt 0.707296 0.223998
vt 0.722941 0.224314
vt 0.724483 0.268305
vt 0.708091 0.269214
vt 0.728001 0.224188
vt 0.729542 0.268179
vn -0.258500 -0.727867 0.635128
vn -0.623097 -0.284719 0.728481
vn -0.623123 -0.284697 -0.728468
vn -0.258587 -0.727869 -0.635090
vn -0.258587 -0.727869 -0.635090
vn -0.623123 -0.284697 -0.728468
vn 0.843382 -0.059072 -0.534057
vn 0.685206 -0.388632 -0.616002
vn 0.685206 -0.388632 -0.616002
vn 0.843382 -0.059072 -0.534057
vn 0.851304 -0.059558 0.521281
vn 0.693009 -0.385446 0.609238
vn 0.693009 -0.385446 0.609238
vn 0.851304 -0.059558 0.521281
vn -0.623097 -0.284719 0.728481
vn -0.258500 -0.727867 0.635128
vn -0.258587 -0.727869 -0.635090
vn 0.685206 -0.388632 -0.616002
vn 0.693009 -0.385446 0.609238
vn -0.258500 -0.727867 0.635128
s off
g lightTower lightTowerGrp light3 lightGrp1 polySurface134
usemtl SM_Light_Tower_1_JFGSG
f 73/140/229 74/141/230 76/142/231 75/143/232
f 75/144/233 76/145/234 80/146/235 79/147/236
f 79/153/237 80/156/238 78/157/239 77/154/240
f 77/148/241 78/149/242 74/150/243 73/151/244
f 75/152/245 79/153/246 77/154/247 73/155/248
g default
v 10.706529 6.761376 -1.025341
v 10.796774 6.815196 -1.025341
v 10.708305 6.757373 -1.032110
v 10.798551 6.811193 -1.032110
v 10.711858 6.749367 -1.032110
v 10.802104 6.803188 -1.032110
v 10.713635 6.745364 -1.025341
v 10.803881 6.799185 -1.025341
v 10.711858 6.749367 -1.018573
v 10.802104 6.803188 -1.018573
v 10.708305 6.757373 -1.018573
v 10.798551 6.811193 -1.018573
vt 0.916732 0.158372
vt 0.909495 0.162687
vt 0.902594 0.157854
vt 0.902929 0.148707
vt 0.910165 0.144392
vt 0.917067 0.149224
vt 0.815985 0.613012
vt 0.817170 0.503203
vt 0.826246 0.504398
vt 0.825061 0.614206
vt 0.807584 0.612373
vt 0.808769 0.502565
vt 0.654512 0.422622
vt 0.655763 0.312814
vt 0.664863 0.311822
vt 0.663612 0.421630
vt 0.673276 0.311369
vt 0.672025 0.421177
vt 0.981769 0.245429
vt 0.982331 0.135615
vt 0.990735 0.136206
vt 0.990173 0.246020
vt 0.999145 0.135701
vt 0.998583 0.245515
vn -0.512207 0.858862 -0.000000
vn 0.207390 0.978258 -0.000000
vn 0.382364 0.576638 -0.722001
vn -0.235913 0.395575 -0.887618
vn -0.235913 0.395575 -0.887618
vn 0.382364 0.576638 -0.722001
vn 0.726304 -0.063423 -0.684441
vn 0.235918 -0.395585 -0.887612
vn 0.235918 -0.395585 -0.887612
vn 0.726304 -0.063423 -0.684441
vn 0.926650 -0.375926 -0.000000
vn 0.512207 -0.858862 -0.000000
vn 0.512207 -0.858862 -0.000000
vn 0.926650 -0.375926 -0.000000
vn 0.726304 -0.063422 0.684441
vn 0.235918 -0.395584 0.887612
vn 0.235918 -0.395584 0.887612
vn 0.726304 -0.063422 0.684441
vn 0.382365 0.576639 0.722000
vn -0.235912 0.395575 0.887618
vn -0.235912 0.395575 0.887618
vn 0.382365 0.576639 0.722000
vn 0.207390 0.978258 -0.000000
vn -0.512207 0.858862 -0.000000
vn 0.382364 0.576638 -0.722001
vn 0.207390 0.978258 -0.000000
vn 0.382365 0.576639 0.722000
vn 0.726304 -0.063422 0.684441
vn 0.926650 -0.375926 -0.000000
vn 0.726304 -0.063423 -0.684441
s off
g lightTower lightTowerGrp light3 lightGrp1 polySurface139
usemtl SM_Light_Tower_1_JFGSG
f 81/168/249 82/169/250 84/165/251 83/164/252
f 83/164/253 84/165/254 86/166/255 85/167/256
f 85/176/257 86/177/258 88/178/259 87/179/260
f 87/179/261 88/178/262 90/180/263 89/181/264
f 89/170/265 90/171/266 92/172/267 91/173/268
f 91/173/269 92/172/270 82/174/271 81/175/272
f 84/158/273 82/159/274 92/160/275 90/161/276 88/162/277 86/163/278
g default
v 10.893319 6.523535 -1.042177
v 10.780764 6.777133 -1.042177
v 10.893319 6.523534 -1.270509
v 10.780764 6.777133 -1.270509
v 10.914076 6.535914 -1.042177
v 10.801522 6.789512 -1.042177
v 10.914076 6.535914 -1.270509
v 10.801522 6.789512 -1.270510
v 10.830927 6.791993 -1.261599
v 10.932914 6.562204 -1.261599
v 10.932914 6.562204 -1.048091
v 10.830927 6.791993 -1.048091
v 10.873299 6.776570 -1.248107
v 10.946724 6.611133 -1.248107
v 10.946724 6.611133 -1.061826
v 10.873299 6.776570 -1.061826
v 10.906189 6.750317 -1.227396
v 10.947421 6.657416 -1.227396
v 10.947421 6.657416 -1.083143
v 10.906189 6.750317 -1.083143
vt 0.359445 0.564557
vt 0.157236 0.562273
vt 0.185275 0.519964
vt 0.332204 0.520873
vt 0.373497 0.611912
vt 0.142515 0.609458
vt 0.159027 0.365434
vt 0.186691 0.412643
vt 0.333993 0.414759
vt 0.361728 0.366894
vt 0.145087 0.312006
vt 0.376377 0.313725
vt 0.470259 0.877407
vt 0.469771 0.587439
vt 0.494843 0.584372
vt 0.495331 0.874340
vt 0.525453 0.594417
vt 0.525895 0.857161
vt 0.562257 0.627052
vt 0.562575 0.816215
vt 0.077920 0.317028
vt 0.084276 0.606926
vt 0.059139 0.604452
vt 0.052783 0.314553
vt 0.108078 0.333498
vt 0.113837 0.596179
vt 0.145812 0.373564
vt 0.149958 0.562682
vt 0.770636 0.266034
vt 0.795894 0.265873
vt 0.797416 0.504500
vt 0.772158 0.504661
vt 0.829754 0.274970
vt 0.831177 0.498103
vt 0.114990 0.843641
vt 0.089732 0.843558
vt 0.090517 0.604927
vt 0.115776 0.605011
vt 0.146596 0.611293
vt 0.145861 0.834430
vn 0.342389 -0.574113 -0.743750
vn -0.342389 0.574112 -0.743751
vn -0.132100 0.668697 -0.731706
vn 0.534435 -0.464625 -0.706047
vn 0.534435 -0.464625 -0.706047
vn -0.132100 0.668697 -0.731706
vn 0.260321 0.730831 -0.630967
vn 0.779345 -0.224552 -0.584977
vn 0.519604 -0.484974 0.703429
vn -0.160408 0.668018 0.726651
vn -0.342389 0.574113 0.743750
vn 0.342389 -0.574112 0.743751
vn 0.342389 -0.574113 -0.743750
vn 0.534435 -0.464625 -0.706047
vn 0.519604 -0.484974 0.703429
vn 0.342389 -0.574112 0.743751
vn -0.132100 0.668697 -0.731706
vn -0.342389 0.574112 -0.743751
vn -0.342389 0.574113 0.743750
vn -0.160408 0.668018 0.726651
vn 0.228118 0.712112 0.663972
vn 0.749261 -0.236567 0.618583
vn 0.850117 0.008964 0.526518
vn 0.535972 0.630581 0.561338
vn -0.160408 0.668018 0.726651
vn 0.519604 -0.484974 0.703429
vn 0.749261 -0.236567 0.618583
vn 0.228118 0.712112 0.663972
vn 0.519604 -0.484974 0.703429
vn 0.534435 -0.464625 -0.706047
vn 0.779345 -0.224552 -0.584977
vn 0.749261 -0.236567 0.618583
vn -0.132100 0.668697 -0.731706
vn -0.160408 0.668018 0.726651
vn 0.228118 0.712112 0.663972
vn 0.260321 0.730831 -0.630967
vn 0.533071 0.630405 -0.564291
vn 0.535972 0.630581 0.561338
vn 0.791141 0.529083 0.306867
vn 0.789308 0.527797 -0.313725
vn 0.749261 -0.236567 0.618583
vn 0.779345 -0.224552 -0.584977
vn 0.848403 0.007150 -0.529303
vn 0.850117 0.008964 0.526518
vn 0.260321 0.730831 -0.630967
vn 0.228118 0.712112 0.663972
vn 0.535972 0.630581 0.561338
vn 0.533071 0.630405 -0.564291
vn 0.779345 -0.224552 -0.584977
vn 0.260321 0.730831 -0.630967
vn 0.533071 0.630405 -0.564291
vn 0.848403 0.007150 -0.529303
vn 0.922821 0.238379 -0.302617
vn 0.789308 0.527797 -0.313725
vn 0.791141 0.529083 0.306867
vn 0.924857 0.238856 0.295951
vn 0.848403 0.007150 -0.529303
vn 0.533071 0.630405 -0.564291
vn 0.789308 0.527797 -0.313725
vn 0.922821 0.238379 -0.302617
vn 0.535972 0.630581 0.561338
vn 0.850117 0.008964 0.526518
vn 0.924857 0.238856 0.295951
vn 0.791141 0.529083 0.306867
vn 0.850117 0.008964 0.526518
vn 0.848403 0.007150 -0.529303
vn 0.922821 0.238379 -0.302617
vn 0.924857 0.238856 0.295951
s off
g lightTower lightTowerGrp light3 lightGrp1 polySurface118
usemtl SM_Light_Tower_1_JFGSG
f 95/194/279 96/195/280 100/196/281 99/197/282
f 99/197/283 100/196/284 101/198/285 102/199/286
f 97/202/287 98/203/288 94/204/289 93/205/290
f 95/210/291 99/211/292 97/212/293 93/213/294
f 100/216/295 96/217/296 94/218/297 98/219/298
f 104/207/299 103/206/300 107/208/301 108/209/302
f 98/203/303 97/202/304 103/206/305 104/207/306
f 97/212/307 99/211/308 102/214/309 103/215/310
f 100/216/311 98/219/312 104/220/313 101/221/314
f 105/182/315 108/183/316 112/184/317 109/185/318
f 103/192/319 102/193/320 106/191/321 107/188/322
f 101/186/323 104/187/324 108/183/325 105/182/326
f 102/199/327 101/198/328 105/200/329 106/201/330
f 110/190/331 109/185/332 112/184/333 111/189/334
f 106/191/335 105/182/336 109/185/337 110/190/338
f 108/183/339 107/188/340 111/189/341 112/184/342
f 107/188/343 106/191/344 110/190/345 111/189/346
g default
v 10.641251 6.865005 -1.321586
v 10.669946 6.882118 -1.321586
v 10.648403 6.848891 -1.312504
v 10.677098 6.866004 -1.312504
v 10.648403 6.848891 -1.294339
v 10.677098 6.866004 -1.294339
v 10.641251 6.865005 -1.285256
v 10.669946 6.882118 -1.285256
v 10.634099 6.881119 -1.294339
v 10.662794 6.898233 -1.294339
v 10.634099 6.881119 -1.312504
v 10.662794 6.898233 -1.312504
vt 0.623427 0.746203
vt 0.605369 0.756376
vt 0.586603 0.747578
vt 0.585894 0.728607
vt 0.603953 0.718434
vt 0.622719 0.727232
vt 0.646307 0.757025
vt 0.628121 0.747082
vt 0.628589 0.728103
vt 0.647242 0.719068
vt 0.665428 0.729012
vt 0.664960 0.747990
vt 0.574764 0.620251
vt 0.575735 0.585347
vt 0.596274 0.588126
vt 0.595303 0.623030
vt 0.554224 0.617472
vt 0.555196 0.582568
vt 0.601729 0.657457
vt 0.603667 0.622593
vt 0.624367 0.621534
vt 0.622429 0.656397
vt 0.645066 0.620475
vt 0.643128 0.655338
vt 0.121612 0.347556
vt 0.121401 0.312639
vt 0.140385 0.312524
vt 0.140596 0.347441
vt 0.601939 0.266582
vt 0.601729 0.231665
vt 0.620713 0.231551
vt 0.620923 0.266468
vn -0.550095 -0.244148 -0.798615
vn 0.550097 0.244149 -0.798614
vn 0.869507 -0.290064 -0.399776
vn -0.256118 -0.859993 -0.441379
vn -0.256118 -0.859993 -0.441379
vn 0.869507 -0.290064 -0.399776
vn 0.869506 -0.290064 0.399777
vn -0.256119 -0.859993 0.441379
vn -0.256119 -0.859993 0.441379
vn 0.869506 -0.290064 0.399777
vn 0.550096 0.244148 0.798615
vn -0.550097 -0.244148 0.798614
vn -0.550097 -0.244148 0.798614
vn 0.550096 0.244148 0.798615
vn 0.256117 0.859993 0.441379
vn -0.869507 0.290063 0.399776
vn 0.869507 -0.290064 -0.399776
vn 0.550097 0.244149 -0.798614
vn 0.256118 0.859993 -0.441379
vn 0.256117 0.859993 0.441379
vn 0.550096 0.244148 0.798615
vn 0.869506 -0.290064 0.399777
vn -0.869507 0.290063 0.399776
vn 0.256117 0.859993 0.441379
vn 0.256118 0.859993 -0.441379
vn -0.869507 0.290064 -0.399777
vn -0.869507 0.290064 -0.399777
vn 0.256118 0.859993 -0.441379
vn 0.550097 0.244149 -0.798614
vn -0.550095 -0.244148 -0.798615
vn -0.550095 -0.244148 -0.798615
vn -0.256118 -0.859993 -0.441379
vn -0.256119 -0.859993 0.441379
vn -0.550097 -0.244148 0.798614
vn -0.869507 0.290063 0.399776
vn -0.869507 0.290064 -0.399777
s off
g lightTower lightTowerGrp light3 lightGrp1 polySurface148
usemtl SM_Light_Tower_1_JFGSG
f 113/234/347 114/235/348 116/236/349 115/237/350
f 115/246/351 116/247/352 118/248/353 117/249/354
f 117/240/355 118/241/356 120/242/357 119/243/358
f 119/243/359 120/242/360 122/244/361 121/245/362
f 116/222/363 114/223/364 124/224/365 122/225/366 120/226/367 118/227/368
f 121/250/369 122/251/370 124/252/371 123/253/372
f 123/238/373 124/239/374 114/235/375 113/234/376
f 113/228/377 115/229/378 117/230/379 119/231/380 121/232/381 123/233/382
g default
v 10.925551 6.334368 -1.300784
v 10.958390 6.353953 -1.300784
v 10.929800 6.324794 -1.316972
v 10.962640 6.344379 -1.316972
v 10.938299 6.305646 -1.316972
v 10.971138 6.325231 -1.316972
v 10.942548 6.296073 -1.300784
v 10.975387 6.315657 -1.300784
v 10.938299 6.305646 -1.284595
v 10.971138 6.325231 -1.284595
v 10.929800 6.324794 -1.284595
v 10.962640 6.344379 -1.284595
vt 0.841398 0.715382
vt 0.824090 0.725702
vt 0.807584 0.714143
vt 0.808385 0.692264
vt 0.825694 0.681943
vt 0.842200 0.693502
vt 0.797836 0.712334
vt 0.815019 0.722860
vt 0.815559 0.744748
vt 0.798915 0.756108
vt 0.781732 0.745582
vt 0.781192 0.723694
vt 0.964831 0.131854
vt 0.966957 0.091950
vt 0.988523 0.095724
vt 0.986397 0.135628
vt 0.944820 0.129475
vt 0.946946 0.089571
vt 0.596451 0.621644
vt 0.599390 0.581791
vt 0.621261 0.580775
vt 0.618321 0.620628
vt 0.641411 0.580947
vt 0.638472 0.620799
vt 0.649234 0.718877
vt 0.650348 0.678932
vt 0.670412 0.680803
vt 0.669298 0.720747
vt 0.690549 0.680052
vt 0.689436 0.719997
vn -0.926649 0.375929 -0.000001
vn 0.207391 0.978258 -0.000001
vn 0.382362 0.576642 -0.722000
vn -0.726303 0.063417 -0.684443
vn -0.726303 0.063417 -0.684443
vn 0.382362 0.576642 -0.722000
vn 0.726303 -0.063419 -0.684443
vn -0.382362 -0.576643 -0.721999
vn -0.382362 -0.576643 -0.721999
vn 0.726303 -0.063419 -0.684443
vn 0.926649 -0.375928 -0.000000
vn -0.207392 -0.978258 -0.000000
vn -0.207392 -0.978258 -0.000000
vn 0.926649 -0.375928 -0.000000
vn 0.726303 -0.063420 0.684443
vn -0.382361 -0.576644 0.721999
vn 0.382362 0.576642 -0.722000
vn 0.207391 0.978258 -0.000001
vn 0.382363 0.576642 0.721999
vn 0.726303 -0.063420 0.684443
vn 0.926649 -0.375928 -0.000000
vn 0.726303 -0.063419 -0.684443
vn -0.382361 -0.576644 0.721999
vn 0.726303 -0.063420 0.684443
vn 0.382363 0.576642 0.721999
vn -0.726303 0.063417 0.684443
vn -0.726303 0.063417 0.684443
vn 0.382363 0.576642 0.721999
vn 0.207391 0.978258 -0.000001
vn -0.926649 0.375929 -0.000001
vn -0.926649 0.375929 -0.000001
vn -0.726303 0.063417 -0.684443
vn -0.382362 -0.576643 -0.721999
vn -0.207392 -0.978258 -0.000000
vn -0.382361 -0.576644 0.721999
vn -0.726303 0.063417 0.684443
s off
g lightTower lightTowerGrp light3 lightGrp1 polySurface137
usemtl SM_Light_Tower_1_JFGSG
f 125/270/383 126/271/384 128/267/385 127/266/386
f 127/266/387 128/267/388 130/268/389 129/269/390
f 129/278/391 130/279/392 132/280/393 131/281/394
f 131/281/395 132/280/396 134/282/397 133/283/398
f 128/254/399 126/255/400 136/256/401 134/257/402 132/258/403 130/259/404
f 133/272/405 134/273/406 136/274/407 135/275/408
f 135/275/409 136/274/410 126/276/411 125/277/412
f 125/260/413 127/261/414 129/262/415 131/263/416 133/264/417 135/265/418
g default
v 10.708243 6.769166 -1.291926
v 10.724047 6.778592 -1.291926
v 10.710735 6.763550 -1.301422
v 10.726540 6.772976 -1.301422
v 10.715721 6.752318 -1.301422
v 10.731525 6.761743 -1.301422
v 10.718213 6.746702 -1.291926
v 10.734018 6.756127 -1.291926
v 10.715721 6.752318 -1.282429
v 10.731525 6.761743 -1.282429
v 10.710735 6.763550 -1.282429
v 10.726540 6.772976 -1.282429
vt 0.890760 0.247767
vt 0.880607 0.253821
vt 0.870924 0.247041
vt 0.871394 0.234206
vt 0.881547 0.228152
vt 0.891230 0.234933
vt 0.373968 0.496826
vt 0.384048 0.503001
vt 0.384364 0.515840
vt 0.374601 0.522504
vt 0.364521 0.516329
vt 0.364205 0.503490
vt 0.876202 0.158857
vt 0.877336 0.139659
vt 0.889974 0.141946
vt 0.888840 0.161144
vt 0.901704 0.143409
vt 0.900570 0.162608
vt 0.507981 0.291527
vt 0.509640 0.272367
vt 0.522476 0.271935
vt 0.520817 0.291095
vt 0.496163 0.291275
vt 0.497822 0.272115
vt 0.365342 0.534150
vt 0.384564 0.534752
vt 0.383427 0.546518
vt 0.364205 0.545916
vt 0.364943 0.522336
vt 0.384165 0.522938
vn -0.926649 0.375927 -0.000001
vn 0.207394 0.978258 -0.000001
vn 0.382360 0.576644 -0.721999
vn -0.726303 0.063420 -0.684442
vn -0.726303 0.063420 -0.684442
vn 0.382360 0.576644 -0.721999
vn 0.726302 -0.063418 -0.684444
vn -0.382362 -0.576642 -0.721999
vn -0.382362 -0.576642 -0.721999
vn 0.726302 -0.063418 -0.684444
vn 0.926649 -0.375928 -0.000001
vn -0.207392 -0.978258 -0.000001
vn -0.207392 -0.978258 -0.000001
vn 0.926649 -0.375928 -0.000001
vn 0.726303 -0.063418 0.684443
vn -0.382362 -0.576642 0.721999
vn 0.382360 0.576644 -0.721999
vn 0.207394 0.978258 -0.000001
vn 0.382360 0.576645 0.721998
vn 0.726303 -0.063418 0.684443
vn 0.926649 -0.375928 -0.000001
vn 0.726302 -0.063418 -0.684444
vn -0.382362 -0.576642 0.721999
vn 0.726303 -0.063418 0.684443
vn 0.382360 0.576645 0.721998
vn -0.726304 0.063421 0.684442
vn -0.726304 0.063421 0.684442
vn 0.382360 0.576645 0.721998
vn 0.207394 0.978258 -0.000001
vn -0.926649 0.375927 -0.000001
vn -0.926649 0.375927 -0.000001
vn -0.726303 0.063420 -0.684442
vn -0.382362 -0.576642 -0.721999
vn -0.207392 -0.978258 -0.000001
vn -0.382362 -0.576642 0.721999
vn -0.726304 0.063421 0.684442
s off
g lightTower lightTowerGrp light3 lightGrp1 polySurface131
usemtl SM_Light_Tower_1_JFGSG
f 137/308/419 138/309/420 140/310/421 139/311/422
f 139/296/423 140/297/424 142/298/425 141/299/426
f 141/299/427 142/298/428 144/300/429 143/301/430
f 143/306/431 144/307/432 146/303/433 145/302/434
f 140/284/435 138/285/436 148/286/437 146/287/438 144/288/439 142/289/440
f 145/302/441 146/303/442 148/304/443 147/305/444
f 147/312/445 148/313/446 138/309/447 137/308/448
f 137/290/449 139/291/450 141/292/451 143/293/452 145/294/453 147/295/454
g default
v 10.865200 6.519209 -1.043932
v 10.758845 6.758839 -1.043932
v 10.865200 6.519209 -1.276378
v 10.758845 6.758839 -1.276378
v 10.894839 6.518003 -1.029357
v 10.775232 6.787494 -1.029357
v 10.894839 6.518003 -1.290954
v 10.775232 6.787493 -1.290954
v 10.871826 6.504278 -1.290954
v 10.871826 6.504279 -1.029357
v 10.752219 6.773769 -1.029357
v 10.752219 6.773769 -1.290954
v 10.882453 6.529498 -1.276378
v 10.882453 6.529498 -1.043932
v 10.776098 6.769128 -1.043932
v 10.776098 6.769128 -1.276378
vt 0.273285 0.000026
vt 0.282041 0.308042
vt 0.008755 0.315810
vt 0.000000 0.007795
vt 0.302979 0.293492
vt 0.545899 0.291224
vt 0.561290 0.308153
vt 0.287906 0.310705
vt 0.543341 0.017239
vt 0.558413 0.000026
vt 0.300421 0.019507
vt 0.285030 0.002579
vt 0.387824 0.587307
vt 0.380039 0.313421
vt 0.622872 0.306519
vt 0.630657 0.580405
vt 0.708482 0.592713
vt 0.707296 0.284576
vt 0.735084 0.281115
vt 0.736271 0.589252
vt 0.671773 0.003241
vt 0.673260 0.311377
vt 0.645442 0.308158
vt 0.643956 0.000022
vt 0.254460 0.884682
vt 0.253360 0.610688
vt 0.274213 0.613118
vt 0.275313 0.887113
vt 0.280661 0.887719
vt 0.279751 0.613723
vt 0.300586 0.611140
vt 0.301496 0.885135
vt 0.923707 0.431653
vt 0.924000 0.188723
vt 0.944994 0.188748
vt 0.944702 0.431678
vt 0.058062 0.606961
vt 0.086065 0.606921
vt 0.086454 0.880317
vt 0.058451 0.880356
vt 0.334535 0.292817
vt 0.306532 0.292857
vt 0.306143 0.019461
vt 0.334146 0.019421
vt 0.306143 0.854383
vt 0.306436 0.611453
vt 0.327430 0.611478
vt 0.327137 0.854408
vn -0.710406 -0.627130 -0.319423
vn -0.710406 -0.627130 0.319423
vn -0.271769 -0.731311 0.625560
vn -0.271769 -0.731312 -0.625560
vn -0.271769 -0.731312 -0.625560
vn -0.785427 0.217218 -0.579587
vn 0.271769 0.731311 -0.625560
vn 0.785427 -0.217218 -0.579587
vn 0.785427 -0.217218 -0.579587
vn 0.271769 0.731311 -0.625560
vn 0.271769 0.731312 0.625560
vn 0.785427 -0.217218 0.579587
vn 0.785427 -0.217218 0.579587
vn 0.271769 0.731312 0.625560
vn -0.785427 0.217218 0.579587
vn -0.271769 -0.731311 0.625560
vn -0.271769 -0.731312 -0.625560
vn 0.785427 -0.217218 -0.579587
vn 0.785427 -0.217218 0.579587
vn -0.271769 -0.731311 0.625560
vn 0.271769 0.731311 -0.625560
vn -0.785427 0.217218 -0.579587
vn -0.785427 0.217218 0.579587
vn 0.271769 0.731312 0.625560
vn -0.945370 -0.126107 -0.300620
vn -0.945370 -0.126107 0.300620
vn -0.271769 -0.731312 -0.625560
vn -0.271769 -0.731311 0.625560
vn -0.710406 -0.627130 -0.319423
vn -0.945370 -0.126107 -0.300620
vn -0.271769 -0.731311 0.625560
vn -0.785427 0.217218 0.579587
vn -0.710406 -0.627130 0.319423
vn -0.710406 -0.627130 -0.319423
vn -0.785427 0.217218 0.579587
vn -0.785427 0.217218 -0.579587
vn -0.945370 -0.126107 0.300620
vn -0.710406 -0.627130 0.319423
vn -0.785427 0.217218 -0.579587
vn -0.271769 -0.731312 -0.625560
vn -0.785427 0.217218 -0.579587
vn -0.271769 -0.731312 -0.625560
vn -0.271769 -0.731311 0.625560
vn -0.785427 0.217218 0.579587
vn -0.945370 -0.126107 0.300620
vn -0.945370 -0.126107 -0.300620
vn -0.785427 0.217218 -0.579587
vn -0.785427 0.217218 0.579587
vn -0.710406 -0.627130 0.319423
vn -0.945370 -0.126107 0.300620
vn -0.785427 0.217218 0.579587
vn -0.271769 -0.731311 0.625560
vn -0.945370 -0.126107 -0.300620
vn -0.710406 -0.627130 -0.319423
vn -0.271769 -0.731312 -0.625560
vn -0.785427 0.217218 -0.579587
s off
g lightTower lightTowerGrp light3 lightGrp1 polySurface146
usemtl SM_Light_Tower_1_JFGSG
f 150/346/455 152/347/456 164/348/457 163/349/458
f 157/330/459 160/331/460 156/332/461 155/333/462
f 155/314/463 156/315/464 154/316/465 153/317/466
f 153/334/467 154/335/468 159/336/469 158/337/470
f 157/350/471 155/351/472 153/352/473 158/353/474
f 156/354/475 160/355/476 159/356/477 154/357/478
f 149/318/479 151/319/480 157/320/481 158/321/482
f 150/324/483 149/318/484 158/321/485 159/325/486
f 152/322/487 150/324/488 159/325/489 160/323/490
f 151/319/491 152/322/492 160/323/493 157/320/494
f 162/326/495 163/327/496 164/328/497 161/329/498
f 151/358/499 149/359/500 162/360/501 161/361/502
f 152/338/503 151/339/504 161/340/505 164/341/506
f 149/342/507 150/343/508 163/344/509 162/345/510
g default
v 10.964042 6.342157 -1.302647
v 10.985057 6.358586 -1.302647
v 10.966547 6.336511 -1.312193
v 10.988287 6.351308 -1.314953
v 10.971559 6.325219 -1.312193
v 10.994747 6.336752 -1.314953
v 10.974065 6.319573 -1.302647
v 10.997978 6.329474 -1.302647
v 10.971559 6.325219 -1.293101
v 10.994747 6.336752 -1.290341
v 10.966547 6.336511 -1.293101
v 10.988287 6.351308 -1.290341
v 10.663175 6.890326 -1.302647
v 10.730120 6.930421 -1.302647
v 10.665356 6.885411 -1.310957
v 10.732331 6.925439 -1.311071
v 10.669719 6.875582 -1.310957
v 10.736754 6.915475 -1.311071
v 10.671900 6.870667 -1.302647
v 10.738965 6.910493 -1.302647
v 10.669719 6.875582 -1.294337
v 10.736754 6.915475 -1.294223
v 10.665356 6.885411 -1.294337
v 10.732331 6.925439 -1.294223
v 10.982268 6.366560 -1.302647
v 10.742564 6.906644 -1.302647
v 10.987968 6.369959 -1.313819
v 10.748264 6.910043 -1.313819
v 10.999368 6.376758 -1.313819
v 10.759663 6.916842 -1.313819
v 11.005068 6.380157 -1.302647
v 10.765363 6.920241 -1.302647
v 10.999368 6.376758 -1.291475
v 10.759663 6.916842 -1.291475
v 10.987968 6.369959 -1.291475
v 10.748264 6.910043 -1.291475
v 10.987842 6.357995 -1.302647
v 10.994492 6.356756 -1.290908
v 11.013079 6.352118 -1.290908
v 11.019729 6.350879 -1.302647
v 11.013079 6.352118 -1.314386
v 10.994492 6.356756 -1.314386
v 10.753804 6.938104 -1.312445
v 10.743626 6.916581 -1.312445
v 10.741881 6.912390 -1.302647
v 10.743626 6.916581 -1.292849
v 10.753804 6.938104 -1.292849
v 10.755549 6.942294 -1.302647
vt 0.037950 0.349334
vt 0.029378 0.966879
vt 0.015835 0.965823
vt 0.024404 0.348418
vt 0.051518 0.348795
vt 0.042942 0.966199
vt 0.029028 0.992137
vt 0.018281 0.988737
vt 0.024907 0.319055
vt 0.038428 0.314996
vt 0.039865 0.989035
vt 0.051832 0.319429
vt 0.670621 0.642176
vt 0.684826 0.024318
vt 0.698342 0.026037
vt 0.684156 0.642982
vt 0.687739 0.016115
vt 0.698473 0.020179
vt 0.711902 0.024938
vt 0.697733 0.642802
vt 0.683910 0.653490
vt 0.670347 0.657742
vt 0.709376 0.016611
vt 0.697244 0.658387
vt 0.886743 0.835347
vt 0.914182 0.832064
vt 0.913187 0.848678
vt 0.885971 0.848235
vt 0.922579 0.829988
vt 0.937593 0.843234
vt 0.922884 0.814589
vt 0.936731 0.813771
vt 0.960549 0.198198
vt 0.974397 0.197380
vt 0.959387 0.189779
vt 0.979259 0.174804
vt 0.952363 0.187403
vt 0.953195 0.176041
vt 0.871744 0.179950
vt 0.870924 0.191159
vt 0.871914 0.169606
vt 0.953367 0.165556
vt 0.684235 0.000734
vt 0.711445 0.000025
vt 0.712603 0.016628
vt 0.685134 0.013614
vt 0.735904 0.005230
vt 0.721021 0.018621
vt 0.735331 0.034700
vt 0.721476 0.034017
vt 0.779033 0.650691
vt 0.765178 0.650009
vt 0.784116 0.673219
vt 0.764098 0.658440
vt 0.758041 0.672238
vt 0.757098 0.660884
vt 0.675626 0.657926
vt 0.676556 0.669127
vt 0.758316 0.682720
vt 0.676827 0.679468
vt 0.369210 0.781448
vt 0.368258 0.754518
vt 0.382834 0.753524
vt 0.381736 0.782209
vt 0.356769 0.783091
vt 0.353648 0.754556
vt 0.368162 0.751806
vt 0.380251 0.745023
vt 0.355624 0.745893
vt 0.852350 0.594282
vt 0.849811 0.566549
vt 0.864771 0.568040
vt 0.864281 0.594689
vt 0.851319 0.540977
vt 0.865344 0.536915
vt 0.879777 0.567101
vt 0.876218 0.594722
vt 0.879211 0.541490
vt 0.971212 0.088932
vt 0.973884 0.007415
vt 0.984312 0.008515
vt 0.981507 0.089952
vt 0.974251 0.000001
vt 0.984436 0.004894
vt 0.994785 0.008132
vt 0.991855 0.089645
vt 0.994928 0.000710
vt 0.564781 0.279449
vt 0.575483 0.275869
vt 0.575691 0.305198
vt 0.565211 0.305540
vt 0.586235 0.279297
vt 0.586176 0.305391
vn -0.615891 0.787831 -0.000002
vn -0.542294 0.840189 -0.000001
vn -0.264399 0.379171 -0.886748
vn -0.344046 0.342418 -0.874289
vn -0.344046 0.342418 -0.874289
vn -0.264399 0.379171 -0.886748
vn 0.248152 -0.415341 -0.875164
vn 0.116283 -0.446156 -0.887369
vn 0.116283 -0.446156 -0.887369
vn 0.248152 -0.415341 -0.875164
vn 0.543044 -0.839704 -0.000000
vn 0.382528 -0.923944 -0.000001
vn 0.382528 -0.923944 -0.000001
vn 0.543044 -0.839704 -0.000000
vn 0.248152 -0.415340 0.875164
vn 0.116280 -0.446155 0.887369
vn 0.116280 -0.446155 0.887369
vn 0.248152 -0.415340 0.875164
vn -0.264399 0.379173 0.886747
vn -0.344046 0.342421 0.874288
vn -0.344046 0.342421 0.874288
vn -0.264399 0.379173 0.886747
vn -0.542294 0.840189 -0.000001
vn -0.615891 0.787831 -0.000002
vn -0.513812 0.857903 -0.000000
vn -0.493715 0.869624 -0.000001
vn -0.272537 0.430099 -0.860661
vn -0.237475 0.394833 -0.887532
vn -0.237475 0.394833 -0.887532
vn -0.272537 0.430099 -0.860661
vn 0.131205 -0.414835 -0.900387
vn 0.234355 -0.396323 -0.887697
vn 0.234355 -0.396323 -0.887697
vn 0.131205 -0.414835 -0.900387
vn 0.372791 -0.927915 0.000001
vn 0.510604 -0.859816 0.000000
vn 0.510604 -0.859816 0.000000
vn 0.372791 -0.927915 0.000001
vn 0.131206 -0.414835 0.900387
vn 0.234356 -0.396323 0.887697
vn 0.234356 -0.396323 0.887697
vn 0.131206 -0.414835 0.900387
vn -0.272537 0.430100 0.860661
vn -0.237475 0.394833 0.887532
vn -0.237475 0.394833 0.887532
vn -0.272537 0.430100 0.860661
vn -0.493715 0.869624 -0.000001
vn -0.513812 0.857903 -0.000000
vn -0.897872 -0.440256 -0.000000
vn -0.924759 -0.380553 -0.000000
vn -0.461640 -0.156788 -0.873101
vn -0.459528 -0.217849 -0.861032
vn -0.459528 -0.217849 -0.861032
vn -0.461640 -0.156788 -0.873101
vn 0.426875 0.208472 -0.879953
vn 0.440720 0.223983 -0.869251
vn 0.440720 0.223983 -0.869251
vn 0.426875 0.208472 -0.879953
vn 0.925476 0.378806 -0.000000
vn 0.898638 0.438691 -0.000000
vn 0.898638 0.438691 -0.000000
vn 0.925476 0.378806 -0.000000
vn 0.426876 0.208472 0.879953
vn 0.440721 0.223984 0.869251
vn 0.440721 0.223984 0.869251
vn 0.426876 0.208472 0.879953
vn -0.461640 -0.156788 0.873101
vn -0.459528 -0.217849 0.861032
vn -0.459528 -0.217849 0.861032
vn -0.461640 -0.156788 0.873101
vn -0.924759 -0.380553 -0.000000
vn -0.897872 -0.440256 -0.000000
vn 0.211947 0.557362 -0.802761
vn -0.270626 -0.223408 -0.936403
vn 0.131205 -0.414835 -0.900387
vn -0.272537 0.430099 -0.860661
vn -0.270626 -0.223408 -0.936403
vn -0.513793 -0.857914 0.000001
vn 0.372791 -0.927915 0.000001
vn 0.131205 -0.414835 -0.900387
vn -0.513793 -0.857914 0.000001
vn -0.270625 -0.223408 0.936403
vn 0.131206 -0.414835 0.900387
vn 0.372791 -0.927915 0.000001
vn -0.270625 -0.223408 0.936403
vn 0.211948 0.557362 0.802761
vn -0.272537 0.430100 0.860661
vn 0.131206 -0.414835 0.900387
vn 0.211948 0.557362 0.802761
vn 0.414646 0.909983 -0.000001
vn -0.493715 0.869624 -0.000001
vn -0.272537 0.430100 0.860661
vn 0.414646 0.909983 -0.000001
vn 0.211947 0.557362 -0.802761
vn -0.272537 0.430099 -0.860661
vn -0.493715 0.869624 -0.000001
vn -0.459528 -0.217849 -0.861032
vn 0.440720 0.223983 -0.869251
vn 0.605575 -0.087315 -0.790984
vn -0.231342 0.097037 -0.968021
vn 0.440720 0.223983 -0.869251
vn 0.898638 0.438691 -0.000000
vn 0.989299 -0.145904 -0.000000
vn 0.605575 -0.087315 -0.790984
vn 0.898638 0.438691 -0.000000
vn 0.440721 0.223984 0.869251
vn 0.605577 -0.087313 0.790983
vn 0.989299 -0.145904 -0.000000
vn 0.440721 0.223984 0.869251
vn -0.459528 -0.217849 0.861032
vn -0.231341 0.097038 0.968021
vn 0.605577 -0.087313 0.790983
vn -0.459528 -0.217849 0.861032
vn -0.897872 -0.440256 -0.000000
vn -0.951886 0.306453 -0.000001
vn -0.231341 0.097038 0.968021
vn -0.897872 -0.440256 -0.000000
vn -0.459528 -0.217849 -0.861032
vn -0.231342 0.097037 -0.968021
vn -0.951886 0.306453 -0.000001
vn -0.231341 0.097038 0.968021
vn -0.951886 0.306453 -0.000001
vn -0.542294 0.840189 -0.000001
vn -0.264399 0.379173 0.886747
vn 0.605577 -0.087313 0.790983
vn -0.231341 0.097038 0.968021
vn -0.264399 0.379173 0.886747
vn 0.248152 -0.415340 0.875164
vn 0.989299 -0.145904 -0.000000
vn 0.605577 -0.087313 0.790983
vn 0.248152 -0.415340 0.875164
vn 0.543044 -0.839704 -0.000000
vn 0.605575 -0.087315 -0.790984
vn 0.989299 -0.145904 -0.000000
vn 0.543044 -0.839704 -0.000000
vn 0.248152 -0.415341 -0.875164
vn -0.231342 0.097037 -0.968021
vn 0.605575 -0.087315 -0.790984
vn 0.248152 -0.415341 -0.875164
vn -0.264399 0.379171 -0.886748
vn -0.951886 0.306453 -0.000001
vn -0.231342 0.097037 -0.968021
vn -0.264399 0.379171 -0.886748
vn -0.542294 0.840189 -0.000001
vn 0.925476 0.378806 -0.000000
vn 0.426875 0.208472 -0.879953
vn 0.211947 0.557362 -0.802761
vn 0.414646 0.909983 -0.000001
vn 0.426876 0.208472 0.879953
vn 0.925476 0.378806 -0.000000
vn 0.414646 0.909983 -0.000001
vn 0.211948 0.557362 0.802761
vn -0.461640 -0.156788 0.873101
vn 0.426876 0.208472 0.879953
vn 0.211948 0.557362 0.802761
vn -0.270625 -0.223408 0.936403
vn -0.924759 -0.380553 -0.000000
vn -0.461640 -0.156788 0.873101
vn -0.270625 -0.223408 0.936403
vn -0.513793 -0.857914 0.000001
vn -0.461640 -0.156788 -0.873101
vn -0.924759 -0.380553 -0.000000
vn -0.513793 -0.857914 0.000001
vn -0.270626 -0.223408 -0.936403
vn 0.426875 0.208472 -0.879953
vn -0.461640 -0.156788 -0.873101
vn -0.270626 -0.223408 -0.936403
vn 0.211947 0.557362 -0.802761
s off
g lightTower lightTowerGrp light3 lightGrp1 polySurface130
usemtl SM_Light_Tower_1_JFGSG
f 165/422/511 166/423/512 168/424/513 167/425/514
f 167/386/515 168/387/516 170/388/517 169/389/518
f 169/431/519 170/432/520 172/433/521 171/434/522
f 171/434/523 172/433/524 174/437/525 173/438/526
f 173/404/527 174/405/528 176/406/529 175/407/530
f 175/426/531 176/427/532 166/423/533 165/422/534
f 177/402/535 178/403/536 180/399/537 179/400/538
f 179/400/539 180/399/540 182/398/541 181/401/542
f 181/440/543 182/441/544 184/442/545 183/443/546
f 183/443/547 184/442/548 186/446/549 185/447/550
f 185/418/551 186/417/552 188/416/553 187/419/554
f 187/419/555 188/416/556 178/420/557 177/421/558
f 189/377/559 190/376/560 192/380/561 191/381/562
f 191/392/563 192/394/564 194/395/565 193/393/566
f 193/366/567 194/367/568 196/363/569 195/362/570
f 195/362/571 196/363/572 198/364/573 197/365/574
f 197/410/575 198/412/576 200/413/577 199/411/578
f 199/374/579 200/375/580 190/376/581 189/377/582
f 207/397/583 208/396/584 182/398/585 180/399/586
f 208/444/587 209/445/588 184/442/589 182/441/590
f 209/445/591 210/448/592 186/446/593 184/442/594
f 210/415/595 211/414/596 188/416/597 186/417/598
f 211/449/599 212/450/600 178/451/601 188/452/602
f 212/450/603 207/453/604 180/454/605 178/451/606
f 191/392/607 193/393/608 205/391/609 206/390/610
f 193/366/611 195/362/612 204/371/613 205/373/614
f 195/362/615 197/365/616 203/370/617 204/371/618
f 197/410/619 199/411/620 202/409/621 203/408/622
f 199/374/623 189/377/624 201/382/625 202/383/626
f 189/377/627 191/381/628 206/385/629 201/382/630
f 202/430/631 201/428/632 166/423/633 176/427/634
f 203/408/635 202/409/636 176/406/637 174/405/638
f 204/436/639 203/439/640 174/437/641 172/433/642
f 205/435/643 204/436/644 172/433/645 170/432/646
f 206/390/647 205/391/648 170/388/649 168/387/650
f 201/428/651 206/429/652 168/424/653 166/423/654
f 196/363/655 194/367/656 207/372/657 212/368/658
f 198/364/659 196/363/660 212/368/661 211/369/662
f 200/413/663 198/412/664 211/414/665 210/415/666
f 190/376/667 200/375/668 210/378/669 209/379/670
f 192/380/671 190/376/672 209/379/673 208/384/674
f 194/395/675 192/394/676 208/396/677 207/397/678
g default
v 10.828105 6.710081 -1.041595
v 10.827933 6.710469 -1.052497
v 10.869207 6.622907 -1.040007
v 10.869235 6.622845 -1.051749
v 10.869306 6.736565 -1.047393
v 10.868902 6.736244 -1.055018
v 10.910967 6.650656 -1.045444
v 10.910563 6.650335 -1.054290
vt 0.629261 0.000528
vt 0.640652 0.000025
vt 0.640393 0.101267
vt 0.628121 0.101260
vt 0.744244 0.000075
vt 0.753504 0.000026
vt 0.753523 0.099813
vt 0.745536 0.099872
vt 0.886759 0.000022
vt 0.939136 0.005907
vt 0.941581 0.105682
vt 0.890278 0.100699
vt 0.727311 0.171839
vt 0.715039 0.171806
vt 0.712574 0.119922
vt 0.721821 0.119419
vt 0.533911 0.135539
vt 0.541880 0.136076
vt 0.539235 0.186661
vt 0.527833 0.186724
vn -0.763881 0.203222 0.612525
vn -0.962333 0.271572 0.012811
vn -0.293644 -0.955907 0.003730
vn -0.216754 -0.712182 0.667694
vn -0.216754 -0.712182 0.667694
vn -0.293644 -0.955907 0.003730
vn 0.971985 -0.231861 -0.038552
vn 0.830511 -0.166231 0.531618
vn 0.830511 -0.166231 0.531618
vn 0.971985 -0.231861 -0.038552
vn 0.310395 0.950032 -0.033078
vn 0.286516 0.768947 0.571514
vn 0.286516 0.768947 0.571514
vn 0.310395 0.950032 -0.033078
vn -0.962333 0.271572 0.012811
vn -0.763881 0.203222 0.612525
vn -0.216754 -0.712182 0.667694
vn 0.830511 -0.166231 0.531618
vn 0.286516 0.768947 0.571514
vn -0.763881 0.203222 0.612525
s off
g lightTower lightTowerGrp light3 lightGrp1 polySurface112
usemtl SM_Light_Tower_1_JFGSG
f 213/455/679 214/456/680 216/457/681 215/458/682
f 215/467/683 216/468/684 220/469/685 219/470/686
f 219/459/687 220/460/688 218/461/689 217/462/690
f 217/471/691 218/472/692 214/473/693 213/474/694
f 215/463/695 219/464/696 217/465/697 213/466/698
g default
v 10.877654 6.541843 -1.059927
v 10.781659 6.758131 -1.059927
v 10.877654 6.541843 -1.254667
v 10.781659 6.758131 -1.254667
v 10.859950 6.531285 -1.059927
v 10.763955 6.747573 -1.059927
v 10.859950 6.531285 -1.254667
v 10.763955 6.747573 -1.254667
v 10.747889 6.725151 -1.247068
v 10.834871 6.529169 -1.247068
v 10.834871 6.529169 -1.064971
v 10.747889 6.725151 -1.064971
v 10.736111 6.683421 -1.235561
v 10.798734 6.542323 -1.235561
v 10.798734 6.542323 -1.076685
v 10.736111 6.683421 -1.076685
v 10.735516 6.643947 -1.217896
v 10.770682 6.564714 -1.217896
v 10.770682 6.564714 -1.094866
v 10.735516 6.643947 -1.094866
vt 0.522792 0.062876
vt 0.499501 0.103996
vt 0.374207 0.104587
vt 0.350282 0.064616
vt 0.524379 0.231600
vt 0.500897 0.194647
vt 0.375216 0.195994
vt 0.351531 0.232356
vt 0.534705 0.017371
vt 0.337813 0.019207
vt 0.339386 0.272743
vt 0.536787 0.271848
vt 0.843364 0.269696
vt 0.821922 0.271775
vt 0.827711 0.024535
vt 0.849153 0.022457
vt 0.796039 0.262555
vt 0.801284 0.038528
vt 0.765357 0.233942
vt 0.769134 0.072654
vt 0.441249 0.585874
vt 0.462693 0.587935
vt 0.468688 0.835169
vt 0.447245 0.833109
vt 0.421491 0.819122
vt 0.416059 0.595099
vt 0.389229 0.785025
vt 0.385318 0.623739
vt 0.249059 0.610639
vt 0.248405 0.814162
vt 0.226863 0.814093
vt 0.227517 0.610570
vt 0.200576 0.808737
vt 0.201188 0.618428
vt 0.178171 0.813761
vt 0.176579 0.610244
vt 0.198121 0.610075
vt 0.199713 0.813592
vt 0.149282 0.806044
vt 0.147793 0.615741
vn 0.342389 -0.574113 -0.743750
vn 0.132102 -0.668697 -0.731706
vn -0.534436 0.464623 -0.706048
vn -0.342389 0.574112 -0.743751
vn 0.132102 -0.668697 -0.731706
vn -0.260319 -0.730832 -0.630966
vn -0.779347 0.224550 -0.584975
vn -0.534436 0.464623 -0.706048
vn 0.160411 -0.668017 0.726651
vn 0.342389 -0.574112 0.743751
vn -0.342389 0.574113 0.743750
vn -0.519605 0.484973 0.703429
vn 0.342389 -0.574113 -0.743750
vn 0.342389 -0.574112 0.743751
vn 0.160411 -0.668017 0.726651
vn 0.132102 -0.668697 -0.731706
vn -0.534436 0.464623 -0.706048
vn -0.519605 0.484973 0.703429
vn -0.342389 0.574113 0.743750
vn -0.342389 0.574112 -0.743751
vn -0.749262 0.236565 0.618582
vn -0.850117 -0.008964 0.526518
vn -0.535973 -0.630580 0.561338
vn -0.228116 -0.712113 0.663972
vn -0.519605 0.484973 0.703429
vn -0.749262 0.236565 0.618582
vn -0.228116 -0.712113 0.663972
vn 0.160411 -0.668017 0.726651
vn 0.160411 -0.668017 0.726651
vn -0.228116 -0.712113 0.663972
vn -0.260319 -0.730832 -0.630966
vn 0.132102 -0.668697 -0.731706
vn -0.534436 0.464623 -0.706048
vn -0.779347 0.224550 -0.584975
vn -0.749262 0.236565 0.618582
vn -0.519605 0.484973 0.703429
vn -0.848403 -0.007150 -0.529303
vn -0.922821 -0.238379 -0.302617
vn -0.924857 -0.238856 0.295951
vn -0.850117 -0.008964 0.526518
vn -0.228116 -0.712113 0.663972
vn -0.535973 -0.630580 0.561338
vn -0.533072 -0.630405 -0.564291
vn -0.260319 -0.730832 -0.630966
vn -0.779347 0.224550 -0.584975
vn -0.848403 -0.007150 -0.529303
vn -0.850117 -0.008964 0.526518
vn -0.749262 0.236565 0.618582
vn -0.260319 -0.730832 -0.630966
vn -0.533072 -0.630405 -0.564291
vn -0.848403 -0.007150 -0.529303
vn -0.779347 0.224550 -0.584975
vn -0.789308 -0.527797 -0.313725
vn -0.791140 -0.529083 0.306867
vn -0.924857 -0.238856 0.295951
vn -0.922821 -0.238379 -0.302617
vn -0.533072 -0.630405 -0.564291
vn -0.789308 -0.527797 -0.313725
vn -0.922821 -0.238379 -0.302617
vn -0.848403 -0.007150 -0.529303
vn -0.850117 -0.008964 0.526518
vn -0.924857 -0.238856 0.295951
vn -0.791140 -0.529083 0.306867
vn -0.535973 -0.630580 0.561338
vn -0.535973 -0.630580 0.561338
vn -0.791140 -0.529083 0.306867
vn -0.789308 -0.527797 -0.313725
vn -0.533072 -0.630405 -0.564291
s off
g lightTower lightTowerGrp light3 lightGrp1 polySurface126
usemtl SM_Light_Tower_1_JFGSG
f 223/487/699 227/488/700 228/489/701 224/490/702
f 227/488/703 230/491/704 229/492/705 228/489/706
f 225/495/707 221/496/708 222/497/709 226/498/710
f 223/503/711 221/504/712 225/505/713 227/506/714
f 228/509/715 226/510/716 222/511/717 224/512/718
f 232/499/719 236/501/720 235/502/721 231/500/722
f 226/498/723 232/499/724 231/500/725 225/495/726
f 225/505/727 231/507/728 230/508/729 227/506/730
f 228/509/731 229/513/732 232/514/733 226/510/734
f 233/475/735 237/476/736 240/477/737 236/478/738
f 231/485/739 235/482/740 234/479/741 230/486/742
f 229/483/743 233/475/744 236/478/745 232/484/746
f 230/491/747 234/493/748 233/494/749 229/492/750
f 238/480/751 239/481/752 240/477/753 237/476/754
f 234/479/755 238/480/756 237/476/757 233/475/758
f 236/478/759 240/477/760 239/481/761 235/482/762
f 235/482/763 239/481/764 238/480/765 234/479/766
g default
v 10.668761 6.881411 -1.287313
v 10.668761 6.881411 -1.039812
v 10.668075 6.865012 -1.287313
v 10.668075 6.865012 -1.039812
v 10.655480 6.857500 -1.287313
v 10.655480 6.857500 -1.039812
v 10.643571 6.866389 -1.287313
v 10.643571 6.866389 -1.039812
v 10.644257 6.882788 -1.287313
v 10.644257 6.882788 -1.039812
v 10.656852 6.890299 -1.287313
v 10.656852 6.890299 -1.039812
vt 0.580311 0.275875
vt 0.580883 0.017211
vt 0.598037 0.017249
vt 0.597466 0.275913
vt 0.564781 0.275841
vt 0.565352 0.017177
vt 0.844532 0.859091
vt 0.845020 0.600427
vt 0.860550 0.600456
vt 0.860063 0.859120
vt 0.877705 0.600489
vt 0.877217 0.859153
vt 0.565436 0.630312
vt 0.580178 0.621540
vt 0.594264 0.628080
vt 0.593609 0.643392
vt 0.578867 0.652164
vt 0.564781 0.645624
vt 0.605052 0.274265
vt 0.620055 0.282582
vt 0.621179 0.297867
vt 0.607300 0.304835
vt 0.592296 0.296518
vt 0.591173 0.281234
vt 0.347860 0.611646
vt 0.348966 0.870308
vt 0.333640 0.870374
vt 0.332535 0.611711
vt 0.001106 0.574517
vt 0.000000 0.315854
vt 0.015326 0.315789
vt 0.016432 0.574451
vn 0.760198 0.337397 -0.555213
vn 0.760198 0.337398 0.555213
vn 0.724503 -0.402406 0.559612
vn 0.724503 -0.402406 -0.559611
vn 0.724503 -0.402406 -0.559611
vn 0.724503 -0.402406 0.559612
vn -0.044826 -0.797773 0.601289
vn -0.044826 -0.797773 -0.601289
vn -0.044826 -0.797773 -0.601289
vn -0.044826 -0.797773 0.601289
vn -0.760199 -0.337397 0.555213
vn -0.760198 -0.337397 -0.555213
vn -0.760198 -0.337397 -0.555213
vn -0.760199 -0.337397 0.555213
vn -0.724503 0.402406 0.559611
vn -0.724503 0.402406 -0.559612
vn 0.724503 -0.402406 0.559612
vn 0.760198 0.337398 0.555213
vn 0.044826 0.797773 0.601289
vn -0.724503 0.402406 0.559611
vn -0.760199 -0.337397 0.555213
vn -0.044826 -0.797773 0.601289
vn -0.724503 0.402406 -0.559612
vn -0.724503 0.402406 0.559611
vn 0.044826 0.797773 0.601289
vn 0.044826 0.797773 -0.601289
vn 0.044826 0.797773 -0.601289
vn 0.044826 0.797773 0.601289
vn 0.760198 0.337398 0.555213
vn 0.760198 0.337397 -0.555213
vn 0.760198 0.337397 -0.555213
vn 0.724503 -0.402406 -0.559611
vn -0.044826 -0.797773 -0.601289
vn -0.760198 -0.337397 -0.555213
vn -0.724503 0.402406 -0.559612
vn 0.044826 0.797773 -0.601289
s off
g lightTower lightTowerGrp light3 lightGrp1 polySurface133
usemtl SM_Light_Tower_1_JFGSG
f 241/515/767 242/516/768 244/517/769 243/518/770
f 243/539/771 244/540/772 246/541/773 245/542/774
f 245/521/775 246/522/776 248/523/777 247/524/778
f 247/524/779 248/523/780 250/525/781 249/526/782
f 244/527/783 242/528/784 252/529/785 250/530/786 248/531/787 246/532/788
f 249/543/789 250/544/790 252/545/791 251/546/792
f 251/519/793 252/520/794 242/516/795 241/515/796
f 241/533/797 243/534/798 245/535/799 247/536/800 249/537/801 251/538/802
g default
v 10.799199 6.817649 -1.298214
v 10.799199 6.817649 -1.028944
v 10.807728 6.817170 -1.298214
v 10.807728 6.817170 -1.028944
v 10.811634 6.808368 -1.298214
v 10.811634 6.808368 -1.028944
v 10.807012 6.800045 -1.298214
v 10.807012 6.800045 -1.028944
v 10.798483 6.800525 -1.298214
v 10.798483 6.800525 -1.028944
v 10.794576 6.809326 -1.298214
v 10.794576 6.809326 -1.028944
vt 0.754801 0.281441
vt 0.755342 0.000027
vt 0.765406 0.000046
vt 0.764865 0.281461
vt 0.918429 0.713065
vt 0.918970 0.431650
vt 0.929034 0.431669
vt 0.928493 0.713084
vt 0.940024 0.120725
vt 0.932234 0.125087
vt 0.924076 0.119392
vt 0.923707 0.109334
vt 0.931497 0.104972
vt 0.939655 0.110668
vt 0.875595 0.537042
vt 0.876425 0.255628
vt 0.885353 0.255654
vt 0.884523 0.537068
vt 0.865646 0.537012
vt 0.866476 0.255598
vt 0.969806 0.594397
vt 0.968976 0.875811
vt 0.959027 0.875782
vt 0.959857 0.594368
vt 0.950099 0.875756
vt 0.950929 0.594341
vn -0.512207 0.858862 -0.000000
vn -0.389019 0.652302 0.650512
vn 0.456801 0.612062 0.645533
vn 0.598117 0.801409 -0.000000
vn 0.598117 0.801409 -0.000000
vn 0.456801 0.612062 0.645533
vn 0.793463 -0.033179 0.607714
vn 0.999127 -0.041779 0.000000
vn 0.999127 -0.041779 0.000000
vn 0.793463 -0.033179 0.607714
vn 0.389019 -0.652302 0.650513
vn 0.512207 -0.858862 0.000000
vn 0.512207 -0.858862 0.000000
vn 0.389019 -0.652302 0.650513
vn -0.456801 -0.612062 0.645533
vn -0.598117 -0.801409 0.000000
vn -0.598117 -0.801409 0.000000
vn -0.456801 -0.612062 0.645533
vn -0.793462 0.033179 0.607714
vn -0.999127 0.041779 -0.000000
vn -0.999127 0.041779 -0.000000
vn -0.793462 0.033179 0.607714
vn -0.389019 0.652302 0.650512
vn -0.512207 0.858862 -0.000000
vn 0.456801 0.612062 0.645533
vn -0.389019 0.652302 0.650512
vn -0.793462 0.033179 0.607714
vn -0.456801 -0.612062 0.645533
vn 0.389019 -0.652302 0.650513
vn 0.793463 -0.033179 0.607714
s off
g lightTower lightTowerGrp light3 lightGrp1 polySurface138
usemtl SM_Light_Tower_1_JFGSG
f 253/561/803 254/562/804 256/563/805 255/564/806
f 255/547/807 256/548/808 258/549/809 257/550/810
f 257/567/811 258/568/812 260/569/813 259/570/814
f 259/570/815 260/569/816 262/571/817 261/572/818
f 261/551/819 262/552/820 264/553/821 263/554/822
f 263/565/823 264/566/824 254/562/825 253/561/826
f 256/555/827 254/556/828 264/557/829 262/558/830 260/559/831 258/560/832
g default
v 10.691460 6.756689 -1.025229
v 10.708738 6.766993 -1.025229
v 10.694185 6.750549 -1.035611
v 10.711463 6.760853 -1.035611
v 10.699635 6.738269 -1.035611
v 10.716913 6.748573 -1.035611
v 10.702360 6.732129 -1.025229
v 10.719638 6.742434 -1.025229
v 10.699635 6.738269 -1.014847
v 10.716913 6.748573 -1.014847
v 10.694185 6.750549 -1.014847
v 10.711463 6.760853 -1.014847
vt 0.787043 0.047046
vt 0.775943 0.053664
vt 0.765357 0.046251
vt 0.765871 0.032220
vt 0.776971 0.025602
vt 0.787557 0.033015
vt 0.385435 0.587303
vt 0.396454 0.594054
vt 0.396800 0.608090
vt 0.386127 0.615376
vt 0.375107 0.608625
vt 0.374761 0.594588
vt 0.358268 0.718259
vt 0.379228 0.719910
vt 0.376458 0.733674
vt 0.355498 0.732024
vt 0.360119 0.705469
vt 0.381079 0.707120
vt 0.374608 0.746464
vt 0.353648 0.744814
vt 0.818385 0.738169
vt 0.839298 0.740326
vt 0.839541 0.754364
vt 0.818627 0.752208
vt 0.818871 0.725255
vt 0.839785 0.727412
vt 0.839054 0.767278
vt 0.818141 0.765122
vn -0.926649 0.375929 -0.000000
vn 0.207392 0.978258 -0.000000
vn 0.382362 0.576642 -0.722000
vn -0.726303 0.063418 -0.684443
vn -0.726303 0.063418 -0.684443
vn 0.382362 0.576642 -0.722000
vn 0.726303 -0.063418 -0.684443
vn -0.382363 -0.576642 -0.721999
vn -0.382363 -0.576642 -0.721999
vn 0.726303 -0.063418 -0.684443
vn 0.926649 -0.375929 0.000000
vn -0.207392 -0.978258 0.000000
vn -0.207392 -0.978258 0.000000
vn 0.926649 -0.375929 0.000000
vn 0.726303 -0.063418 0.684444
vn -0.382362 -0.576642 0.722000
vn 0.382362 0.576642 -0.722000
vn 0.207392 0.978258 -0.000000
vn 0.382362 0.576642 0.721999
vn 0.726303 -0.063418 0.684444
vn 0.926649 -0.375929 0.000000
vn 0.726303 -0.063418 -0.684443
vn -0.382362 -0.576642 0.722000
vn 0.726303 -0.063418 0.684444
vn 0.382362 0.576642 0.721999
vn -0.726302 0.063418 0.684443
vn -0.726302 0.063418 0.684443
vn 0.382362 0.576642 0.721999
vn 0.207392 0.978258 -0.000000
vn -0.926649 0.375929 -0.000000
vn -0.926649 0.375929 -0.000000
vn -0.726303 0.063418 -0.684443
vn -0.382363 -0.576642 -0.721999
vn -0.207392 -0.978258 0.000000
vn -0.382362 -0.576642 0.722000
vn -0.726302 0.063418 0.684443
s off
g lightTower lightTowerGrp light3 lightGrp1 polySurface136
usemtl SM_Light_Tower_1_JFGSG
f 265/589/833 266/590/834 268/586/835 267/585/836
f 267/585/837 268/586/838 270/587/839 269/588/840
f 269/588/841 270/587/842 272/591/843 271/592/844
f 271/597/845 272/598/846 274/594/847 273/593/848
f 268/573/849 266/574/850 276/575/851 274/576/852 272/577/853 270/578/854
f 273/593/855 274/594/856 276/595/857 275/596/858
f 275/596/859 276/595/860 266/599/861 265/600/862
f 265/579/863 267/580/864 269/581/865 271/582/866 273/583/867 275/584/868
g default
v 10.639532 6.863980 -1.041183
v 10.669946 6.882118 -1.041183
v 10.646684 6.847866 -1.032101
v 10.677098 6.866004 -1.032101
v 10.646684 6.847866 -1.013936
v 10.677098 6.866004 -1.013936
v 10.639532 6.863980 -1.004853
v 10.669946 6.882118 -1.004853
v 10.632380 6.880094 -1.013936
v 10.662794 6.898233 -1.013936
v 10.632380 6.880094 -1.032101
v 10.662794 6.898233 -1.032101
vt 0.955962 0.153950
vt 0.937904 0.164123
vt 0.919137 0.155325
vt 0.918429 0.136354
vt 0.936487 0.126181
vt 0.955254 0.134979
vt 0.688533 0.758060
vt 0.670347 0.748117
vt 0.670815 0.729138
vt 0.689469 0.720103
vt 0.707655 0.730046
vt 0.707187 0.749025
vt 0.801732 0.649115
vt 0.802753 0.612120
vt 0.823293 0.614894
vt 0.822273 0.651889
vt 0.781192 0.646341
vt 0.782212 0.609346
vt 0.564781 0.720443
vt 0.566740 0.683486
vt 0.587437 0.682373
vt 0.585478 0.719331
vt 0.608133 0.681261
vt 0.606174 0.718218
vt 0.871140 0.228197
vt 0.870924 0.191188
vt 0.889908 0.191078
vt 0.890123 0.228086
vt 0.960871 0.171944
vt 0.960655 0.134936
vt 0.979639 0.134825
vt 0.979855 0.171834
vn -0.550096 -0.244148 -0.798615
vn 0.550097 0.244148 -0.798615
vn 0.869506 -0.290065 -0.399776
vn -0.256119 -0.859993 -0.441379
vn -0.256119 -0.859993 -0.441379
vn 0.869506 -0.290065 -0.399776
vn 0.869506 -0.290065 0.399777
vn -0.256119 -0.859993 0.441378
vn -0.256119 -0.859993 0.441378
vn 0.869506 -0.290065 0.399777
vn 0.550096 0.244148 0.798615
vn -0.550097 -0.244149 0.798614
vn -0.550097 -0.244149 0.798614
vn 0.550096 0.244148 0.798615
vn 0.256117 0.859993 0.441379
vn -0.869507 0.290063 0.399776
vn 0.869506 -0.290065 -0.399776
vn 0.550097 0.244148 -0.798615
vn 0.256118 0.859993 -0.441379
vn 0.256117 0.859993 0.441379
vn 0.550096 0.244148 0.798615
vn 0.869506 -0.290065 0.399777
vn -0.869507 0.290063 0.399776
vn 0.256117 0.859993 0.441379
vn 0.256118 0.859993 -0.441379
vn -0.869506 0.290064 -0.399777
vn -0.869506 0.290064 -0.399777
vn 0.256118 0.859993 -0.441379
vn 0.550097 0.244148 -0.798615
vn -0.550096 -0.244148 -0.798615
vn -0.550096 -0.244148 -0.798615
vn -0.256119 -0.859993 -0.441379
vn -0.256119 -0.859993 0.441378
vn -0.550097 -0.244149 0.798614
vn -0.869507 0.290063 0.399776
vn -0.869506 0.290064 -0.399777
s off
g lightTower lightTowerGrp light3 lightGrp1 polySurface142
usemtl SM_Light_Tower_1_JFGSG
f 277/613/869 278/614/870 280/615/871 279/616/872
f 279/625/873 280/626/874 282/627/875 281/628/876
f 281/619/877 282/620/878 284/621/879 283/622/880
f 283/622/881 284/621/882 286/623/883 285/624/884
f 280/601/885 278/602/886 288/603/887 286/604/888 284/605/889 282/606/890
f 285/629/891 286/630/892 288/631/893 287/632/894
f 287/617/895 288/618/896 278/614/897 277/613/898
f 277/607/899 279/608/900 281/609/901 283/610/902 285/611/903 287/612/904
g default
v 10.925551 6.334368 -1.024318
v 10.957792 6.353596 -1.024318
v 10.929800 6.324794 -1.040506
v 10.962041 6.344022 -1.040506
v 10.938299 6.305646 -1.040506
v 10.970539 6.324874 -1.040506
v 10.942548 6.296073 -1.024318
v 10.974788 6.315300 -1.024318
v 10.938299 6.305646 -1.008129
v 10.970539 6.324874 -1.008129
v 10.929800 6.324794 -1.008129
v 10.962041 6.344022 -1.008129
vt 0.646100 0.715451
vt 0.628792 0.725771
vt 0.612286 0.714212
vt 0.613087 0.692333
vt 0.630395 0.682012
vt 0.646902 0.693571
vt 0.739774 0.716946
vt 0.756958 0.727473
vt 0.757497 0.749360
vt 0.740853 0.760721
vt 0.723670 0.750194
vt 0.723131 0.728307
vt 0.896211 0.141425
vt 0.898321 0.102250
vt 0.919885 0.106037
vt 0.917775 0.145212
vt 0.876202 0.139035
vt 0.878312 0.099859
vt 0.712574 0.631429
vt 0.715505 0.592306
vt 0.737377 0.591316
vt 0.734446 0.630438
vt 0.757527 0.591511
vt 0.754596 0.630633
vt 0.691461 0.719820
vt 0.692567 0.680604
vt 0.712631 0.682481
vt 0.711524 0.721698
vt 0.732768 0.681738
vt 0.731662 0.720954
vn -0.926649 0.375929 -0.000000
vn 0.207391 0.978258 -0.000000
vn 0.382362 0.576641 -0.722000
vn -0.726302 0.063417 -0.684444
vn -0.726302 0.063417 -0.684444
vn 0.382362 0.576641 -0.722000
vn 0.726303 -0.063419 -0.684443
vn -0.382361 -0.576643 -0.721999
vn -0.382361 -0.576643 -0.721999
vn 0.726303 -0.063419 -0.684443
vn 0.926649 -0.375928 0.000000
vn -0.207393 -0.978258 0.000000
vn -0.207393 -0.978258 0.000000
vn 0.926649 -0.375928 0.000000
vn 0.726303 -0.063419 0.684443
vn -0.382361 -0.576643 0.721999
vn 0.382362 0.576641 -0.722000
vn 0.207391 0.978258 -0.000000
vn 0.382362 0.576642 0.721999
vn 0.726303 -0.063419 0.684443
vn 0.926649 -0.375928 0.000000
vn 0.726303 -0.063419 -0.684443
vn -0.382361 -0.576643 0.721999
vn 0.726303 -0.063419 0.684443
vn 0.382362 0.576642 0.721999
vn -0.726302 0.063417 0.684444
vn -0.726302 0.063417 0.684444
vn 0.382362 0.576642 0.721999
vn 0.207391 0.978258 -0.000000
vn -0.926649 0.375929 -0.000000
vn -0.926649 0.375929 -0.000000
vn -0.726302 0.063417 -0.684444
vn -0.382361 -0.576643 -0.721999
vn -0.207393 -0.978258 0.000000
vn -0.382361 -0.576643 0.721999
vn -0.726302 0.063417 0.684444
s off
g lightTower lightTowerGrp light3 lightGrp1 polySurface115
usemtl SM_Light_Tower_1_JFGSG
f 289/649/905 290/650/906 292/646/907 291/645/908
f 291/645/909 292/646/910 294/647/911 293/648/912
f 293/657/913 294/658/914 296/659/915 295/660/916
f 295/660/917 296/659/918 298/661/919 297/662/920
f 292/633/921 290/634/922 300/635/923 298/636/924 296/637/925 294/638/926
f 297/651/927 298/652/928 300/653/929 299/654/930
f 299/654/931 300/653/932 290/655/933 289/656/934
f 289/639/935 291/640/936 293/641/937 295/642/938 297/643/939 299/644/940
g default
v 10.925551 6.334368 -0.860585
v 10.958390 6.353953 -0.860585
v 10.929800 6.324794 -0.876774
v 10.962640 6.344379 -0.876774
v 10.938299 6.305646 -0.876774
v 10.971138 6.325231 -0.876774
v 10.942548 6.296072 -0.860585
v 10.975387 6.315657 -0.860585
v 10.938299 6.305646 -0.844397
v 10.971138 6.325231 -0.844397
v 10.929800 6.324794 -0.844397
v 10.962640 6.344379 -0.844397
vt 0.561027 0.796443
vt 0.580972 0.796443
vt 0.580972 0.806475
vt 0.561027 0.806475
vt 0.580972 0.816507
vt 0.561027 0.816507
vt 0.580972 0.826540
vt 0.561027 0.826540
vt 0.561027 0.766346
vt 0.580972 0.766346
vt 0.580972 0.776379
vt 0.561027 0.776379
vt 0.139741 0.954171
vt 0.131054 0.949154
vt 0.131054 0.939122
vt 0.139742 0.934106
vt 0.148430 0.939122
vt 0.148430 0.949154
vt 0.580972 0.786411
vt 0.561027 0.786411
vt 0.850247 0.950489
vt 0.850247 0.960521
vt 0.841560 0.965537
vt 0.832871 0.960521
vt 0.832871 0.950488
vt 0.841560 0.945473
vn -0.926649 0.375929 -0.000001
vn 0.207391 0.978258 -0.000001
vn 0.382362 0.576642 -0.722000
vn -0.726303 0.063417 -0.684443
vn -0.726303 0.063417 -0.684443
vn 0.382362 0.576642 -0.722000
vn 0.726303 -0.063419 -0.684443
vn -0.382362 -0.576643 -0.721999
vn -0.382362 -0.576643 -0.721999
vn 0.726303 -0.063419 -0.684443
vn 0.926649 -0.375928 -0.000000
vn -0.207392 -0.978258 -0.000000
vn -0.207392 -0.978258 -0.000000
vn 0.926649 -0.375928 -0.000000
vn 0.726303 -0.063420 0.684443
vn -0.382361 -0.576644 0.721999
vn 0.382362 0.576642 -0.722000
vn 0.207391 0.978258 -0.000001
vn 0.382363 0.576642 0.721999
vn 0.726303 -0.063420 0.684443
vn 0.926649 -0.375928 -0.000000
vn 0.726303 -0.063419 -0.684443
vn -0.382361 -0.576644 0.721999
vn 0.726303 -0.063420 0.684443
vn 0.382363 0.576642 0.721999
vn -0.726303 0.063417 0.684443
vn -0.726303 0.063417 0.684443
vn 0.382363 0.576642 0.721999
vn 0.207391 0.978258 -0.000001
vn -0.926649 0.375929 -0.000001
vn -0.926649 0.375929 -0.000001
vn -0.726303 0.063417 -0.684443
vn -0.382362 -0.576643 -0.721999
vn -0.207392 -0.978258 -0.000000
vn -0.382361 -0.576644 0.721999
vn -0.726303 0.063417 0.684443
s off
g lightTower lightTowerGrp lightGrp1 polySurface35 light2
usemtl SM_Light_Tower_1_JFGSG
f 301/663/941 302/664/942 304/665/943 303/666/944
f 303/666/945 304/665/946 306/667/947 305/668/948
f 305/668/949 306/667/950 308/669/951 307/670/952
f 307/671/953 308/672/954 310/673/955 309/674/956
f 304/675/957 302/676/958 312/677/959 310/678/960 308/679/961 306/680/962
f 309/674/963 310/673/964 312/681/965 311/682/966
f 311/682/967 312/681/968 302/664/969 301/663/970
f 301/683/971 303/684/972 305/685/973 307/686/974 309/687/975 311/688/976
g default
v 10.925551 6.334368 -0.584119
v 10.957792 6.353596 -0.584119
v 10.929800 6.324794 -0.600308
v 10.962041 6.344022 -0.600308
v 10.938299 6.305646 -0.600308
v 10.970539 6.324874 -0.600308
v 10.942548 6.296073 -0.584119
v 10.974788 6.315300 -0.584119
v 10.938299 6.305646 -0.567931
v 10.970539 6.324874 -0.567931
v 10.929800 6.324794 -0.567931
v 10.962041 6.344022 -0.567931
vt 0.321807 0.826489
vt 0.302226 0.826489
vt 0.302226 0.816457
vt 0.321807 0.816457
vt 0.302226 0.806425
vt 0.321807 0.806425
vt 0.302226 0.796392
vt 0.321807 0.796392
vt 0.321807 0.856585
vt 0.302226 0.856585
vt 0.302226 0.846553
vt 0.321807 0.846553
vt 0.825109 0.954830
vt 0.816421 0.959846
vt 0.807733 0.954830
vt 0.807733 0.944798
vt 0.816421 0.939782
vt 0.825109 0.944798
vt 0.302226 0.836521
vt 0.321807 0.836521
vt 0.732102 0.944594
vt 0.740790 0.939578
vt 0.749478 0.944594
vt 0.749478 0.954626
vt 0.740790 0.959642
vt 0.732102 0.954627
vn -0.926649 0.375929 -0.000000
vn 0.207391 0.978258 -0.000000
vn 0.382362 0.576641 -0.722000
vn -0.726302 0.063417 -0.684444
vn -0.726302 0.063417 -0.684444
vn 0.382362 0.576641 -0.722000
vn 0.726303 -0.063419 -0.684443
vn -0.382361 -0.576643 -0.721999
vn -0.382361 -0.576643 -0.721999
vn 0.726303 -0.063419 -0.684443
vn 0.926649 -0.375928 0.000000
vn -0.207393 -0.978258 0.000000
vn -0.207393 -0.978258 0.000000
vn 0.926649 -0.375928 0.000000
vn 0.726303 -0.063419 0.684443
vn -0.382361 -0.576643 0.721999
vn 0.382362 0.576641 -0.722000
vn 0.207391 0.978258 -0.000000
vn 0.382362 0.576642 0.721999
vn 0.726303 -0.063419 0.684443
vn 0.926649 -0.375928 0.000000
vn 0.726303 -0.063419 -0.684443
vn -0.382361 -0.576643 0.721999
vn 0.726303 -0.063419 0.684443
vn 0.382362 0.576642 0.721999
vn -0.726302 0.063417 0.684444
vn -0.726302 0.063417 0.684444
vn 0.382362 0.576642 0.721999
vn 0.207391 0.978258 -0.000000
vn -0.926649 0.375929 -0.000000
vn -0.926649 0.375929 -0.000000
vn -0.726302 0.063417 -0.684444
vn -0.382361 -0.576643 -0.721999
vn -0.207393 -0.978258 0.000000
vn -0.382361 -0.576643 0.721999
vn -0.726302 0.063417 0.684444
s off
g lightTower lightTowerGrp lightGrp1 light2 polySurface37
usemtl SM_Light_Tower_1_JFGSG
f 313/689/977 314/690/978 316/691/979 315/692/980
f 315/692/981 316/691/982 318/693/983 317/694/984
f 317/694/985 318/693/986 320/695/987 319/696/988
f 319/697/989 320/698/990 322/699/991 321/700/992
f 316/701/993 314/702/994 324/703/995 322/704/996 320/705/997 318/706/998
f 321/700/999 322/699/1000 324/707/1001 323/708/1002
f 323/708/1003 324/707/1004 314/690/1005 313/689/1006
f 313/709/1007 315/710/1008 317/711/1009 319/712/1010 321/713/1011 323/714/1012
g default
v 10.962341 6.341759 -0.582568
v 10.985057 6.358586 -0.582568
v 10.964996 6.335778 -0.592683
v 10.988287 6.351308 -0.594875
v 10.970306 6.323815 -0.592683
v 10.994747 6.336752 -0.594875
v 10.972960 6.317833 -0.582568
v 10.997978 6.329474 -0.582568
v 10.970306 6.323815 -0.572454
v 10.994747 6.336752 -0.570262
v 10.964996 6.335778 -0.572454
v 10.988287 6.351308 -0.570262
v 10.663175 6.890326 -0.582569
v 10.730120 6.930421 -0.582569
v 10.665356 6.885411 -0.590879
v 10.732331 6.925439 -0.590992
v 10.669719 6.875582 -0.590879
v 10.736754 6.915475 -0.590992
v 10.671900 6.870667 -0.582569
v 10.738965 6.910493 -0.582569
v 10.669719 6.875582 -0.574258
v 10.736754 6.915475 -0.574145
v 10.665356 6.885411 -0.574258
v 10.732331 6.925439 -0.574145
v 10.982268 6.366560 -0.582568
v 10.742564 6.906644 -0.582569
v 10.987968 6.369959 -0.593740
v 10.748264 6.910043 -0.593740
v 10.999368 6.376758 -0.593740
v 10.759663 6.916842 -0.593740
v 11.005068 6.380157 -0.582568
v 10.765363 6.920241 -0.582569
v 10.999368 6.376758 -0.571396
v 10.759663 6.916842 -0.571397
v 10.987968 6.369959 -0.571396
v 10.748264 6.910043 -0.571397
v 10.987842 6.357995 -0.582568
v 10.994492 6.356756 -0.570829
v 11.013079 6.352118 -0.570829
v 11.019729 6.350879 -0.582568
v 11.013079 6.352118 -0.594307
v 10.994492 6.356756 -0.594307
v 10.753804 6.938104 -0.592366
v 10.743626 6.916581 -0.592366
v 10.741881 6.912390 -0.582569
v 10.743626 6.916581 -0.572771
v 10.753804 6.938104 -0.572771
v 10.755549 6.942294 -0.582569
vt 0.853238 0.882918
vt 0.838679 0.882918
vt 0.838679 0.875293
vt 0.853238 0.875293
vt 0.838679 0.866362
vt 0.853238 0.866362
vt 0.838679 0.858736
vt 0.853238 0.858736
vt 0.853238 0.907101
vt 0.838679 0.907101
vt 0.838679 0.899475
vt 0.853238 0.899475
vt 0.838679 0.890544
vt 0.853238 0.890544
vt 0.372587 0.886641
vt 0.372693 0.927335
vt 0.367472 0.927344
vt 0.367437 0.886650
vt 0.362251 0.927344
vt 0.362287 0.886650
vt 0.357032 0.927335
vt 0.357137 0.886641
vt 0.809554 0.933353
vt 0.809448 0.892658
vt 0.814667 0.892649
vt 0.814703 0.933344
vt 0.819888 0.892649
vt 0.819853 0.933344
vt 0.825109 0.892658
vt 0.825004 0.933353
vt 0.894500 0.395741
vt 0.894500 0.678705
vt 0.887576 0.678705
vt 0.887576 0.395741
vt 0.880653 0.678705
vt 0.880653 0.395741
vt 0.873730 0.678705
vt 0.873729 0.395741
vt 0.915270 0.395741
vt 0.915270 0.678705
vt 0.908347 0.678705
vt 0.908347 0.395741
vt 0.901424 0.678705
vt 0.901423 0.395741
vt 0.340723 0.778872
vt 0.340723 0.789446
vt 0.329485 0.789446
vt 0.329485 0.778872
vt 0.340723 0.798474
vt 0.329485 0.798474
vt 0.340723 0.807503
vt 0.329485 0.807503
vt 0.340723 0.818076
vt 0.329485 0.818076
vt 0.340723 0.827105
vt 0.329485 0.827105
vt 0.340723 0.769844
vt 0.329485 0.769844
vt 0.462220 0.556725
vt 0.462220 0.546959
vt 0.474142 0.546959
vt 0.474142 0.556725
vt 0.462220 0.538621
vt 0.474142 0.538621
vt 0.462220 0.591507
vt 0.462220 0.583168
vt 0.474142 0.583168
vt 0.474142 0.591507
vt 0.462220 0.573402
vt 0.474142 0.573402
vt 0.462220 0.565064
vt 0.474142 0.565064
vt 0.483675 0.565064
vt 0.483675 0.573402
vt 0.483675 0.583168
vt 0.483675 0.591507
vt 0.483676 0.538621
vt 0.483675 0.546959
vt 0.483675 0.556725
vt 0.350358 0.769844
vt 0.350358 0.778872
vt 0.350358 0.818076
vt 0.350358 0.827105
vt 0.350358 0.807503
vt 0.350358 0.798474
vt 0.350358 0.789446
vn -0.595218 0.803564 -0.000001
vn -0.530631 0.847603 0.000000
vn -0.252589 0.385796 -0.887333
vn -0.318812 0.354050 -0.879208
vn -0.318812 0.354050 -0.879208
vn -0.252589 0.385796 -0.887333
vn 0.263121 -0.407089 -0.874669
vn 0.150082 -0.434058 -0.888296
vn 0.150082 -0.434058 -0.888296
vn 0.263121 -0.407089 -0.874669
vn 0.559537 -0.828805 0.000001
vn 0.421871 -0.906656 -0.000001
vn 0.421871 -0.906656 -0.000001
vn 0.559537 -0.828805 0.000001
vn 0.263121 -0.407088 0.874669
vn 0.150079 -0.434060 0.888295
vn 0.150079 -0.434060 0.888295
vn 0.263121 -0.407088 0.874669
vn -0.252591 0.385795 0.887333
vn -0.318816 0.354049 0.879207
vn -0.318816 0.354049 0.879207
vn -0.252591 0.385795 0.887333
vn -0.530631 0.847603 0.000000
vn -0.595218 0.803564 -0.000001
vn -0.513812 0.857903 -0.000001
vn -0.493715 0.869624 -0.000000
vn -0.272537 0.430099 -0.860662
vn -0.237475 0.394833 -0.887532
vn -0.237475 0.394833 -0.887532
vn -0.272537 0.430099 -0.860662
vn 0.131205 -0.414835 -0.900387
vn 0.234355 -0.396323 -0.887697
vn 0.234355 -0.396323 -0.887697
vn 0.131205 -0.414835 -0.900387
vn 0.372792 -0.927915 -0.000000
vn 0.510604 -0.859816 -0.000000
vn 0.510604 -0.859816 -0.000000
vn 0.372792 -0.927915 -0.000000
vn 0.131206 -0.414835 0.900387
vn 0.234356 -0.396323 0.887697
vn 0.234356 -0.396323 0.887697
vn 0.131206 -0.414835 0.900387
vn -0.272537 0.430100 0.860661
vn -0.237475 0.394834 0.887532
vn -0.237475 0.394834 0.887532
vn -0.272537 0.430100 0.860661
vn -0.493715 0.869624 -0.000000
vn -0.513812 0.857903 -0.000001
vn -0.897872 -0.440256 0.000000
vn -0.924759 -0.380553 0.000000
vn -0.461640 -0.156788 -0.873101
vn -0.459527 -0.217848 -0.861032
vn -0.459527 -0.217848 -0.861032
vn -0.461640 -0.156788 -0.873101
vn 0.426875 0.208472 -0.879953
vn 0.440720 0.223984 -0.869251
vn 0.440720 0.223984 -0.869251
vn 0.426875 0.208472 -0.879953
vn 0.925476 0.378806 -0.000000
vn 0.898638 0.438691 0.000001
vn 0.898638 0.438691 0.000001
vn 0.925476 0.378806 -0.000000
vn 0.426875 0.208472 0.879953
vn 0.440720 0.223984 0.869251
vn 0.440720 0.223984 0.869251
vn 0.426875 0.208472 0.879953
vn -0.461640 -0.156788 0.873101
vn -0.459527 -0.217848 0.861032
vn -0.459527 -0.217848 0.861032
vn -0.461640 -0.156788 0.873101
vn -0.924759 -0.380553 0.000000
vn -0.897872 -0.440256 0.000000
vn 0.211948 0.557362 -0.802761
vn -0.270626 -0.223408 -0.936403
vn 0.131205 -0.414835 -0.900387
vn -0.272537 0.430099 -0.860662
vn -0.270626 -0.223408 -0.936403
vn -0.513792 -0.857915 0.000000
vn 0.372792 -0.927915 -0.000000
vn 0.131205 -0.414835 -0.900387
vn -0.513792 -0.857915 0.000000
vn -0.270626 -0.223408 0.936403
vn 0.131206 -0.414835 0.900387
vn 0.372792 -0.927915 -0.000000
vn -0.270626 -0.223408 0.936403
vn 0.211947 0.557362 0.802761
vn -0.272537 0.430100 0.860661
vn 0.131206 -0.414835 0.900387
vn 0.211947 0.557362 0.802761
vn 0.414646 0.909983 -0.000000
vn -0.493715 0.869624 -0.000000
vn -0.272537 0.430100 0.860661
vn 0.414646 0.909983 -0.000000
vn 0.211948 0.557362 -0.802761
vn -0.272537 0.430099 -0.860662
vn -0.493715 0.869624 -0.000000
vn -0.459527 -0.217848 -0.861032
vn 0.440720 0.223984 -0.869251
vn 0.605574 -0.087316 -0.790985
vn -0.231347 0.097036 -0.968020
vn 0.440720 0.223984 -0.869251
vn 0.898638 0.438691 0.000001
vn 0.989298 -0.145907 0.000001
vn 0.605574 -0.087316 -0.790985
vn 0.898638 0.438691 0.000001
vn 0.440720 0.223984 0.869251
vn 0.605574 -0.087314 0.790984
vn 0.989298 -0.145907 0.000001
vn 0.440720 0.223984 0.869251
vn -0.459527 -0.217848 0.861032
vn -0.231346 0.097036 0.968020
vn 0.605574 -0.087314 0.790984
vn -0.459527 -0.217848 0.861032
vn -0.897872 -0.440256 0.000000
vn -0.951890 0.306440 -0.000000
vn -0.231346 0.097036 0.968020
vn -0.897872 -0.440256 0.000000
vn -0.459527 -0.217848 -0.861032
vn -0.231347 0.097036 -0.968020
vn -0.951890 0.306440 -0.000000
vn -0.231346 0.097036 0.968020
vn -0.951890 0.306440 -0.000000
vn -0.530631 0.847603 0.000000
vn -0.252591 0.385795 0.887333
vn 0.605574 -0.087314 0.790984
vn -0.231346 0.097036 0.968020
vn -0.252591 0.385795 0.887333
vn 0.263121 -0.407088 0.874669
vn 0.989298 -0.145907 0.000001
vn 0.605574 -0.087314 0.790984
vn 0.263121 -0.407088 0.874669
vn 0.559537 -0.828805 0.000001
vn 0.605574 -0.087316 -0.790985
vn 0.989298 -0.145907 0.000001
vn 0.559537 -0.828805 0.000001
vn 0.263121 -0.407089 -0.874669
vn -0.231347 0.097036 -0.968020
vn 0.605574 -0.087316 -0.790985
vn 0.263121 -0.407089 -0.874669
vn -0.252589 0.385796 -0.887333
vn -0.951890 0.306440 -0.000000
vn -0.231347 0.097036 -0.968020
vn -0.252589 0.385796 -0.887333
vn -0.530631 0.847603 0.000000
vn 0.925476 0.378806 -0.000000
vn 0.426875 0.208472 -0.879953
vn 0.211948 0.557362 -0.802761
vn 0.414646 0.909983 -0.000000
vn 0.426875 0.208472 0.879953
vn 0.925476 0.378806 -0.000000
vn 0.414646 0.909983 -0.000000
vn 0.211947 0.557362 0.802761
vn -0.461640 -0.156788 0.873101
vn 0.426875 0.208472 0.879953
vn 0.211947 0.557362 0.802761
vn -0.270626 -0.223408 0.936403
vn -0.924759 -0.380553 0.000000
vn -0.461640 -0.156788 0.873101
vn -0.270626 -0.223408 0.936403
vn -0.513792 -0.857915 0.000000
vn -0.461640 -0.156788 -0.873101
vn -0.924759 -0.380553 0.000000
vn -0.513792 -0.857915 0.000000
vn -0.270626 -0.223408 -0.936403
vn 0.426875 0.208472 -0.879953
vn -0.461640 -0.156788 -0.873101
vn -0.270626 -0.223408 -0.936403
vn 0.211948 0.557362 -0.802761
s off
g lightTower lightTowerGrp lightGrp1 light2 polySurface93
usemtl SM_Light_Tower_1_JFGSG
f 325/715/1013 326/716/1014 328/717/1015 327/718/1016
f 327/718/1017 328/717/1018 330/719/1019 329/720/1020
f 329/720/1021 330/719/1022 332/721/1023 331/722/1024
f 331/723/1025 332/724/1026 334/725/1027 333/726/1028
f 333/726/1029 334/725/1030 336/727/1031 335/728/1032
f 335/728/1033 336/727/1034 326/716/1035 325/715/1036
f 337/729/1037 338/730/1038 340/731/1039 339/732/1040
f 339/732/1041 340/731/1042 342/733/1043 341/734/1044
f 341/734/1045 342/733/1046 344/735/1047 343/736/1048
f 343/737/1049 344/738/1050 346/739/1051 345/740/1052
f 345/740/1053 346/739/1054 348/741/1055 347/742/1056
f 347/742/1057 348/741/1058 338/743/1059 337/744/1060
f 349/745/1061 350/746/1062 352/747/1063 351/748/1064
f 351/748/1065 352/747/1066 354/749/1067 353/750/1068
f 353/750/1069 354/749/1070 356/751/1071 355/752/1072
f 355/753/1073 356/754/1074 358/755/1075 357/756/1076
f 357/756/1077 358/755/1078 360/757/1079 359/758/1080
f 359/758/1081 360/757/1082 350/746/1083 349/745/1084
f 367/759/1085 368/760/1086 342/761/1087 340/762/1088
f 368/760/1089 369/763/1090 344/764/1091 342/761/1092
f 369/763/1093 370/765/1094 346/766/1095 344/764/1096
f 370/765/1097 371/767/1098 348/768/1099 346/766/1100
f 371/767/1101 372/769/1102 338/770/1103 348/768/1104
f 372/771/1105 367/759/1106 340/762/1107 338/772/1108
f 351/773/1109 353/774/1110 365/775/1111 366/776/1112
f 353/774/1113 355/777/1114 364/778/1115 365/775/1116
f 355/779/1117 357/780/1118 363/781/1119 364/782/1120
f 357/780/1121 359/783/1122 362/784/1123 363/781/1124
f 359/783/1125 349/785/1126 361/786/1127 362/784/1128
f 349/785/1129 351/773/1130 366/776/1131 361/786/1132
f 362/784/1133 361/786/1134 326/787/1135 336/788/1136
f 363/781/1137 362/784/1138 336/788/1139 334/789/1140
f 364/782/1141 363/781/1142 334/789/1143 332/790/1144
f 365/775/1145 364/778/1146 332/791/1147 330/792/1148
f 366/776/1149 365/775/1150 330/792/1151 328/793/1152
f 361/786/1153 366/776/1154 328/793/1155 326/787/1156
f 356/794/1157 354/795/1158 367/759/1159 372/771/1160
f 358/796/1161 356/797/1162 372/769/1163 371/767/1164
f 360/798/1165 358/796/1166 371/767/1167 370/765/1168
f 350/799/1169 360/798/1170 370/765/1171 369/763/1172
f 352/800/1173 350/799/1174 369/763/1175 368/760/1176
f 354/795/1177 352/800/1178 368/760/1179 367/759/1180
g default
v 10.877654 6.541843 -0.619729
v 10.781659 6.758131 -0.619729
v 10.877654 6.541843 -0.814469
v 10.781659 6.758131 -0.814469
v 10.859950 6.531285 -0.619729
v 10.763955 6.747573 -0.619729
v 10.859950 6.531285 -0.814469
v 10.763955 6.747573 -0.814469
v 10.747889 6.725151 -0.806869
v 10.834871 6.529169 -0.806869
v 10.834871 6.529169 -0.624773
v 10.747889 6.725151 -0.624773
v 10.736111 6.683421 -0.795362
v 10.798734 6.542323 -0.795362
v 10.798734 6.542323 -0.636487
v 10.736111 6.683421 -0.636487
v 10.735516 6.643947 -0.777698
v 10.770682 6.564714 -0.777698
v 10.770682 6.564714 -0.654668
v 10.735516 6.643947 -0.654668
vt 0.399443 0.363844
vt 0.388201 0.363844
vt 0.388201 0.481706
vt 0.399443 0.481706
vt 0.373548 0.363844
vt 0.373548 0.481706
vt 0.388201 0.242460
vt 0.399443 0.242460
vt 0.399443 0.124599
vt 0.388201 0.124599
vt 0.388201 0.003215
vt 0.399443 0.003215
vt 0.373548 0.124599
vt 0.351189 0.124599
vt 0.351189 0.242460
vt 0.373548 0.242460
vt 0.373548 0.003215
vt 0.351189 0.003215
vt 0.329485 0.003215
vt 0.329485 0.124599
vt 0.351189 0.363844
vt 0.351189 0.481706
vt 0.273866 0.789963
vt 0.273866 0.723934
vt 0.232353 0.723934
vt 0.232353 0.789963
vt 0.329485 0.363844
vt 0.329485 0.481706
vt 0.329485 0.242460
vn 0.342389 -0.574113 -0.743750
vn 0.132102 -0.668697 -0.731706
vn -0.534436 0.464623 -0.706048
vn -0.342389 0.574112 -0.743751
vn 0.132102 -0.668697 -0.731706
vn -0.260319 -0.730832 -0.630966
vn -0.779347 0.224550 -0.584975
vn -0.534436 0.464623 -0.706048
vn 0.160411 -0.668017 0.726651
vn 0.342389 -0.574112 0.743751
vn -0.342389 0.574113 0.743750
vn -0.519605 0.484973 0.703429
vn 0.342389 -0.574113 -0.743750
vn 0.342389 -0.574112 0.743751
vn 0.160411 -0.668017 0.726651
vn 0.132102 -0.668697 -0.731706
vn -0.534436 0.464623 -0.706048
vn -0.519605 0.484973 0.703429
vn -0.342389 0.574113 0.743750
vn -0.342389 0.574112 -0.743751
vn -0.749262 0.236565 0.618582
vn -0.850117 -0.008964 0.526518
vn -0.535973 -0.630580 0.561338
vn -0.228116 -0.712113 0.663972
vn -0.519605 0.484973 0.703429
vn -0.749262 0.236565 0.618582
vn -0.228116 -0.712113 0.663972
vn 0.160411 -0.668017 0.726651
vn 0.160411 -0.668017 0.726651
vn -0.228116 -0.712113 0.663972
vn -0.260319 -0.730832 -0.630966
vn 0.132102 -0.668697 -0.731706
vn -0.534436 0.464623 -0.706048
vn -0.779347 0.224550 -0.584975
vn -0.749262 0.236565 0.618582
vn -0.519605 0.484973 0.703429
vn -0.848403 -0.007150 -0.529303
vn -0.922821 -0.238379 -0.302617
vn -0.924857 -0.238856 0.295951
vn -0.850117 -0.008964 0.526518
vn -0.228116 -0.712113 0.663972
vn -0.535973 -0.630580 0.561338
vn -0.533072 -0.630405 -0.564291
vn -0.260319 -0.730832 -0.630966
vn -0.779347 0.224550 -0.584975
vn -0.848403 -0.007150 -0.529303
vn -0.850117 -0.008964 0.526518
vn -0.749262 0.236565 0.618582
vn -0.260319 -0.730832 -0.630966
vn -0.533072 -0.630405 -0.564291
vn -0.848403 -0.007150 -0.529303
vn -0.779347 0.224550 -0.584975
vn -0.789308 -0.527797 -0.313725
vn -0.791140 -0.529083 0.306867
vn -0.924857 -0.238856 0.295951
vn -0.922821 -0.238379 -0.302617
vn -0.533072 -0.630405 -0.564291
vn -0.789308 -0.527797 -0.313725
vn -0.922821 -0.238379 -0.302617
vn -0.848403 -0.007150 -0.529303
vn -0.850117 -0.008964 0.526518
vn -0.924857 -0.238856 0.295951
vn -0.791140 -0.529083 0.306867
vn -0.535973 -0.630580 0.561338
vn -0.535973 -0.630580 0.561338
vn -0.791140 -0.529083 0.306867
vn -0.789308 -0.527797 -0.313725
vn -0.533072 -0.630405 -0.564291
s off
g lightTower lightTowerGrp lightGrp1 light2 polySurface11
usemtl SM_Light_Tower_1_JFGSG
f 375/801/1181 379/802/1182 380/803/1183 376/804/1184
f 379/802/1185 382/805/1186 381/806/1187 380/803/1188
f 377/807/1189 373/808/1190 374/809/1191 378/810/1192
f 375/801/1193 373/808/1194 377/807/1195 379/802/1196
f 380/811/1197 378/810/1198 374/809/1199 376/812/1200
f 384/813/1201 388/814/1202 387/815/1203 383/816/1204
f 378/810/1205 384/813/1206 383/816/1207 377/807/1208
f 377/807/1209 383/816/1210 382/805/1211 379/802/1212
f 380/811/1213 381/817/1214 384/813/1215 378/810/1216
f 385/818/1217 389/819/1218 392/820/1219 388/814/1220
f 383/816/1221 387/815/1222 386/821/1223 382/805/1224
f 381/817/1225 385/818/1226 388/814/1227 384/813/1228
f 382/805/1229 386/821/1230 385/822/1231 381/806/1232
f 390/823/1233 391/824/1234 392/825/1235 389/826/1236
f 386/821/1237 390/827/1238 389/828/1239 385/822/1240
f 388/814/1241 392/820/1242 391/829/1243 387/815/1244
f 387/815/1245 391/829/1246 390/827/1247 386/821/1248
g default
v 10.865200 6.519209 -0.603734
v 10.758845 6.758839 -0.603734
v 10.865200 6.519209 -0.836180
v 10.758845 6.758839 -0.836180
v 10.894839 6.518003 -0.589159
v 10.775232 6.787493 -0.589159
v 10.894839 6.518003 -0.850755
v 10.775232 6.787493 -0.850755
v 10.871826 6.504278 -0.850755
v 10.871826 6.504278 -0.589159
v 10.752219 6.773769 -0.589159
v 10.752219 6.773769 -0.850755
v 10.882453 6.529498 -0.836180
v 10.882453 6.529498 -0.603734
v 10.776098 6.769128 -0.603734
v 10.776098 6.769128 -0.836180
vt 0.962511 0.646040
vt 0.962511 0.521290
vt 0.972990 0.521290
vt 0.972990 0.646040
vt 0.935676 0.395741
vt 0.935676 0.536936
vt 0.921700 0.536936
vt 0.921700 0.395741
vt 0.323055 0.576310
vt 0.323055 0.717505
vt 0.182660 0.717505
vt 0.182660 0.576310
vt 0.921700 0.818526
vt 0.921700 0.677331
vt 0.935676 0.677331
vt 0.935676 0.818526
vt 0.935676 0.958921
vt 0.921700 0.958921
vt 0.135791 0.578501
vt 0.011038 0.578501
vt 0.003215 0.570678
vt 0.143613 0.570678
vt 0.135791 0.704051
vt 0.143613 0.711873
vt 0.011040 0.704052
vt 0.003218 0.711873
vt 0.011040 0.578503
vt 0.003217 0.570682
vt 0.764477 0.395741
vt 0.764477 0.521291
vt 0.639726 0.521291
vt 0.639726 0.395741
vt 0.962511 0.896342
vt 0.962511 0.771590
vt 0.972990 0.771590
vt 0.972990 0.896342
vt 0.962512 0.395741
vt 0.972990 0.395741
vn -0.710406 -0.627130 -0.319423
vn -0.710406 -0.627130 0.319423
vn -0.271769 -0.731311 0.625560
vn -0.271769 -0.731312 -0.625560
vn -0.271769 -0.731312 -0.625560
vn -0.785427 0.217218 -0.579587
vn 0.271769 0.731311 -0.625560
vn 0.785427 -0.217218 -0.579587
vn 0.785427 -0.217218 -0.579587
vn 0.271769 0.731311 -0.625560
vn 0.271769 0.731312 0.625560
vn 0.785427 -0.217218 0.579587
vn 0.785427 -0.217218 0.579587
vn 0.271769 0.731312 0.625560
vn -0.785427 0.217218 0.579587
vn -0.271769 -0.731311 0.625560
vn -0.271769 -0.731312 -0.625560
vn 0.785427 -0.217218 -0.579587
vn 0.785427 -0.217218 0.579587
vn -0.271769 -0.731311 0.625560
vn 0.271769 0.731311 -0.625560
vn -0.785427 0.217218 -0.579587
vn -0.785427 0.217218 0.579587
vn 0.271769 0.731312 0.625560
vn -0.945370 -0.126107 -0.300620
vn -0.945370 -0.126107 0.300620
vn -0.271769 -0.731312 -0.625560
vn -0.271769 -0.731311 0.625560
vn -0.710406 -0.627130 -0.319423
vn -0.945370 -0.126107 -0.300620
vn -0.271769 -0.731311 0.625560
vn -0.785427 0.217218 0.579587
vn -0.710406 -0.627130 0.319423
vn -0.710406 -0.627130 -0.319423
vn -0.785427 0.217218 0.579587
vn -0.785427 0.217218 -0.579587
vn -0.945370 -0.126107 0.300620
vn -0.710406 -0.627130 0.319423
vn -0.785427 0.217218 -0.579587
vn -0.271769 -0.731312 -0.625560
vn -0.785427 0.217218 -0.579587
vn -0.271769 -0.731312 -0.625560
vn -0.271769 -0.731311 0.625560
vn -0.785427 0.217218 0.579587
vn -0.945370 -0.126107 0.300620
vn -0.945370 -0.126107 -0.300620
vn -0.785427 0.217218 -0.579587
vn -0.785427 0.217218 0.579587
vn -0.710406 -0.627130 0.319423
vn -0.945370 -0.126107 0.300620
vn -0.785427 0.217218 0.579587
vn -0.271769 -0.731311 0.625560
vn -0.945370 -0.126107 -0.300620
vn -0.710406 -0.627130 -0.319423
vn -0.271769 -0.731312 -0.625560
vn -0.785427 0.217218 -0.579587
s off
g lightTower lightTowerGrp lightGrp1 light2 polySurface1
usemtl SM_Light_Tower_1_JFGSG
f 394/830/1249 396/831/1250 408/832/1251 407/833/1252
f 401/834/1253 404/835/1254 400/836/1255 399/837/1256
f 399/838/1257 400/839/1258 398/840/1259 397/841/1260
f 397/842/1261 398/843/1262 403/844/1263 402/845/1264
f 401/846/1265 399/847/1266 397/842/1267 402/845/1268
f 400/836/1269 404/835/1270 403/844/1271 398/843/1272
f 393/848/1273 395/849/1274 401/850/1275 402/851/1276
f 394/852/1277 393/848/1278 402/851/1279 403/853/1280
f 396/854/1281 394/852/1282 403/853/1283 404/855/1284
f 395/856/1285 396/854/1286 404/855/1287 401/857/1288
f 406/858/1289 407/859/1290 408/860/1291 405/861/1292
f 395/862/1293 393/863/1294 406/864/1295 405/865/1296
f 396/831/1297 395/866/1298 405/867/1299 408/832/1300
f 393/863/1301 394/830/1302 407/833/1303 406/864/1304
g default
v 10.708243 6.769166 -0.851727
v 10.724047 6.778592 -0.851727
v 10.710735 6.763550 -0.861223
v 10.726540 6.772976 -0.861223
v 10.715721 6.752318 -0.861223
v 10.731525 6.761743 -0.861223
v 10.718213 6.746702 -0.851727
v 10.734018 6.756127 -0.851727
v 10.715721 6.752318 -0.842231
v 10.731525 6.761743 -0.842231
v 10.710735 6.763550 -0.842231
v 10.726540 6.772976 -0.842231
vt 0.859667 0.767712
vt 0.869266 0.767712
vt 0.869266 0.773597
vt 0.859667 0.773597
vt 0.869266 0.779481
vt 0.859667 0.779481
vt 0.869266 0.785367
vt 0.859667 0.785367
vt 0.859667 0.750056
vt 0.869266 0.750056
vt 0.869266 0.755942
vt 0.859667 0.755942
vt 0.037273 0.667907
vt 0.048049 0.674128
vt 0.048049 0.686572
vt 0.037274 0.692793
vt 0.026498 0.686572
vt 0.026497 0.674128
vt 0.869266 0.761827
vt 0.859667 0.761827
vt 0.943527 0.050442
vt 0.948624 0.053385
vt 0.948624 0.059269
vt 0.943528 0.062212
vt 0.938431 0.059270
vt 0.938431 0.053384
vn -0.926649 0.375927 -0.000001
vn 0.207394 0.978258 -0.000001
vn 0.382360 0.576644 -0.721999
vn -0.726303 0.063420 -0.684442
vn -0.726303 0.063420 -0.684442
vn 0.382360 0.576644 -0.721999
vn 0.726302 -0.063418 -0.684444
vn -0.382362 -0.576642 -0.721999
vn -0.382362 -0.576642 -0.721999
vn 0.726302 -0.063418 -0.684444
vn 0.926649 -0.375928 -0.000001
vn -0.207392 -0.978258 -0.000001
vn -0.207392 -0.978258 -0.000001
vn 0.926649 -0.375928 -0.000001
vn 0.726303 -0.063418 0.684443
vn -0.382362 -0.576642 0.721999
vn 0.382360 0.576644 -0.721999
vn 0.207394 0.978258 -0.000001
vn 0.382360 0.576645 0.721998
vn 0.726303 -0.063418 0.684443
vn 0.926649 -0.375928 -0.000001
vn 0.726302 -0.063418 -0.684444
vn -0.382362 -0.576642 0.721999
vn 0.726303 -0.063418 0.684443
vn 0.382360 0.576645 0.721998
vn -0.726304 0.063421 0.684442
vn -0.726304 0.063421 0.684442
vn 0.382360 0.576645 0.721998
vn 0.207394 0.978258 -0.000001
vn -0.926649 0.375927 -0.000001
vn -0.926649 0.375927 -0.000001
vn -0.726303 0.063420 -0.684442
vn -0.382362 -0.576642 -0.721999
vn -0.207392 -0.978258 -0.000001
vn -0.382362 -0.576642 0.721999
vn -0.726304 0.063421 0.684442
s off
g lightTower lightTowerGrp lightGrp1 light2 polySurface69
usemtl SM_Light_Tower_1_JFGSG
f 409/868/1305 410/869/1306 412/870/1307 411/871/1308
f 411/871/1309 412/870/1310 414/872/1311 413/873/1312
f 413/873/1313 414/872/1314 416/874/1315 415/875/1316
f 415/876/1317 416/877/1318 418/878/1319 417/879/1320
f 412/880/1321 410/881/1322 420/882/1323 418/883/1324 416/884/1325 414/885/1326
f 417/879/1327 418/878/1328 420/886/1329 419/887/1330
f 419/887/1331 420/886/1332 410/869/1333 409/868/1334
f 409/888/1335 411/889/1336 413/890/1337 415/891/1338 417/892/1339 419/893/1340
g default
v 10.799199 6.817649 -0.858015
v 10.799199 6.817649 -0.588745
v 10.807728 6.817170 -0.858015
v 10.807728 6.817170 -0.588745
v 10.811634 6.808368 -0.858015
v 10.811634 6.808368 -0.588745
v 10.807012 6.800045 -0.858015
v 10.807012 6.800045 -0.588745
v 10.798483 6.800525 -0.858015
v 10.798483 6.800525 -0.588745
v 10.794576 6.809326 -0.858015
v 10.794576 6.809326 -0.588745
vt 0.705140 0.086048
vt 0.705140 0.230559
vt 0.700528 0.230559
vt 0.700528 0.086048
vt 0.695916 0.230559
vt 0.695916 0.086048
vt 0.691305 0.230559
vt 0.691304 0.086048
vt 0.718975 0.086048
vt 0.718974 0.230559
vt 0.714363 0.230559
vt 0.714363 0.086048
vt 0.709751 0.230559
vt 0.709751 0.086048
vt 0.309458 0.994497
vt 0.302257 0.998653
vt 0.295057 0.994496
vt 0.295057 0.986181
vt 0.302258 0.982024
vt 0.309458 0.986181
vn -0.512207 0.858862 -0.000000
vn -0.389019 0.652302 0.650512
vn 0.456801 0.612062 0.645533
vn 0.598117 0.801409 -0.000000
vn 0.598117 0.801409 -0.000000
vn 0.456801 0.612062 0.645533
vn 0.793463 -0.033179 0.607714
vn 0.999127 -0.041779 0.000000
vn 0.999127 -0.041779 0.000000
vn 0.793463 -0.033179 0.607714
vn 0.389019 -0.652302 0.650513
vn 0.512207 -0.858862 0.000000
vn 0.512207 -0.858862 0.000000
vn 0.389019 -0.652302 0.650513
vn -0.456801 -0.612062 0.645533
vn -0.598117 -0.801409 0.000000
vn -0.598117 -0.801409 0.000000
vn -0.456801 -0.612062 0.645533
vn -0.793462 0.033179 0.607714
vn -0.999127 0.041779 -0.000000
vn -0.999127 0.041779 -0.000000
vn -0.793462 0.033179 0.607714
vn -0.389019 0.652302 0.650512
vn -0.512207 0.858862 -0.000000
vn 0.456801 0.612062 0.645533
vn -0.389019 0.652302 0.650512
vn -0.793462 0.033179 0.607714
vn -0.456801 -0.612062 0.645533
vn 0.389019 -0.652302 0.650513
vn 0.793463 -0.033179 0.607714
s off
g lightTower lightTowerGrp lightGrp1 light2 polySurface66
usemtl SM_Light_Tower_1_JFGSG
f 421/894/1341 422/895/1342 424/896/1343 423/897/1344
f 423/897/1345 424/896/1346 426/898/1347 425/899/1348
f 425/899/1349 426/898/1350 428/900/1351 427/901/1352
f 427/902/1353 428/903/1354 430/904/1355 429/905/1356
f 429/905/1357 430/904/1358 432/906/1359 431/907/1360
f 431/907/1361 432/906/1362 422/895/1363 421/894/1364
f 424/908/1365 422/909/1366 432/910/1367 430/911/1368 428/912/1369 426/913/1370
g default
v 10.723745 6.771852 -0.852575
v 10.799444 6.816998 -0.852575
v 10.725448 6.768015 -0.859063
v 10.801147 6.813161 -0.859063
v 10.728854 6.760342 -0.859063
v 10.804553 6.805487 -0.859063
v 10.730557 6.756505 -0.852575
v 10.806256 6.801650 -0.852575
v 10.728854 6.760342 -0.846088
v 10.804553 6.805487 -0.846088
v 10.725448 6.768015 -0.846088
v 10.801147 6.813161 -0.846088
vt 0.444744 0.806311
vt 0.444744 0.852286
vt 0.440723 0.852286
vt 0.440723 0.806311
vt 0.436703 0.852286
vt 0.436703 0.806311
vt 0.432682 0.852286
vt 0.432682 0.806311
vt 0.456805 0.806311
vt 0.456805 0.852286
vt 0.452785 0.852286
vt 0.452785 0.806311
vt 0.448764 0.852286
vt 0.448764 0.806311
vt 0.473296 0.982386
vt 0.482569 0.977035
vt 0.491846 0.982385
vt 0.491846 0.993094
vt 0.482574 0.998449
vt 0.473298 0.993097
vn -0.512207 0.858862 -0.000003
vn 0.207391 0.978258 -0.000002
vn 0.382363 0.576641 -0.722000
vn -0.235915 0.395578 -0.887616
vn -0.235915 0.395578 -0.887616
vn 0.382363 0.576641 -0.722000
vn 0.726304 -0.063422 -0.684442
vn 0.235917 -0.395583 -0.887613
vn 0.235917 -0.395583 -0.887613
vn 0.726304 -0.063422 -0.684442
vn 0.926650 -0.375926 0.000001
vn 0.512207 -0.858862 0.000002
vn 0.512207 -0.858862 0.000002
vn 0.926650 -0.375926 0.000001
vn 0.726303 -0.063421 0.684442
vn 0.235917 -0.395582 0.887614
vn 0.235917 -0.395582 0.887614
vn 0.726303 -0.063421 0.684442
vn 0.382362 0.576643 0.721999
vn -0.235915 0.395580 0.887615
vn -0.235915 0.395580 0.887615
vn 0.382362 0.576643 0.721999
vn 0.207391 0.978258 -0.000002
vn -0.512207 0.858862 -0.000003
vn 0.382363 0.576641 -0.722000
vn 0.207391 0.978258 -0.000002
vn 0.382362 0.576643 0.721999
vn 0.726303 -0.063421 0.684442
vn 0.926650 -0.375926 0.000001
vn 0.726304 -0.063422 -0.684442
s off
g lightTower lightTowerGrp lightGrp1 light2 polySurface70
usemtl SM_Light_Tower_1_JFGSG
f 433/914/1371 434/915/1372 436/916/1373 435/917/1374
f 435/917/1375 436/916/1376 438/918/1377 437/919/1378
f 437/919/1379 438/918/1380 440/920/1381 439/921/1382
f 439/922/1383 440/923/1384 442/924/1385 441/925/1386
f 441/925/1387 442/924/1388 444/926/1389 443/927/1390
f 443/927/1391 444/926/1392 434/915/1393 433/914/1394
f 436/928/1395 434/929/1396 444/930/1397 442/931/1398 440/932/1399 438/933/1400
g default
v 10.964042 6.342157 -0.862448
v 10.985057 6.358586 -0.862448
v 10.966547 6.336511 -0.871995
v 10.988287 6.351308 -0.874755
v 10.971559 6.325219 -0.871995
v 10.994747 6.336752 -0.874755
v 10.974065 6.319573 -0.862448
v 10.997978 6.329474 -0.862448
v 10.971559 6.325219 -0.852902
v 10.994747 6.336752 -0.850142
v 10.966547 6.336511 -0.852902
v 10.988287 6.351308 -0.850142
v 10.663175 6.890326 -0.862449
v 10.730120 6.930421 -0.862449
v 10.665356 6.885411 -0.870759
v 10.732331 6.925439 -0.870872
v 10.669719 6.875582 -0.870759
v 10.736754 6.915475 -0.870872
v 10.671900 6.870667 -0.862449
v 10.738965 6.910493 -0.862449
v 10.669719 6.875582 -0.854138
v 10.736754 6.915475 -0.854025
v 10.665356 6.885411 -0.854138
v 10.732331 6.925439 -0.854025
v 10.982268 6.366560 -0.862448
v 10.742564 6.906644 -0.862449
v 10.987968 6.369959 -0.873620
v 10.748264 6.910043 -0.873621
v 10.999368 6.376758 -0.873620
v 10.759663 6.916842 -0.873621
v 11.005068 6.380157 -0.862448
v 10.765363 6.920241 -0.862449
v 10.999368 6.376758 -0.851276
v 10.759663 6.916842 -0.851277
v 10.987968 6.369959 -0.851276
v 10.748264 6.910043 -0.851277
v 10.987842 6.357995 -0.862448
v 10.994492 6.356756 -0.850709
v 11.013079 6.352118 -0.850709
v 11.019729 6.350879 -0.862448
v 11.013079 6.352118 -0.874188
v 10.994492 6.356756 -0.874188
v 10.753804 6.938104 -0.872246
v 10.743626 6.916581 -0.872246
v 10.741881 6.912390 -0.862449
v 10.743626 6.916581 -0.852651
v 10.753804 6.938104 -0.852651
v 10.755549 6.942294 -0.862449
vt 0.446826 0.881109
vt 0.433131 0.881109
vt 0.433131 0.873483
vt 0.446826 0.873483
vt 0.433131 0.864543
vt 0.446826 0.864543
vt 0.433131 0.856916
vt 0.446826 0.856916
vt 0.446826 0.905302
vt 0.433131 0.905302
vt 0.433131 0.897676
vt 0.446826 0.897676
vt 0.433131 0.888736
vt 0.446826 0.888736
vt 0.546430 0.885058
vt 0.546536 0.925753
vt 0.541315 0.925762
vt 0.541280 0.885067
vt 0.536094 0.925762
vt 0.536130 0.885067
vt 0.530875 0.925753
vt 0.530980 0.885058
vt 0.184335 0.913354
vt 0.184229 0.872659
vt 0.189450 0.872650
vt 0.189485 0.913345
vt 0.194671 0.872650
vt 0.194636 0.913345
vt 0.199891 0.872659
vt 0.199786 0.913354
vt 0.405482 0.923609
vt 0.405483 0.640645
vt 0.412406 0.640645
vt 0.412405 0.923609
vt 0.419329 0.640645
vt 0.419329 0.923609
vt 0.426253 0.640646
vt 0.426253 0.923609
vt 0.384711 0.923609
vt 0.384712 0.640645
vt 0.391636 0.640645
vt 0.391634 0.923609
vt 0.398559 0.640645
vt 0.398558 0.923609
vt 0.782145 0.800529
vt 0.782145 0.811102
vt 0.770907 0.811102
vt 0.770907 0.800529
vt 0.782145 0.820121
vt 0.770907 0.820121
vt 0.782145 0.829140
vt 0.770907 0.829140
vt 0.782145 0.839712
vt 0.770907 0.839712
vt 0.782145 0.848731
vt 0.770907 0.848731
vt 0.782145 0.791510
vt 0.770907 0.791510
vt 0.003215 0.875838
vt 0.003215 0.869422
vt 0.015136 0.869422
vt 0.015136 0.875838
vt 0.003215 0.863949
vt 0.015136 0.863949
vt 0.003215 0.898673
vt 0.003215 0.893200
vt 0.015136 0.893200
vt 0.015136 0.898673
vt 0.003215 0.886784
vt 0.015136 0.886784
vt 0.003215 0.881311
vt 0.015136 0.881311
vt 0.024669 0.881311
vt 0.024669 0.886784
vt 0.024669 0.893200
vt 0.024669 0.898673
vt 0.024669 0.863949
vt 0.024669 0.869422
vt 0.024669 0.875838
vt 0.791780 0.791510
vt 0.791780 0.800529
vt 0.791780 0.839712
vt 0.791780 0.848731
vt 0.791780 0.829140
vt 0.791780 0.820121
vt 0.791780 0.811102
vn -0.615891 0.787831 -0.000002
vn -0.542294 0.840189 -0.000001
vn -0.264399 0.379171 -0.886748
vn -0.344046 0.342418 -0.874289
vn -0.344046 0.342418 -0.874289
vn -0.264399 0.379171 -0.886748
vn 0.248152 -0.415341 -0.875164
vn 0.116283 -0.446156 -0.887369
vn 0.116283 -0.446156 -0.887369
vn 0.248152 -0.415341 -0.875164
vn 0.543044 -0.839704 -0.000000
vn 0.382528 -0.923944 -0.000001
vn 0.382528 -0.923944 -0.000001
vn 0.543044 -0.839704 -0.000000
vn 0.248152 -0.415340 0.875164
vn 0.116280 -0.446155 0.887369
vn 0.116280 -0.446155 0.887369
vn 0.248152 -0.415340 0.875164
vn -0.264399 0.379173 0.886747
vn -0.344046 0.342421 0.874288
vn -0.344046 0.342421 0.874288
vn -0.264399 0.379173 0.886747
vn -0.542294 0.840189 -0.000001
vn -0.615891 0.787831 -0.000002
vn -0.513812 0.857903 -0.000000
vn -0.493715 0.869624 -0.000001
vn -0.272537 0.430099 -0.860661
vn -0.237475 0.394833 -0.887532
vn -0.237475 0.394833 -0.887532
vn -0.272537 0.430099 -0.860661
vn 0.131205 -0.414835 -0.900387
vn 0.234355 -0.396323 -0.887697
vn 0.234355 -0.396323 -0.887697
vn 0.131205 -0.414835 -0.900387
vn 0.372791 -0.927915 0.000001
vn 0.510604 -0.859816 0.000000
vn 0.510604 -0.859816 0.000000
vn 0.372791 -0.927915 0.000001
vn 0.131206 -0.414835 0.900387
vn 0.234356 -0.396323 0.887697
vn 0.234356 -0.396323 0.887697
vn 0.131206 -0.414835 0.900387
vn -0.272537 0.430100 0.860661
vn -0.237475 0.394833 0.887532
vn -0.237475 0.394833 0.887532
vn -0.272537 0.430100 0.860661
vn -0.493715 0.869624 -0.000001
vn -0.513812 0.857903 -0.000000
vn -0.897872 -0.440256 -0.000000
vn -0.924759 -0.380553 -0.000000
vn -0.461640 -0.156788 -0.873101
vn -0.459528 -0.217849 -0.861032
vn -0.459528 -0.217849 -0.861032
vn -0.461640 -0.156788 -0.873101
vn 0.426875 0.208472 -0.879953
vn 0.440720 0.223983 -0.869251
vn 0.440720 0.223983 -0.869251
vn 0.426875 0.208472 -0.879953
vn 0.925476 0.378806 -0.000000
vn 0.898638 0.438691 -0.000000
vn 0.898638 0.438691 -0.000000
vn 0.925476 0.378806 -0.000000
vn 0.426876 0.208472 0.879953
vn 0.440721 0.223984 0.869251
vn 0.440721 0.223984 0.869251
vn 0.426876 0.208472 0.879953
vn -0.461640 -0.156788 0.873101
vn -0.459528 -0.217849 0.861032
vn -0.459528 -0.217849 0.861032
vn -0.461640 -0.156788 0.873101
vn -0.924759 -0.380553 -0.000000
vn -0.897872 -0.440256 -0.000000
vn 0.211947 0.557362 -0.802761
vn -0.270626 -0.223408 -0.936403
vn 0.131205 -0.414835 -0.900387
vn -0.272537 0.430099 -0.860661
vn -0.270626 -0.223408 -0.936403
vn -0.513793 -0.857914 0.000001
vn 0.372791 -0.927915 0.000001
vn 0.131205 -0.414835 -0.900387
vn -0.513793 -0.857914 0.000001
vn -0.270625 -0.223408 0.936403
vn 0.131206 -0.414835 0.900387
vn 0.372791 -0.927915 0.000001
vn -0.270625 -0.223408 0.936403
vn 0.211948 0.557362 0.802761
vn -0.272537 0.430100 0.860661
vn 0.131206 -0.414835 0.900387
vn 0.211948 0.557362 0.802761
vn 0.414646 0.909983 -0.000001
vn -0.493715 0.869624 -0.000001
vn -0.272537 0.430100 0.860661
vn 0.414646 0.909983 -0.000001
vn 0.211947 0.557362 -0.802761
vn -0.272537 0.430099 -0.860661
vn -0.493715 0.869624 -0.000001
vn -0.459528 -0.217849 -0.861032
vn 0.440720 0.223983 -0.869251
vn 0.605575 -0.087315 -0.790984
vn -0.231342 0.097037 -0.968021
vn 0.440720 0.223983 -0.869251
vn 0.898638 0.438691 -0.000000
vn 0.989299 -0.145904 -0.000000
vn 0.605575 -0.087315 -0.790984
vn 0.898638 0.438691 -0.000000
vn 0.440721 0.223984 0.869251
vn 0.605577 -0.087313 0.790983
vn 0.989299 -0.145904 -0.000000
vn 0.440721 0.223984 0.869251
vn -0.459528 -0.217849 0.861032
vn -0.231341 0.097038 0.968021
vn 0.605577 -0.087313 0.790983
vn -0.459528 -0.217849 0.861032
vn -0.897872 -0.440256 -0.000000
vn -0.951886 0.306453 -0.000001
vn -0.231341 0.097038 0.968021
vn -0.897872 -0.440256 -0.000000
vn -0.459528 -0.217849 -0.861032
vn -0.231342 0.097037 -0.968021
vn -0.951886 0.306453 -0.000001
vn -0.231341 0.097038 0.968021
vn -0.951886 0.306453 -0.000001
vn -0.542294 0.840189 -0.000001
vn -0.264399 0.379173 0.886747
vn 0.605577 -0.087313 0.790983
vn -0.231341 0.097038 0.968021
vn -0.264399 0.379173 0.886747
vn 0.248152 -0.415340 0.875164
vn 0.989299 -0.145904 -0.000000
vn 0.605577 -0.087313 0.790983
vn 0.248152 -0.415340 0.875164
vn 0.543044 -0.839704 -0.000000
vn 0.605575 -0.087315 -0.790984
vn 0.989299 -0.145904 -0.000000
vn 0.543044 -0.839704 -0.000000
vn 0.248152 -0.415341 -0.875164
vn -0.231342 0.097037 -0.968021
vn 0.605575 -0.087315 -0.790984
vn 0.248152 -0.415341 -0.875164
vn -0.264399 0.379171 -0.886748
vn -0.951886 0.306453 -0.000001
vn -0.231342 0.097037 -0.968021
vn -0.264399 0.379171 -0.886748
vn -0.542294 0.840189 -0.000001
vn 0.925476 0.378806 -0.000000
vn 0.426875 0.208472 -0.879953
vn 0.211947 0.557362 -0.802761
vn 0.414646 0.909983 -0.000001
vn 0.426876 0.208472 0.879953
vn 0.925476 0.378806 -0.000000
vn 0.414646 0.909983 -0.000001
vn 0.211948 0.557362 0.802761
vn -0.461640 -0.156788 0.873101
vn 0.426876 0.208472 0.879953
vn 0.211948 0.557362 0.802761
vn -0.270625 -0.223408 0.936403
vn -0.924759 -0.380553 -0.000000
vn -0.461640 -0.156788 0.873101
vn -0.270625 -0.223408 0.936403
vn -0.513793 -0.857914 0.000001
vn -0.461640 -0.156788 -0.873101
vn -0.924759 -0.380553 -0.000000
vn -0.513793 -0.857914 0.000001
vn -0.270626 -0.223408 -0.936403
vn 0.426875 0.208472 -0.879953
vn -0.461640 -0.156788 -0.873101
vn -0.270626 -0.223408 -0.936403
vn 0.211947 0.557362 -0.802761
s off
g lightTower lightTowerGrp lightGrp1 light2 polySurface92
usemtl SM_Light_Tower_1_JFGSG
f 445/934/1401 446/935/1402 448/936/1403 447/937/1404
f 447/937/1405 448/936/1406 450/938/1407 449/939/1408
f 449/939/1409 450/938/1410 452/940/1411 451/941/1412
f 451/942/1413 452/943/1414 454/944/1415 453/945/1416
f 453/945/1417 454/944/1418 456/946/1419 455/947/1420
f 455/947/1421 456/946/1422 446/935/1423 445/934/1424
f 457/948/1425 458/949/1426 460/950/1427 459/951/1428
f 459/951/1429 460/950/1430 462/952/1431 461/953/1432
f 461/953/1433 462/952/1434 464/954/1435 463/955/1436
f 463/956/1437 464/957/1438 466/958/1439 465/959/1440
f 465/959/1441 466/958/1442 468/960/1443 467/961/1444
f 467/961/1445 468/960/1446 458/962/1447 457/963/1448
f 469/964/1449 470/965/1450 472/966/1451 471/967/1452
f 471/967/1453 472/966/1454 474/968/1455 473/969/1456
f 473/969/1457 474/968/1458 476/970/1459 475/971/1460
f 475/972/1461 476/973/1462 478/974/1463 477/975/1464
f 477/975/1465 478/974/1466 480/976/1467 479/977/1468
f 479/977/1469 480/976/1470 470/965/1471 469/964/1472
f 487/978/1473 488/979/1474 462/980/1475 460/981/1476
f 488/979/1477 489/982/1478 464/983/1479 462/980/1480
f 489/982/1481 490/984/1482 466/985/1483 464/983/1484
f 490/984/1485 491/986/1486 468/987/1487 466/985/1488
f 491/986/1489 492/988/1490 458/989/1491 468/987/1492
f 492/990/1493 487/978/1494 460/981/1495 458/991/1496
f 471/992/1497 473/993/1498 485/994/1499 486/995/1500
f 473/993/1501 475/996/1502 484/997/1503 485/994/1504
f 475/998/1505 477/999/1506 483/1000/1507 484/1001/1508
f 477/999/1509 479/1002/1510 482/1003/1511 483/1000/1512
f 479/1002/1513 469/1004/1514 481/1005/1515 482/1003/1516
f 469/1004/1517 471/992/1518 486/995/1519 481/1005/1520
f 482/1003/1521 481/1005/1522 446/1006/1523 456/1007/1524
f 483/1000/1525 482/1003/1526 456/1007/1527 454/1008/1528
f 484/1001/1529 483/1000/1530 454/1008/1531 452/1009/1532
f 485/994/1533 484/997/1534 452/1010/1535 450/1011/1536
f 486/995/1537 485/994/1538 450/1011/1539 448/1012/1540
f 481/1005/1541 486/995/1542 448/1012/1543 446/1006/1544
f 476/1013/1545 474/1014/1546 487/978/1547 492/990/1548
f 478/1015/1549 476/1016/1550 492/988/1551 491/986/1552
f 480/1017/1553 478/1015/1554 491/986/1555 490/984/1556
f 470/1018/1557 480/1017/1558 490/984/1559 489/982/1560
f 472/1019/1561 470/1018/1562 489/982/1563 488/979/1564
f 474/1014/1565 472/1019/1566 488/979/1567 487/978/1568
g default
v 10.668761 6.881411 -0.847115
v 10.668761 6.881411 -0.599613
v 10.668075 6.865012 -0.847115
v 10.668075 6.865012 -0.599613
v 10.655480 6.857500 -0.847115
v 10.655480 6.857500 -0.599613
v 10.643571 6.866389 -0.847115
v 10.643571 6.866389 -0.599613
v 10.644257 6.882788 -0.847115
v 10.644257 6.882788 -0.599613
v 10.656852 6.890299 -0.847115
v 10.656852 6.890299 -0.599613
vt 0.595074 0.396237
vt 0.595073 0.661715
vt 0.589072 0.661715
vt 0.589073 0.396237
vt 0.625079 0.396237
vt 0.625079 0.661715
vt 0.619077 0.661715
vt 0.619077 0.396237
vt 0.613077 0.661715
vt 0.613077 0.396237
vt 0.607075 0.661715
vt 0.607076 0.396237
vt 0.976948 0.168055
vt 0.976948 0.160405
vt 0.983573 0.156580
vt 0.990197 0.160406
vt 0.990197 0.168056
vt 0.983573 0.171879
vt 0.601074 0.661715
vt 0.601074 0.396237
vt 0.763584 0.979485
vt 0.770208 0.975661
vt 0.776832 0.979486
vt 0.776832 0.987135
vt 0.770208 0.990959
vt 0.763583 0.987135
vn 0.999127 -0.041778 0.000000
vn 0.999127 -0.041778 0.000000
vn 0.999127 -0.041778 0.000000
vn 0.999127 -0.041778 0.000000
vn 0.512207 -0.858862 0.000000
vn 0.512207 -0.858862 0.000000
vn 0.512207 -0.858862 0.000000
vn 0.512207 -0.858862 0.000000
vn -0.598118 -0.801408 0.000000
vn -0.598118 -0.801408 0.000000
vn -0.598118 -0.801408 0.000000
vn -0.598118 -0.801408 0.000000
vn -0.999127 0.041778 -0.000000
vn -0.999127 0.041778 -0.000000
vn -0.999127 0.041778 -0.000000
vn -0.999127 0.041778 -0.000000
vn 0.000000 -0.000000 1.000000
vn 0.000000 -0.000000 1.000000
vn 0.000000 -0.000000 1.000000
vn 0.000000 -0.000000 1.000000
vn 0.000000 -0.000000 1.000000
vn 0.000000 -0.000000 1.000000
vn -0.512207 0.858862 -0.000000
vn -0.512207 0.858862 -0.000000
vn -0.512207 0.858862 -0.000000
vn -0.512207 0.858862 -0.000000
vn 0.598118 0.801408 -0.000000
vn 0.598118 0.801408 -0.000000
vn 0.598118 0.801408 -0.000000
vn 0.598118 0.801408 -0.000000
vn -0.000000 0.000001 -1.000000
vn -0.000000 0.000001 -1.000000
vn -0.000000 0.000001 -1.000000
vn -0.000000 0.000001 -1.000000
vn -0.000000 0.000001 -1.000000
vn -0.000000 0.000001 -1.000000
s off
g lightTower lightTowerGrp lightGrp1 light2 polySurface51
usemtl SM_Light_Tower_1_JFGSG
f 493/1020/1569 494/1021/1570 496/1022/1571 495/1023/1572
f 495/1024/1573 496/1025/1574 498/1026/1575 497/1027/1576
f 497/1027/1577 498/1026/1578 500/1028/1579 499/1029/1580
f 499/1029/1581 500/1028/1582 502/1030/1583 501/1031/1584
f 496/1032/1585 494/1033/1586 504/1034/1587 502/1035/1588 500/1036/1589 498/1037/1590
f 501/1031/1591 502/1030/1592 504/1038/1593 503/1039/1594
f 503/1039/1595 504/1038/1596 494/1021/1597 493/1020/1598
f 493/1040/1599 495/1041/1600 497/1042/1601 499/1043/1602 501/1044/1603 503/1045/1604
g default
v 10.639532 6.863980 -0.600985
v 10.669946 6.882118 -0.600985
v 10.646684 6.847866 -0.591902
v 10.677098 6.866004 -0.591902
v 10.646684 6.847866 -0.573737
v 10.677098 6.866004 -0.573737
v 10.639532 6.863980 -0.564655
v 10.669946 6.882118 -0.564655
v 10.632380 6.880094 -0.573737
v 10.662794 6.898233 -0.573737
v 10.632380 6.880094 -0.591902
v 10.662794 6.898233 -0.591902
vt 0.174585 0.808590
vt 0.156114 0.808590
vt 0.156114 0.798842
vt 0.174585 0.798842
vt 0.174585 0.857335
vt 0.156114 0.857335
vt 0.156114 0.847586
vt 0.174585 0.847586
vt 0.156114 0.837837
vt 0.174585 0.837837
vt 0.156114 0.828088
vt 0.174585 0.828088
vt 0.563357 0.955564
vt 0.571801 0.960438
vt 0.571801 0.970187
vt 0.563357 0.975062
vt 0.554915 0.970187
vt 0.554915 0.960438
vt 0.156114 0.818339
vt 0.174585 0.818339
vt 0.643664 0.961307
vt 0.652107 0.956433
vt 0.660549 0.961307
vt 0.660549 0.971056
vt 0.652106 0.975931
vt 0.643664 0.971056
vn -0.550096 -0.244148 -0.798615
vn 0.550097 0.244148 -0.798615
vn 0.869506 -0.290065 -0.399776
vn -0.256119 -0.859993 -0.441379
vn -0.256119 -0.859993 -0.441379
vn 0.869506 -0.290065 -0.399776
vn 0.869506 -0.290065 0.399777
vn -0.256119 -0.859993 0.441378
vn -0.256119 -0.859993 0.441378
vn 0.869506 -0.290065 0.399777
vn 0.550096 0.244148 0.798615
vn -0.550097 -0.244149 0.798614
vn -0.550097 -0.244149 0.798614
vn 0.550096 0.244148 0.798615
vn 0.256117 0.859993 0.441379
vn -0.869507 0.290063 0.399776
vn 0.869506 -0.290065 -0.399776
vn 0.550097 0.244148 -0.798615
vn 0.256118 0.859993 -0.441379
vn 0.256117 0.859993 0.441379
vn 0.550096 0.244148 0.798615
vn 0.869506 -0.290065 0.399777
vn -0.869507 0.290063 0.399776
vn 0.256117 0.859993 0.441379
vn 0.256118 0.859993 -0.441379
vn -0.869506 0.290064 -0.399777
vn -0.869506 0.290064 -0.399777
vn 0.256118 0.859993 -0.441379
vn 0.550097 0.244148 -0.798615
vn -0.550096 -0.244148 -0.798615
vn -0.550096 -0.244148 -0.798615
vn -0.256119 -0.859993 -0.441379
vn -0.256119 -0.859993 0.441378
vn -0.550097 -0.244149 0.798614
vn -0.869507 0.290063 0.399776
vn -0.869506 0.290064 -0.399777
s off
g lightTower lightTowerGrp lightGrp1 light2 polySurface55
usemtl SM_Light_Tower_1_JFGSG
f 505/1046/1605 506/1047/1606 508/1048/1607 507/1049/1608
f 507/1050/1609 508/1051/1610 510/1052/1611 509/1053/1612
f 509/1053/1613 510/1052/1614 512/1054/1615 511/1055/1616
f 511/1055/1617 512/1054/1618 514/1056/1619 513/1057/1620
f 508/1058/1621 506/1059/1622 516/1060/1623 514/1061/1624 512/1062/1625 510/1063/1626
f 513/1057/1627 514/1056/1628 516/1064/1629 515/1065/1630
f 515/1065/1631 516/1064/1632 506/1047/1633 505/1046/1634
f 505/1066/1635 507/1067/1636 509/1068/1637 511/1069/1638 513/1070/1639 515/1071/1640
g default
v 10.691460 6.756689 -0.585031
v 10.708738 6.766993 -0.585031
v 10.694185 6.750549 -0.595412
v 10.711463 6.760853 -0.595412
v 10.699635 6.738269 -0.595412
v 10.716913 6.748573 -0.595412
v 10.702360 6.732129 -0.585031
v 10.719638 6.742434 -0.585031
v 10.699635 6.738269 -0.574649
v 10.716913 6.748573 -0.574649
v 10.694185 6.750549 -0.574649
v 10.711463 6.760853 -0.574649
vt 0.913342 0.192441
vt 0.902848 0.192441
vt 0.902848 0.186007
vt 0.913342 0.186007
vt 0.902848 0.179573
vt 0.913342 0.179573
vt 0.902848 0.173140
vt 0.913342 0.173140
vt 0.913342 0.211742
vt 0.902848 0.211742
vt 0.902848 0.205308
vt 0.913342 0.205308
vt 0.776900 0.087746
vt 0.785785 0.082617
vt 0.794669 0.087746
vt 0.794669 0.098005
vt 0.785785 0.103134
vt 0.776900 0.098005
vt 0.902848 0.198875
vt 0.913342 0.198875
vt 0.092596 0.975533
vt 0.087026 0.978751
vt 0.081453 0.975535
vt 0.081453 0.969101
vt 0.087025 0.965884
vt 0.092596 0.969100
vn -0.926649 0.375929 -0.000000
vn 0.207392 0.978258 -0.000000
vn 0.382362 0.576642 -0.722000
vn -0.726303 0.063418 -0.684443
vn -0.726303 0.063418 -0.684443
vn 0.382362 0.576642 -0.722000
vn 0.726303 -0.063418 -0.684443
vn -0.382363 -0.576642 -0.721999
vn -0.382363 -0.576642 -0.721999
vn 0.726303 -0.063418 -0.684443
vn 0.926649 -0.375929 0.000000
vn -0.207392 -0.978258 0.000000
vn -0.207392 -0.978258 0.000000
vn 0.926649 -0.375929 0.000000
vn 0.726303 -0.063418 0.684444
vn -0.382362 -0.576642 0.722000
vn 0.382362 0.576642 -0.722000
vn 0.207392 0.978258 -0.000000
vn 0.382362 0.576642 0.721999
vn 0.726303 -0.063418 0.684444
vn 0.926649 -0.375929 0.000000
vn 0.726303 -0.063418 -0.684443
vn -0.382362 -0.576642 0.722000
vn 0.726303 -0.063418 0.684444
vn 0.382362 0.576642 0.721999
vn -0.726302 0.063418 0.684443
vn -0.726302 0.063418 0.684443
vn 0.382362 0.576642 0.721999
vn 0.207392 0.978258 -0.000000
vn -0.926649 0.375929 -0.000000
vn -0.926649 0.375929 -0.000000
vn -0.726303 0.063418 -0.684443
vn -0.382363 -0.576642 -0.721999
vn -0.207392 -0.978258 0.000000
vn -0.382362 -0.576642 0.722000
vn -0.726302 0.063418 0.684443
s off
g lightTower lightTowerGrp lightGrp1 light2 polySurface68
usemtl SM_Light_Tower_1_JFGSG
f 517/1072/1641 518/1073/1642 520/1074/1643 519/1075/1644
f 519/1075/1645 520/1074/1646 522/1076/1647 521/1077/1648
f 521/1077/1649 522/1076/1650 524/1078/1651 523/1079/1652
f 523/1080/1653 524/1081/1654 526/1082/1655 525/1083/1656
f 520/1084/1657 518/1085/1658 528/1086/1659 526/1087/1660 524/1088/1661 522/1089/1662
f 525/1083/1663 526/1082/1664 528/1090/1665 527/1091/1666
f 527/1091/1667 528/1090/1668 518/1073/1669 517/1072/1670
f 517/1092/1671 519/1093/1672 521/1094/1673 523/1095/1674 525/1096/1675 527/1097/1676
g default
v 10.706529 6.761376 -0.585143
v 10.796774 6.815196 -0.585143
v 10.708305 6.757373 -0.591911
v 10.798551 6.811193 -0.591911
v 10.711858 6.749367 -0.591911
v 10.802104 6.803188 -0.591911
v 10.713635 6.745364 -0.585143
v 10.803881 6.799185 -0.585143
v 10.711858 6.749367 -0.578374
v 10.802104 6.803188 -0.578374
v 10.708305 6.757373 -0.578374
v 10.798551 6.811193 -0.578374
vt 0.652309 0.743547
vt 0.652310 0.798357
vt 0.648116 0.798357
vt 0.648116 0.743547
vt 0.643922 0.798357
vt 0.643921 0.743547
vt 0.639727 0.798357
vt 0.639726 0.743547
vt 0.664893 0.743547
vt 0.664893 0.798357
vt 0.660699 0.798357
vt 0.660698 0.743547
vt 0.656505 0.798357
vt 0.656504 0.743547
vt 0.256140 0.986348
vt 0.262950 0.982415
vt 0.269761 0.986345
vt 0.269761 0.994211
vt 0.262952 0.998143
vt 0.256141 0.994210
vn -0.512207 0.858862 -0.000000
vn 0.207390 0.978258 -0.000000
vn 0.382364 0.576638 -0.722001
vn -0.235913 0.395575 -0.887618
vn -0.235913 0.395575 -0.887618
vn 0.382364 0.576638 -0.722001
vn 0.726304 -0.063423 -0.684441
vn 0.235918 -0.395585 -0.887612
vn 0.235918 -0.395585 -0.887612
vn 0.726304 -0.063423 -0.684441
vn 0.926650 -0.375926 -0.000000
vn 0.512207 -0.858862 -0.000000
vn 0.512207 -0.858862 -0.000000
vn 0.926650 -0.375926 -0.000000
vn 0.726304 -0.063422 0.684441
vn 0.235918 -0.395584 0.887612
vn 0.235918 -0.395584 0.887612
vn 0.726304 -0.063422 0.684441
vn 0.382365 0.576639 0.722000
vn -0.235912 0.395575 0.887618
vn -0.235912 0.395575 0.887618
vn 0.382365 0.576639 0.722000
vn 0.207390 0.978258 -0.000000
vn -0.512207 0.858862 -0.000000
vn 0.382364 0.576638 -0.722001
vn 0.207390 0.978258 -0.000000
vn 0.382365 0.576639 0.722000
vn 0.726304 -0.063422 0.684441
vn 0.926650 -0.375926 -0.000000
vn 0.726304 -0.063423 -0.684441
s off
g lightTower lightTowerGrp lightGrp1 light2 polySurface67
usemtl SM_Light_Tower_1_JFGSG
f 529/1098/1677 530/1099/1678 532/1100/1679 531/1101/1680
f 531/1101/1681 532/1100/1682 534/1102/1683 533/1103/1684
f 533/1103/1685 534/1102/1686 536/1104/1687 535/1105/1688
f 535/1106/1689 536/1107/1690 538/1108/1691 537/1109/1692
f 537/1109/1693 538/1108/1694 540/1110/1695 539/1111/1696
f 539/1111/1697 540/1110/1698 530/1099/1699 529/1098/1700
f 532/1112/1701 530/1113/1702 540/1114/1703 538/1115/1704 536/1116/1705 534/1117/1706
g default
v 10.893319 6.523535 -0.601978
v 10.780764 6.777133 -0.601978
v 10.893319 6.523534 -0.830311
v 10.780764 6.777133 -0.830311
v 10.914076 6.535914 -0.601978
v 10.801522 6.789512 -0.601978
v 10.914076 6.535914 -0.830311
v 10.801522 6.789512 -0.830311
v 10.830927 6.791993 -0.821400
v 10.932914 6.562204 -0.821400
v 10.932914 6.562204 -0.607892
v 10.830927 6.791993 -0.607892
v 10.873299 6.776570 -0.807908
v 10.946724 6.611133 -0.807908
v 10.946724 6.611133 -0.621627
v 10.873299 6.776570 -0.621627
v 10.906189 6.750317 -0.787197
v 10.947421 6.657416 -0.787197
v 10.947421 6.657416 -0.642944
v 10.906189 6.750317 -0.642944
vt 0.091673 0.141408
vt 0.091673 0.003215
vt 0.104855 0.003215
vt 0.104855 0.141408
vt 0.122035 0.003215
vt 0.122035 0.141408
vt 0.104855 0.283732
vt 0.104855 0.421925
vt 0.091673 0.421925
vt 0.091673 0.283732
vt 0.104855 0.564249
vt 0.091673 0.564249
vt 0.122035 0.421925
vt 0.122035 0.283732
vt 0.148253 0.283732
vt 0.148253 0.421925
vt 0.122035 0.564249
vt 0.148253 0.564249
vt 0.173701 0.421925
vt 0.173701 0.564249
vt 0.148253 0.141408
vt 0.148253 0.003215
vt 0.639726 0.659699
vt 0.688400 0.659699
vt 0.688400 0.737118
vt 0.639726 0.737118
vt 0.173701 0.003215
vt 0.173701 0.141408
vt 0.173701 0.283732
vn 0.342389 -0.574113 -0.743750
vn -0.342389 0.574112 -0.743751
vn -0.132100 0.668697 -0.731706
vn 0.534435 -0.464625 -0.706047
vn 0.534435 -0.464625 -0.706047
vn -0.132100 0.668697 -0.731706
vn 0.260321 0.730831 -0.630967
vn 0.779345 -0.224552 -0.584977
vn 0.519604 -0.484974 0.703429
vn -0.160408 0.668018 0.726651
vn -0.342389 0.574113 0.743750
vn 0.342389 -0.574112 0.743751
vn 0.342389 -0.574113 -0.743750
vn 0.534435 -0.464625 -0.706047
vn 0.519604 -0.484974 0.703429
vn 0.342389 -0.574112 0.743751
vn -0.132100 0.668697 -0.731706
vn -0.342389 0.574112 -0.743751
vn -0.342389 0.574113 0.743750
vn -0.160408 0.668018 0.726651
vn 0.228118 0.712112 0.663972
vn 0.749261 -0.236567 0.618583
vn 0.850117 0.008964 0.526518
vn 0.535972 0.630581 0.561338
vn -0.160408 0.668018 0.726651
vn 0.519604 -0.484974 0.703429
vn 0.749261 -0.236567 0.618583
vn 0.228118 0.712112 0.663972
vn 0.519604 -0.484974 0.703429
vn 0.534435 -0.464625 -0.706047
vn 0.779345 -0.224552 -0.584977
vn 0.749261 -0.236567 0.618583
vn -0.132100 0.668697 -0.731706
vn -0.160408 0.668018 0.726651
vn 0.228118 0.712112 0.663972
vn 0.260321 0.730831 -0.630967
vn 0.533071 0.630405 -0.564291
vn 0.535972 0.630581 0.561338
vn 0.791141 0.529083 0.306867
vn 0.789308 0.527797 -0.313725
vn 0.749261 -0.236567 0.618583
vn 0.779345 -0.224552 -0.584977
vn 0.848403 0.007150 -0.529303
vn 0.850117 0.008964 0.526518
vn 0.260321 0.730831 -0.630967
vn 0.228118 0.712112 0.663972
vn 0.535972 0.630581 0.561338
vn 0.533071 0.630405 -0.564291
vn 0.779345 -0.224552 -0.584977
vn 0.260321 0.730831 -0.630967
vn 0.533071 0.630405 -0.564291
vn 0.848403 0.007150 -0.529303
vn 0.922821 0.238379 -0.302617
vn 0.789308 0.527797 -0.313725
vn 0.791141 0.529083 0.306867
vn 0.924857 0.238856 0.295951
vn 0.848403 0.007150 -0.529303
vn 0.533071 0.630405 -0.564291
vn 0.789308 0.527797 -0.313725
vn 0.922821 0.238379 -0.302617
vn 0.535972 0.630581 0.561338
vn 0.850117 0.008964 0.526518
vn 0.924857 0.238856 0.295951
vn 0.791141 0.529083 0.306867
vn 0.850117 0.008964 0.526518
vn 0.848403 0.007150 -0.529303
vn 0.922821 0.238379 -0.302617
vn 0.924857 0.238856 0.295951
s off
g lightTower lightTowerGrp lightGrp1 light2 polySurface12
usemtl SM_Light_Tower_1_JFGSG
f 543/1118/1707 544/1119/1708 548/1120/1709 547/1121/1710
f 547/1121/1711 548/1120/1712 549/1122/1713 550/1123/1714
f 545/1124/1715 546/1125/1716 542/1126/1717 541/1127/1718
f 543/1118/1719 547/1121/1720 545/1124/1721 541/1127/1722
f 548/1128/1723 544/1129/1724 542/1126/1725 546/1125/1726
f 552/1130/1727 551/1131/1728 555/1132/1729 556/1133/1730
f 546/1125/1731 545/1124/1732 551/1131/1733 552/1130/1734
f 545/1124/1735 547/1121/1736 550/1123/1737 551/1131/1738
f 548/1128/1739 546/1125/1740 552/1130/1741 549/1134/1742
f 553/1135/1743 556/1133/1744 560/1136/1745 557/1137/1746
f 551/1131/1747 550/1123/1748 554/1138/1749 555/1132/1750
f 549/1134/1751 552/1130/1752 556/1133/1753 553/1135/1754
f 550/1123/1755 549/1122/1756 553/1139/1757 554/1138/1758
f 558/1140/1759 557/1141/1760 560/1142/1761 559/1143/1762
f 554/1138/1763 553/1139/1764 557/1144/1765 558/1145/1766
f 556/1133/1767 555/1132/1768 559/1146/1769 560/1136/1770
f 555/1132/1771 554/1138/1772 558/1145/1773 559/1146/1774
g default
v 10.893528 6.520044 -0.695417
v 10.891926 6.523653 -0.695417
v 10.893528 6.520044 -0.738687
v 10.891926 6.523653 -0.738687
v 10.906989 6.528118 -0.696010
v 10.907352 6.532947 -0.696010
v 10.906358 6.527742 -0.738122
v 10.906722 6.532570 -0.738122
vt 0.065212 0.684291
vt 0.061714 0.684291
vt 0.061714 0.641332
vt 0.065212 0.641332
vt 0.061714 0.625206
vt 0.065212 0.625206
vt 0.061714 0.582247
vt 0.065212 0.582247
vt 0.065212 0.700417
vt 0.061714 0.700417
vt 0.085185 0.630963
vt 0.067655 0.630963
vt 0.067655 0.582589
vt 0.085185 0.582589
vn -0.258500 -0.727867 0.635128
vn -0.623097 -0.284719 0.728481
vn -0.623123 -0.284697 -0.728468
vn -0.258587 -0.727869 -0.635090
vn -0.258587 -0.727869 -0.635090
vn -0.623123 -0.284697 -0.728468
vn 0.843382 -0.059072 -0.534057
vn 0.685206 -0.388632 -0.616002
vn 0.685206 -0.388632 -0.616002
vn 0.843382 -0.059072 -0.534057
vn 0.851304 -0.059558 0.521281
vn 0.693009 -0.385446 0.609238
vn 0.693009 -0.385446 0.609238
vn 0.851304 -0.059558 0.521281
vn -0.623097 -0.284719 0.728481
vn -0.258500 -0.727867 0.635128
vn -0.258587 -0.727869 -0.635090
vn 0.685206 -0.388632 -0.616002
vn 0.693009 -0.385446 0.609238
vn -0.258500 -0.727867 0.635128
s off
g lightTower lightTowerGrp lightGrp1 light2 polySurface10
usemtl SM_Light_Tower_1_JFGSG
f 561/1147/1775 562/1148/1776 564/1149/1777 563/1150/1778
f 563/1150/1779 564/1149/1780 568/1151/1781 567/1152/1782
f 567/1152/1783 568/1151/1784 566/1153/1785 565/1154/1786
f 565/1155/1787 566/1156/1788 562/1148/1789 561/1147/1790
f 563/1157/1791 567/1158/1792 565/1159/1793 561/1160/1794
g default
v 10.641251 6.865005 -0.881388
v 10.669946 6.882118 -0.881388
v 10.648403 6.848891 -0.872305
v 10.677098 6.866004 -0.872305
v 10.648403 6.848891 -0.854140
v 10.677098 6.866004 -0.854140
v 10.641251 6.865005 -0.845058
v 10.669946 6.882118 -0.845058
v 10.634099 6.881119 -0.854140
v 10.662794 6.898233 -0.854140
v 10.634099 6.881119 -0.872305
v 10.662794 6.898233 -0.872305
vt 0.524346 0.817021
vt 0.506919 0.817021
vt 0.506919 0.807272
vt 0.524346 0.807272
vt 0.524346 0.865765
vt 0.506919 0.865765
vt 0.506919 0.856016
vt 0.524346 0.856016
vt 0.506919 0.846267
vt 0.524346 0.846267
vt 0.506919 0.836518
vt 0.524346 0.836518
vt 0.407949 0.963233
vt 0.416392 0.958359
vt 0.424834 0.963233
vt 0.424834 0.972982
vt 0.416392 0.977857
vt 0.407949 0.972982
vt 0.506919 0.826769
vt 0.524346 0.826769
vt 0.139988 0.960600
vt 0.148430 0.965474
vt 0.148430 0.975222
vt 0.139987 0.980096
vt 0.131545 0.975223
vt 0.131545 0.965474
vn -0.550095 -0.244148 -0.798615
vn 0.550097 0.244149 -0.798614
vn 0.869507 -0.290064 -0.399776
vn -0.256118 -0.859993 -0.441379
vn -0.256118 -0.859993 -0.441379
vn 0.869507 -0.290064 -0.399776
vn 0.869506 -0.290064 0.399777
vn -0.256119 -0.859993 0.441379
vn -0.256119 -0.859993 0.441379
vn 0.869506 -0.290064 0.399777
vn 0.550096 0.244148 0.798615
vn -0.550097 -0.244148 0.798614
vn -0.550097 -0.244148 0.798614
vn 0.550096 0.244148 0.798615
vn 0.256117 0.859993 0.441379
vn -0.869507 0.290063 0.399776
vn 0.869507 -0.290064 -0.399776
vn 0.550097 0.244149 -0.798614
vn 0.256118 0.859993 -0.441379
vn 0.256117 0.859993 0.441379
vn 0.550096 0.244148 0.798615
vn 0.869506 -0.290064 0.399777
vn -0.869507 0.290063 0.399776
vn 0.256117 0.859993 0.441379
vn 0.256118 0.859993 -0.441379
vn -0.869507 0.290064 -0.399777
vn -0.869507 0.290064 -0.399777
vn 0.256118 0.859993 -0.441379
vn 0.550097 0.244149 -0.798614
vn -0.550095 -0.244148 -0.798615
vn -0.550095 -0.244148 -0.798615
vn -0.256118 -0.859993 -0.441379
vn -0.256119 -0.859993 0.441379
vn -0.550097 -0.244148 0.798614
vn -0.869507 0.290063 0.399776
vn -0.869507 0.290064 -0.399777
s off
g lightTower lightTowerGrp lightGrp1 light2 polySurface54
usemtl SM_Light_Tower_1_JFGSG
f 569/1161/1795 570/1162/1796 572/1163/1797 571/1164/1798
f 571/1165/1799 572/1166/1800 574/1167/1801 573/1168/1802
f 573/1168/1803 574/1167/1804 576/1169/1805 575/1170/1806
f 575/1170/1807 576/1169/1808 578/1171/1809 577/1172/1810
f 572/1173/1811 570/1174/1812 580/1175/1813 578/1176/1814 576/1177/1815 574/1178/1816
f 577/1172/1817 578/1171/1818 580/1179/1819 579/1180/1820
f 579/1180/1821 580/1179/1822 570/1162/1823 569/1161/1824
f 569/1181/1825 571/1182/1826 573/1183/1827 575/1184/1828 577/1185/1829 579/1186/1830
g default
v 10.828105 6.710081 -0.601397
v 10.827933 6.710469 -0.612298
v 10.869207 6.622907 -0.599808
v 10.869235 6.622845 -0.611550
v 10.869306 6.736565 -0.607194
v 10.868902 6.736244 -0.614819
v 10.910967 6.650656 -0.605245
v 10.910563 6.650335 -0.614091
vt 0.631911 0.947890
vt 0.637912 0.947890
vt 0.637912 0.995345
vt 0.631911 0.995345
vt 0.631911 0.847610
vt 0.637912 0.847610
vt 0.637912 0.874022
vt 0.631911 0.874022
vt 0.637912 0.921478
vt 0.631911 0.921478
vt 0.461759 0.532552
vt 0.461759 0.507327
vt 0.506048 0.507327
vt 0.506048 0.532552
vn -0.763881 0.203222 0.612525
vn -0.962333 0.271572 0.012811
vn -0.293644 -0.955907 0.003730
vn -0.216754 -0.712182 0.667694
vn -0.216754 -0.712182 0.667694
vn -0.293644 -0.955907 0.003730
vn 0.971985 -0.231861 -0.038552
vn 0.830511 -0.166231 0.531618
vn 0.830511 -0.166231 0.531618
vn 0.971985 -0.231861 -0.038552
vn 0.310395 0.950032 -0.033078
vn 0.286516 0.768947 0.571514
vn 0.286516 0.768947 0.571514
vn 0.310395 0.950032 -0.033078
vn -0.962333 0.271572 0.012811
vn -0.763881 0.203222 0.612525
vn -0.216754 -0.712182 0.667694
vn 0.830511 -0.166231 0.531618
vn 0.286516 0.768947 0.571514
vn -0.763881 0.203222 0.612525
s off
g lightTower lightTowerGrp lightGrp1 light2 polySurface13
usemtl SM_Light_Tower_1_JFGSG
f 581/1187/1831 582/1188/1832 584/1189/1833 583/1190/1834
f 583/1191/1835 584/1192/1836 588/1193/1837 587/1194/1838
f 587/1194/1839 588/1193/1840 586/1195/1841 585/1196/1842
f 585/1196/1843 586/1195/1844 582/1188/1845 581/1187/1846
f 583/1197/1847 587/1198/1848 585/1199/1849 581/1200/1850
g default
v 10.893319 6.523535 -0.170297
v 10.780764 6.777133 -0.170297
v 10.893319 6.523535 -0.398629
v 10.780764 6.777133 -0.398629
v 10.914076 6.535914 -0.170297
v 10.801522 6.789512 -0.170297
v 10.914076 6.535914 -0.398629
v 10.801522 6.789512 -0.398629
v 10.830927 6.791993 -0.389719
v 10.932914 6.562204 -0.389719
v 10.932914 6.562204 -0.176211
v 10.830927 6.791993 -0.176211
v 10.873299 6.776570 -0.376227
v 10.946724 6.611133 -0.376227
v 10.946724 6.611133 -0.189945
v 10.873299 6.776570 -0.189945
v 10.906189 6.750317 -0.355515
v 10.947421 6.657416 -0.355515
v 10.947421 6.657416 -0.211262
v 10.906189 6.750317 -0.211262
vt 0.085244 0.426055
vt 0.085244 0.564249
vt 0.072061 0.564249
vt 0.072061 0.426055
vt 0.054881 0.564249
vt 0.054881 0.426055
vt 0.072061 0.283732
vt 0.072061 0.145538
vt 0.085244 0.145538
vt 0.085244 0.283732
vt 0.072061 0.003215
vt 0.085244 0.003215
vt 0.054881 0.145538
vt 0.054881 0.283732
vt 0.028663 0.283732
vt 0.028663 0.145538
vt 0.054881 0.003215
vt 0.028663 0.003215
vt 0.003215 0.145538
vt 0.003215 0.003215
vt 0.028663 0.426055
vt 0.028663 0.564249
vt 0.694829 0.659699
vt 0.743503 0.659699
vt 0.743503 0.737117
vt 0.694829 0.737117
vt 0.003215 0.564249
vt 0.003215 0.426055
vt 0.003215 0.283732
vn 0.342389 -0.574113 -0.743750
vn -0.342389 0.574112 -0.743751
vn -0.132101 0.668697 -0.731706
vn 0.534436 -0.464624 -0.706047
vn 0.534436 -0.464624 -0.706047
vn -0.132101 0.668697 -0.731706
vn 0.260320 0.730832 -0.630967
vn 0.779346 -0.224551 -0.584976
vn 0.519605 -0.484973 0.703429
vn -0.160410 0.668018 0.726651
vn -0.342389 0.574113 0.743750
vn 0.342389 -0.574112 0.743751
vn 0.342389 -0.574113 -0.743750
vn 0.534436 -0.464624 -0.706047
vn 0.519605 -0.484973 0.703429
vn 0.342389 -0.574112 0.743751
vn -0.132101 0.668697 -0.731706
vn -0.342389 0.574112 -0.743751
vn -0.342389 0.574113 0.743750
vn -0.160410 0.668018 0.726651
vn 0.228116 0.712113 0.663972
vn 0.749261 -0.236565 0.618582
vn 0.850116 0.008964 0.526518
vn 0.535972 0.630581 0.561339
vn -0.160410 0.668018 0.726651
vn 0.519605 -0.484973 0.703429
vn 0.749261 -0.236565 0.618582
vn 0.228116 0.712113 0.663972
vn 0.519605 -0.484973 0.703429
vn 0.534436 -0.464624 -0.706047
vn 0.779346 -0.224551 -0.584976
vn 0.749261 -0.236565 0.618582
vn -0.132101 0.668697 -0.731706
vn -0.160410 0.668018 0.726651
vn 0.228116 0.712113 0.663972
vn 0.260320 0.730832 -0.630967
vn 0.533071 0.630405 -0.564292
vn 0.535972 0.630581 0.561339
vn 0.791141 0.529083 0.306867
vn 0.789309 0.527796 -0.313725
vn 0.749261 -0.236565 0.618582
vn 0.779346 -0.224551 -0.584976
vn 0.848403 0.007150 -0.529303
vn 0.850116 0.008964 0.526518
vn 0.260320 0.730832 -0.630967
vn 0.228116 0.712113 0.663972
vn 0.535972 0.630581 0.561339
vn 0.533071 0.630405 -0.564292
vn 0.779346 -0.224551 -0.584976
vn 0.260320 0.730832 -0.630967
vn 0.533071 0.630405 -0.564292
vn 0.848403 0.007150 -0.529303
vn 0.922821 0.238378 -0.302617
vn 0.789309 0.527796 -0.313725
vn 0.791141 0.529083 0.306867
vn 0.924857 0.238856 0.295951
vn 0.848403 0.007150 -0.529303
vn 0.533071 0.630405 -0.564292
vn 0.789309 0.527796 -0.313725
vn 0.922821 0.238378 -0.302617
vn 0.535972 0.630581 0.561339
vn 0.850116 0.008964 0.526518
vn 0.924857 0.238856 0.295951
vn 0.791141 0.529083 0.306867
vn 0.850116 0.008964 0.526518
vn 0.848403 0.007150 -0.529303
vn 0.922821 0.238378 -0.302617
vn 0.924857 0.238856 0.295951
s off
g lightTower lightTowerGrp lightGrp1 polySurface5 light1
usemtl SM_Light_Tower_1_JFGSG
f 591/1201/1851 592/1202/1852 596/1203/1853 595/1204/1854
f 595/1204/1855 596/1203/1856 597/1205/1857 598/1206/1858
f 593/1207/1859 594/1208/1860 590/1209/1861 589/1210/1862
f 591/1201/1863 595/1204/1864 593/1207/1865 589/1210/1866
f 596/1211/1867 592/1212/1868 590/1209/1869 594/1208/1870
f 600/1213/1871 599/1214/1872 603/1215/1873 604/1216/1874
f 594/1208/1875 593/1207/1876 599/1214/1877 600/1213/1878
f 593/1207/1879 595/1204/1880 598/1206/1881 599/1214/1882
f 596/1211/1883 594/1208/1884 600/1213/1885 597/1217/1886
f 601/1218/1887 604/1216/1888 608/1219/1889 605/1220/1890
f 599/1214/1891 598/1206/1892 602/1221/1893 603/1215/1894
f 597/1217/1895 600/1213/1896 604/1216/1897 601/1218/1898
f 598/1206/1899 597/1205/1900 601/1222/1901 602/1221/1902
f 606/1223/1903 605/1224/1904 608/1225/1905 607/1226/1906
f 602/1221/1907 601/1222/1908 605/1227/1909 606/1228/1910
f 604/1216/1911 603/1215/1912 607/1229/1913 608/1219/1914
f 603/1215/1915 602/1221/1916 606/1228/1917 607/1229/1918
g default
v 10.865200 6.519209 -0.172052
v 10.758845 6.758839 -0.172052
v 10.865200 6.519209 -0.404498
v 10.758845 6.758839 -0.404498
v 10.894839 6.518003 -0.157477
v 10.775232 6.787494 -0.157477
v 10.894839 6.518003 -0.419073
v 10.775232 6.787494 -0.419073
v 10.871826 6.504279 -0.419073
v 10.871826 6.504279 -0.157477
v 10.752219 6.773769 -0.157477
v 10.752219 6.773769 -0.419073
v 10.882453 6.529498 -0.404498
v 10.882453 6.529498 -0.172052
v 10.776098 6.769128 -0.172052
v 10.776098 6.769128 -0.404498
vt 0.989897 0.521292
vt 0.989897 0.646042
vt 0.979419 0.646042
vt 0.979419 0.521292
vt 0.956082 0.536136
vt 0.956082 0.677331
vt 0.942106 0.677331
vt 0.942106 0.536136
vt 0.587401 0.389312
vt 0.587401 0.248117
vt 0.727796 0.248117
vt 0.727796 0.389312
vt 0.942106 0.958921
vt 0.942106 0.817726
vt 0.956082 0.817726
vt 0.956082 0.958921
vt 0.942106 0.395741
vt 0.956082 0.395741
vt 0.392537 0.626391
vt 0.517287 0.626391
vt 0.525109 0.634213
vt 0.384715 0.634214
vt 0.392534 0.500842
vt 0.392534 0.626395
vt 0.384711 0.634216
vt 0.384712 0.493020
vt 0.517286 0.500843
vt 0.525109 0.493020
vt 0.764477 0.527721
vt 0.764477 0.653270
vt 0.639726 0.653270
vt 0.639726 0.527721
vt 0.989897 0.771592
vt 0.989897 0.896341
vt 0.979420 0.896341
vt 0.979419 0.771592
vt 0.989897 0.395741
vt 0.979419 0.395741
vn -0.710406 -0.627130 -0.319423
vn -0.710406 -0.627130 0.319423
vn -0.271769 -0.731311 0.625560
vn -0.271769 -0.731312 -0.625560
vn -0.271769 -0.731312 -0.625560
vn -0.785427 0.217218 -0.579587
vn 0.271769 0.731311 -0.625560
vn 0.785427 -0.217218 -0.579587
vn 0.785427 -0.217218 -0.579587
vn 0.271769 0.731311 -0.625560
vn 0.271769 0.731312 0.625560
vn 0.785427 -0.217218 0.579587
vn 0.785427 -0.217218 0.579587
vn 0.271769 0.731312 0.625560
vn -0.785427 0.217218 0.579587
vn -0.271769 -0.731311 0.625560
vn -0.271769 -0.731312 -0.625560
vn 0.785427 -0.217218 -0.579587
vn 0.785427 -0.217218 0.579587
vn -0.271769 -0.731311 0.625560
vn 0.271769 0.731311 -0.625560
vn -0.785427 0.217218 -0.579587
vn -0.785427 0.217218 0.579587
vn 0.271769 0.731312 0.625560
vn -0.945370 -0.126107 -0.300620
vn -0.945370 -0.126107 0.300620
vn -0.271769 -0.731312 -0.625560
vn -0.271769 -0.731311 0.625560
vn -0.710406 -0.627130 -0.319423
vn -0.945370 -0.126107 -0.300620
vn -0.271769 -0.731311 0.625560
vn -0.785427 0.217218 0.579587
vn -0.710406 -0.627130 0.319423
vn -0.710406 -0.627130 -0.319423
vn -0.785427 0.217218 0.579587
vn -0.785427 0.217218 -0.579587
vn -0.945370 -0.126107 0.300620
vn -0.710406 -0.627130 0.319423
vn -0.785427 0.217218 -0.579587
vn -0.271769 -0.731312 -0.625560
vn -0.785427 0.217218 -0.579587
vn -0.271769 -0.731312 -0.625560
vn -0.271769 -0.731311 0.625560
vn -0.785427 0.217218 0.579587
vn -0.945370 -0.126107 0.300620
vn -0.945370 -0.126107 -0.300620
vn -0.785427 0.217218 -0.579587
vn -0.785427 0.217218 0.579587
vn -0.710406 -0.627130 0.319423
vn -0.945370 -0.126107 0.300620
vn -0.785427 0.217218 0.579587
vn -0.271769 -0.731311 0.625560
vn -0.945370 -0.126107 -0.300620
vn -0.710406 -0.627130 -0.319423
vn -0.271769 -0.731312 -0.625560
vn -0.785427 0.217218 -0.579587
s off
g lightTower lightTowerGrp lightGrp1 light1 polySurface4
usemtl SM_Light_Tower_1_JFGSG
f 610/1230/1919 612/1231/1920 624/1232/1921 623/1233/1922
f 617/1234/1923 620/1235/1924 616/1236/1925 615/1237/1926
f 615/1238/1927 616/1239/1928 614/1240/1929 613/1241/1930
f 613/1242/1931 614/1243/1932 619/1244/1933 618/1245/1934
f 617/1234/1935 615/1237/1936 613/1246/1937 618/1247/1938
f 616/1236/1939 620/1235/1940 619/1244/1941 614/1243/1942
f 609/1248/1943 611/1249/1944 617/1250/1945 618/1251/1946
f 610/1252/1947 609/1253/1948 618/1254/1949 619/1255/1950
f 612/1256/1951 610/1252/1952 619/1255/1953 620/1257/1954
f 611/1249/1955 612/1256/1956 620/1257/1957 617/1250/1958
f 622/1258/1959 623/1259/1960 624/1260/1961 621/1261/1962
f 611/1262/1963 609/1263/1964 622/1264/1965 621/1265/1966
f 612/1231/1967 611/1262/1968 621/1265/1969 624/1232/1970
f 609/1266/1971 610/1230/1972 623/1233/1973 622/1267/1974
g default
v 10.639913 6.864207 -0.445043
v 10.669946 6.882118 -0.445286
v 10.647065 6.848093 -0.435961
v 10.677098 6.866004 -0.436203
v 10.647065 6.848093 -0.417796
v 10.677098 6.866004 -0.418038
v 10.639913 6.864207 -0.408714
v 10.669946 6.882118 -0.408956
v 10.632761 6.880321 -0.417796
v 10.662794 6.898233 -0.418038
v 10.632761 6.880321 -0.435961
v 10.662794 6.898233 -0.436203
vt 0.643781 0.853530
vt 0.662022 0.853543
vt 0.661981 0.863292
vt 0.643740 0.863279
vt 0.643781 0.804786
vt 0.662022 0.804799
vt 0.661946 0.814548
vt 0.643705 0.814535
vt 0.661905 0.824297
vt 0.643664 0.824283
vt 0.661932 0.834046
vt 0.643691 0.834032
vt 0.970954 0.974122
vt 0.962511 0.969247
vt 0.962511 0.959497
vt 0.970954 0.954624
vt 0.979396 0.959499
vt 0.979396 0.969247
vt 0.661995 0.843794
vt 0.643753 0.843781
vt 0.679333 0.972506
vt 0.670890 0.967631
vt 0.670890 0.957882
vt 0.679333 0.953008
vt 0.687775 0.957882
vt 0.687775 0.967631
vn -0.552548 -0.245236 -0.796587
vn 0.547644 0.243060 -0.800630
vn 0.868409 -0.290714 -0.401685
vn -0.257540 -0.860601 -0.439362
vn -0.257540 -0.860601 -0.439362
vn 0.868409 -0.290714 -0.401685
vn 0.870596 -0.289421 0.397868
vn -0.254686 -0.859381 0.443395
vn -0.254686 -0.859381 0.443395
vn 0.870596 -0.289421 0.397868
vn 0.552548 0.245236 0.796587
vn -0.547644 -0.243060 0.800630
vn -0.547644 -0.243060 0.800630
vn 0.552548 0.245236 0.796587
vn 0.257539 0.860601 0.439362
vn -0.868410 0.290713 0.401685
vn 0.868409 -0.290714 -0.401685
vn 0.547644 0.243060 -0.800630
vn 0.254686 0.859381 -0.443395
vn 0.257539 0.860601 0.439362
vn 0.552548 0.245236 0.796587
vn 0.870596 -0.289421 0.397868
vn -0.868410 0.290713 0.401685
vn 0.257539 0.860601 0.439362
vn 0.254686 0.859381 -0.443395
vn -0.870596 0.289421 -0.397868
vn -0.870596 0.289421 -0.397868
vn 0.254686 0.859381 -0.443395
vn 0.547644 0.243060 -0.800630
vn -0.552548 -0.245236 -0.796587
vn -0.552548 -0.245236 -0.796587
vn -0.257540 -0.860601 -0.439362
vn -0.254686 -0.859381 0.443395
vn -0.547644 -0.243060 0.800630
vn -0.868410 0.290713 0.401685
vn -0.870596 0.289421 -0.397868
s off
g lightTower lightTowerGrp lightGrp1 light1 polySurface56
usemtl SM_Light_Tower_1_JFGSG
f 625/1268/1975 626/1269/1976 628/1270/1977 627/1271/1978
f 627/1272/1979 628/1273/1980 630/1274/1981 629/1275/1982
f 629/1275/1983 630/1274/1984 632/1276/1985 631/1277/1986
f 631/1277/1987 632/1276/1988 634/1278/1989 633/1279/1990
f 628/1280/1991 626/1281/1992 636/1282/1993 634/1283/1994 632/1284/1995 630/1285/1996
f 633/1279/1997 634/1278/1998 636/1286/1999 635/1287/2000
f 635/1287/2001 636/1286/2002 626/1269/2003 625/1268/2004
f 625/1288/2005 627/1289/2006 629/1290/2007 631/1291/2008 633/1292/2009 635/1293/2010
g default
v 10.641251 6.865005 -0.165322
v 10.669946 6.882118 -0.165322
v 10.648403 6.848891 -0.156239
v 10.677098 6.866004 -0.156239
v 10.648403 6.848891 -0.138074
v 10.677098 6.866004 -0.138074
v 10.641251 6.865005 -0.128992
v 10.669946 6.882118 -0.128992
v 10.634099 6.881120 -0.138074
v 10.662794 6.898233 -0.138074
v 10.634099 6.881120 -0.156239
v 10.662794 6.898233 -0.156239
vt 0.507532 0.548370
vt 0.490105 0.548370
vt 0.490105 0.538621
vt 0.507532 0.538621
vt 0.507532 0.597114
vt 0.490105 0.597114
vt 0.490105 0.587365
vt 0.507532 0.587365
vt 0.490105 0.577616
vt 0.507532 0.577616
vt 0.490105 0.567867
vt 0.507532 0.567867
vt 0.373916 0.964605
vt 0.373916 0.974354
vt 0.365474 0.979229
vt 0.357032 0.974354
vt 0.357032 0.964605
vt 0.365475 0.959731
vt 0.490105 0.558119
vt 0.507532 0.558119
vt 0.961330 0.933572
vt 0.969773 0.928698
vt 0.978215 0.933572
vt 0.978215 0.943321
vt 0.969773 0.948195
vt 0.961330 0.943321
vn -0.550095 -0.244148 -0.798616
vn 0.550098 0.244149 -0.798613
vn 0.869506 -0.290064 -0.399777
vn -0.256118 -0.859993 -0.441379
vn -0.256118 -0.859993 -0.441379
vn 0.869506 -0.290064 -0.399777
vn 0.869506 -0.290064 0.399777
vn -0.256119 -0.859993 0.441379
vn -0.256119 -0.859993 0.441379
vn 0.869506 -0.290064 0.399777
vn 0.550096 0.244148 0.798615
vn -0.550097 -0.244149 0.798614
vn -0.550097 -0.244149 0.798614
vn 0.550096 0.244148 0.798615
vn 0.256119 0.859993 0.441379
vn -0.869506 0.290065 0.399777
vn 0.869506 -0.290064 -0.399777
vn 0.550098 0.244149 -0.798613
vn 0.256119 0.859993 -0.441379
vn 0.256119 0.859993 0.441379
vn 0.550096 0.244148 0.798615
vn 0.869506 -0.290064 0.399777
vn -0.869506 0.290065 0.399777
vn 0.256119 0.859993 0.441379
vn 0.256119 0.859993 -0.441379
vn -0.869506 0.290064 -0.399777
vn -0.869506 0.290064 -0.399777
vn 0.256119 0.859993 -0.441379
vn 0.550098 0.244149 -0.798613
vn -0.550095 -0.244148 -0.798616
vn -0.550095 -0.244148 -0.798616
vn -0.256118 -0.859993 -0.441379
vn -0.256119 -0.859993 0.441379
vn -0.550097 -0.244149 0.798614
vn -0.869506 0.290065 0.399777
vn -0.869506 0.290064 -0.399777
s off
g lightTower lightTowerGrp lightGrp1 light1 polySurface53
usemtl SM_Light_Tower_1_JFGSG
f 637/1294/2011 638/1295/2012 640/1296/2013 639/1297/2014
f 639/1298/2015 640/1299/2016 642/1300/2017 641/1301/2018
f 641/1301/2019 642/1300/2020 644/1302/2021 643/1303/2022
f 643/1303/2023 644/1302/2024 646/1304/2025 645/1305/2026
f 640/1306/2027 638/1307/2028 648/1308/2029 646/1309/2030 644/1310/2031 642/1311/2032
f 645/1305/2033 646/1304/2034 648/1312/2035 647/1313/2036
f 647/1313/2037 648/1312/2038 638/1295/2039 637/1294/2040
f 637/1314/2041 639/1315/2042 641/1316/2043 643/1317/2044 645/1318/2045 647/1319/2046
g default
v 10.668761 6.881411 -0.413348
v 10.668761 6.881411 -0.165846
v 10.668075 6.865012 -0.413348
v 10.668075 6.865012 -0.165846
v 10.655480 6.857501 -0.413348
v 10.655480 6.857501 -0.165846
v 10.643571 6.866389 -0.413348
v 10.643571 6.866389 -0.165846
v 10.644257 6.882788 -0.413348
v 10.644257 6.882788 -0.165846
v 10.656852 6.890300 -0.413348
v 10.656852 6.890300 -0.165847
vt 0.595219 0.668480
vt 0.595218 0.938633
vt 0.589112 0.938633
vt 0.589113 0.668480
vt 0.625753 0.668480
vt 0.625753 0.938633
vt 0.619646 0.938633
vt 0.619645 0.668480
vt 0.613539 0.938633
vt 0.613539 0.668480
vt 0.607432 0.938633
vt 0.607433 0.668480
vt 0.601326 0.938633
vt 0.601325 0.668480
vn 0.999127 -0.041778 0.000000
vn 0.999127 -0.041778 0.000000
vn 0.999127 -0.041778 0.000000
vn 0.999127 -0.041778 0.000000
vn 0.512207 -0.858862 0.000000
vn 0.512207 -0.858862 0.000000
vn 0.512207 -0.858862 0.000000
vn 0.512207 -0.858862 0.000000
vn -0.598118 -0.801408 0.000000
vn -0.598118 -0.801408 0.000000
vn -0.598118 -0.801408 0.000000
vn -0.598118 -0.801408 0.000000
vn -0.999127 0.041778 -0.000000
vn -0.999127 0.041778 -0.000000
vn -0.999127 0.041778 -0.000000
vn -0.999127 0.041778 -0.000000
vn -0.512207 0.858862 -0.000000
vn -0.512207 0.858862 -0.000000
vn -0.512207 0.858862 -0.000000
vn -0.512207 0.858862 -0.000000
vn 0.598118 0.801408 -0.000000
vn 0.598118 0.801408 -0.000000
vn 0.598118 0.801408 -0.000000
vn 0.598118 0.801408 -0.000000
s off
g lightTower lightTowerGrp lightGrp1 light1 polySurface103
usemtl SM_Light_Tower_1_JFGSG
f 649/1320/2047 650/1321/2048 652/1322/2049 651/1323/2050
f 651/1324/2051 652/1325/2052 654/1326/2053 653/1327/2054
f 653/1327/2055 654/1326/2056 656/1328/2057 655/1329/2058
f 655/1329/2059 656/1328/2060 658/1330/2061 657/1331/2062
f 657/1331/2063 658/1330/2064 660/1332/2065 659/1333/2066
f 659/1333/2067 660/1332/2068 650/1321/2069 649/1320/2070
g default
v 10.707059 6.761692 -0.423270
v 10.797305 6.815513 -0.423270
v 10.708836 6.757689 -0.430038
v 10.799081 6.811510 -0.430038
v 10.712389 6.749683 -0.430038
v 10.802635 6.803504 -0.430038
v 10.714165 6.745681 -0.423269
v 10.804411 6.799501 -0.423270
v 10.712389 6.749683 -0.416501
v 10.802635 6.803504 -0.416501
v 10.708836 6.757689 -0.416501
v 10.799081 6.811510 -0.416501
vt 0.683905 0.743547
vt 0.683905 0.798356
vt 0.679711 0.798356
vt 0.679711 0.743547
vt 0.675516 0.798356
vt 0.675516 0.743547
vt 0.671322 0.798356
vt 0.671322 0.743547
vt 0.696489 0.743547
vt 0.696488 0.798356
vt 0.692294 0.798356
vt 0.692295 0.743547
vt 0.688099 0.798356
vt 0.688100 0.743547
vt 0.976504 0.052777
vt 0.972873 0.050681
vt 0.972873 0.046486
vt 0.976505 0.044389
vt 0.980137 0.046486
vt 0.980137 0.050680
vn -0.512207 0.858862 -0.000000
vn 0.207389 0.978258 -0.000000
vn 0.382365 0.576638 -0.722001
vn -0.235912 0.395575 -0.887618
vn -0.235912 0.395575 -0.887618
vn 0.382365 0.576638 -0.722001
vn 0.726304 -0.063422 -0.684441
vn 0.235918 -0.395584 -0.887612
vn 0.235918 -0.395584 -0.887612
vn 0.726304 -0.063422 -0.684441
vn 0.926650 -0.375926 -0.000000
vn 0.512207 -0.858862 0.000000
vn 0.512207 -0.858862 0.000000
vn 0.926650 -0.375926 -0.000000
vn 0.726304 -0.063422 0.684441
vn 0.235918 -0.395584 0.887612
vn 0.235918 -0.395584 0.887612
vn 0.726304 -0.063422 0.684441
vn 0.382365 0.576639 0.722001
vn -0.235912 0.395575 0.887618
vn -0.235912 0.395575 0.887618
vn 0.382365 0.576639 0.722001
vn 0.207389 0.978258 -0.000000
vn -0.512207 0.858862 -0.000000
vn 0.382365 0.576638 -0.722001
vn 0.207389 0.978258 -0.000000
vn 0.382365 0.576639 0.722001
vn 0.726304 -0.063422 0.684441
vn 0.926650 -0.375926 -0.000000
vn 0.726304 -0.063422 -0.684441
s off
g lightTower lightTowerGrp lightGrp1 light1 polySurface64
usemtl SM_Light_Tower_1_JFGSG
f 661/1334/2071 662/1335/2072 664/1336/2073 663/1337/2074
f 663/1337/2075 664/1336/2076 666/1338/2077 665/1339/2078
f 665/1339/2079 666/1338/2080 668/1340/2081 667/1341/2082
f 667/1342/2083 668/1343/2084 670/1344/2085 669/1345/2086
f 669/1345/2087 670/1344/2088 672/1346/2089 671/1347/2090
f 671/1347/2091 672/1346/2092 662/1335/2093 661/1334/2094
f 664/1348/2095 662/1349/2096 672/1350/2097 670/1351/2098 668/1352/2099 666/1353/2100
g default
v 10.799199 6.817649 -0.422952
v 10.799199 6.817649 -0.153682
v 10.807728 6.817170 -0.422952
v 10.807728 6.817170 -0.153682
v 10.811634 6.808368 -0.422952
v 10.811634 6.808368 -0.153682
v 10.807012 6.800045 -0.422952
v 10.807012 6.800045 -0.153682
v 10.798483 6.800525 -0.422952
v 10.798483 6.800525 -0.153682
v 10.794576 6.809326 -0.422952
v 10.794576 6.809326 -0.153682
vt 0.671040 0.086048
vt 0.671040 0.230559
vt 0.666428 0.230559
vt 0.666428 0.086048
vt 0.661817 0.230559
vt 0.661816 0.086048
vt 0.657205 0.230559
vt 0.657204 0.086048
vt 0.684875 0.086048
vt 0.684874 0.230559
vt 0.680263 0.230559
vt 0.680263 0.086048
vt 0.675651 0.230559
vt 0.675652 0.086048
vt 0.698091 0.901504
vt 0.698091 0.907833
vt 0.692610 0.910997
vt 0.687128 0.907833
vt 0.687129 0.901503
vt 0.692610 0.898339
vn -0.512207 0.858862 -0.000000
vn -0.389019 0.652302 0.650512
vn 0.456801 0.612063 0.645533
vn 0.598117 0.801409 -0.000000
vn 0.598117 0.801409 -0.000000
vn 0.456801 0.612063 0.645533
vn 0.793462 -0.033179 0.607714
vn 0.999127 -0.041779 0.000000
vn 0.999127 -0.041779 0.000000
vn 0.793462 -0.033179 0.607714
vn 0.389019 -0.652302 0.650513
vn 0.512207 -0.858862 0.000000
vn 0.512207 -0.858862 0.000000
vn 0.389019 -0.652302 0.650513
vn -0.456802 -0.612061 0.645533
vn -0.598117 -0.801409 0.000000
vn -0.598117 -0.801409 0.000000
vn -0.456802 -0.612061 0.645533
vn -0.793463 0.033180 0.607714
vn -0.999127 0.041779 -0.000000
vn -0.999127 0.041779 -0.000000
vn -0.793463 0.033180 0.607714
vn -0.389019 0.652302 0.650512
vn -0.512207 0.858862 -0.000000
vn 0.456801 0.612063 0.645533
vn -0.389019 0.652302 0.650512
vn -0.793463 0.033180 0.607714
vn -0.456802 -0.612061 0.645533
vn 0.389019 -0.652302 0.650513
vn 0.793462 -0.033179 0.607714
s off
g lightTower lightTowerGrp lightGrp1 light1 polySurface65
usemtl SM_Light_Tower_1_JFGSG
f 673/1354/2101 674/1355/2102 676/1356/2103 675/1357/2104
f 675/1357/2105 676/1356/2106 678/1358/2107 677/1359/2108
f 677/1359/2109 678/1358/2110 680/1360/2111 679/1361/2112
f 679/1362/2113 680/1363/2114 682/1364/2115 681/1365/2116
f 681/1365/2117 682/1364/2118 684/1366/2119 683/1367/2120
f 683/1367/2121 684/1366/2122 674/1355/2123 673/1354/2124
f 676/1368/2125 674/1369/2126 684/1370/2127 682/1371/2128 680/1372/2129 678/1373/2130
g default
v 10.964042 6.342157 -0.147419
v 10.985057 6.358586 -0.147419
v 10.966547 6.336511 -0.156965
v 10.988287 6.351308 -0.159725
v 10.971559 6.325219 -0.156965
v 10.994747 6.336752 -0.159725
v 10.974065 6.319574 -0.147419
v 10.997978 6.329474 -0.147419
v 10.971559 6.325219 -0.137872
v 10.994747 6.336752 -0.135113
v 10.966547 6.336511 -0.137872
v 10.988287 6.351308 -0.135113
v 10.663175 6.890326 -0.147419
v 10.730120 6.930421 -0.147419
v 10.665356 6.885411 -0.155729
v 10.732331 6.925439 -0.155843
v 10.669719 6.875582 -0.155729
v 10.736754 6.915475 -0.155843
v 10.671900 6.870667 -0.147419
v 10.738965 6.910493 -0.147419
v 10.669719 6.875582 -0.139109
v 10.736754 6.915475 -0.138995
v 10.665356 6.885411 -0.139109
v 10.732331 6.925439 -0.138995
v 10.982268 6.366560 -0.147419
v 10.742564 6.906644 -0.147419
v 10.987968 6.369960 -0.158591
v 10.748264 6.910044 -0.158591
v 10.999368 6.376758 -0.158591
v 10.759663 6.916842 -0.158591
v 11.005068 6.380157 -0.147419
v 10.765363 6.920241 -0.147419
v 10.999368 6.376758 -0.136247
v 10.759663 6.916842 -0.136247
v 10.987968 6.369960 -0.136247
v 10.748264 6.910044 -0.136247
v 10.987842 6.357995 -0.147419
v 10.994492 6.356756 -0.135680
v 11.013079 6.352118 -0.135680
v 11.019729 6.350879 -0.147419
v 11.013079 6.352118 -0.159158
v 10.994492 6.356756 -0.159158
v 10.753804 6.938104 -0.157217
v 10.743626 6.916581 -0.157217
v 10.741881 6.912390 -0.147419
v 10.743626 6.916581 -0.137621
v 10.753804 6.938104 -0.137621
v 10.755549 6.942294 -0.147419
vt 0.643664 0.893914
vt 0.657359 0.893914
vt 0.657359 0.901540
vt 0.643664 0.901540
vt 0.657359 0.910480
vt 0.643664 0.910480
vt 0.657359 0.918106
vt 0.643664 0.918106
vt 0.643664 0.869721
vt 0.657359 0.869721
vt 0.657359 0.877347
vt 0.643664 0.877347
vt 0.657359 0.886288
vt 0.643664 0.886288
vt 0.875223 0.894515
vt 0.875327 0.935210
vt 0.870107 0.935219
vt 0.870072 0.894524
vt 0.864887 0.935219
vt 0.864922 0.894524
vt 0.859667 0.935210
vt 0.859772 0.894515
vt 0.556955 0.922389
vt 0.556849 0.881694
vt 0.562069 0.881685
vt 0.562104 0.922380
vt 0.567290 0.881685
vt 0.567255 0.922380
vt 0.572510 0.881694
vt 0.572404 0.922389
vt 0.846528 0.395741
vt 0.846529 0.678705
vt 0.839605 0.678705
vt 0.839604 0.395741
vt 0.832682 0.678705
vt 0.832681 0.395741
vt 0.825759 0.678705
vt 0.825757 0.395741
vt 0.867299 0.395741
vt 0.867298 0.678705
vt 0.860375 0.678705
vt 0.860376 0.395741
vt 0.853452 0.678705
vt 0.853452 0.395741
vt 0.809446 0.800529
vt 0.809446 0.811102
vt 0.798209 0.811102
vt 0.798209 0.800529
vt 0.809446 0.820121
vt 0.798209 0.820121
vt 0.809446 0.829139
vt 0.798209 0.829139
vt 0.809446 0.839712
vt 0.798209 0.839712
vt 0.809446 0.848731
vt 0.798209 0.848731
vt 0.809446 0.791510
vt 0.798209 0.791510
vt 0.696489 0.839543
vt 0.696489 0.849309
vt 0.684567 0.849309
vt 0.684567 0.839543
vt 0.696489 0.857639
vt 0.684567 0.857639
vt 0.696489 0.804786
vt 0.696489 0.813116
vt 0.684567 0.813116
vt 0.684567 0.804786
vt 0.696489 0.822882
vt 0.684567 0.822882
vt 0.696489 0.831212
vt 0.684567 0.831212
vt 0.675034 0.831212
vt 0.675034 0.822882
vt 0.675034 0.813116
vt 0.675034 0.804786
vt 0.675034 0.857639
vt 0.675034 0.849309
vt 0.675034 0.839543
vt 0.819081 0.791510
vt 0.819081 0.800529
vt 0.819081 0.839712
vt 0.819081 0.848731
vt 0.819081 0.829139
vt 0.819081 0.820121
vt 0.819081 0.811102
vn -0.615890 0.787832 -0.000000
vn -0.542306 0.840181 -0.000000
vn -0.264406 0.379169 -0.886747
vn -0.344047 0.342421 -0.874288
vn -0.344047 0.342421 -0.874288
vn -0.264406 0.379169 -0.886747
vn 0.248152 -0.415341 -0.875164
vn 0.116278 -0.446157 -0.887369
vn 0.116278 -0.446157 -0.887369
vn 0.248152 -0.415341 -0.875164
vn 0.543044 -0.839704 -0.000001
vn 0.382525 -0.923945 -0.000001
vn 0.382525 -0.923945 -0.000001
vn 0.543044 -0.839704 -0.000001
vn 0.248153 -0.415341 0.875164
vn 0.116281 -0.446157 0.887368
vn 0.116281 -0.446157 0.887368
vn 0.248153 -0.415341 0.875164
vn -0.264405 0.379170 0.886747
vn -0.344046 0.342420 0.874289
vn -0.344046 0.342420 0.874289
vn -0.264405 0.379170 0.886747
vn -0.542306 0.840181 -0.000000
vn -0.615890 0.787832 -0.000000
vn -0.513811 0.857903 -0.000000
vn -0.493718 0.869622 0.000000
vn -0.272538 0.430098 -0.860662
vn -0.237475 0.394833 -0.887532
vn -0.237475 0.394833 -0.887532
vn -0.272538 0.430098 -0.860662
vn 0.131216 -0.414833 -0.900387
vn 0.234355 -0.396323 -0.887697
vn 0.234355 -0.396323 -0.887697
vn 0.131216 -0.414833 -0.900387
vn 0.372811 -0.927907 0.000000
vn 0.510603 -0.859816 0.000000
vn 0.510603 -0.859816 0.000000
vn 0.372811 -0.927907 0.000000
vn 0.131215 -0.414832 0.900387
vn 0.234356 -0.396323 0.887697
vn 0.234356 -0.396323 0.887697
vn 0.131215 -0.414832 0.900387
vn -0.272538 0.430099 0.860661
vn -0.237475 0.394833 0.887532
vn -0.237475 0.394833 0.887532
vn -0.272538 0.430099 0.860661
vn -0.493718 0.869622 0.000000
vn -0.513811 0.857903 -0.000000
vn -0.897872 -0.440256 0.000000
vn -0.924759 -0.380552 0.000000
vn -0.461641 -0.156788 -0.873101
vn -0.459528 -0.217849 -0.861032
vn -0.459528 -0.217849 -0.861032
vn -0.461641 -0.156788 -0.873101
vn 0.426875 0.208472 -0.879953
vn 0.440720 0.223983 -0.869251
vn 0.440720 0.223983 -0.869251
vn 0.426875 0.208472 -0.879953
vn 0.925476 0.378806 -0.000000
vn 0.898638 0.438691 0.000000
vn 0.898638 0.438691 0.000000
vn 0.925476 0.378806 -0.000000
vn 0.426875 0.208473 0.879953
vn 0.440720 0.223984 0.869251
vn 0.440720 0.223984 0.869251
vn 0.426875 0.208473 0.879953
vn -0.461641 -0.156787 0.873101
vn -0.459528 -0.217849 0.861032
vn -0.459528 -0.217849 0.861032
vn -0.461641 -0.156787 0.873101
vn -0.924759 -0.380552 0.000000
vn -0.897872 -0.440256 0.000000
vn 0.211945 0.557362 -0.802762
vn -0.270618 -0.223408 -0.936405
vn 0.131216 -0.414833 -0.900387
vn -0.272538 0.430098 -0.860662
vn -0.270618 -0.223408 -0.936405
vn -0.513777 -0.857924 0.000000
vn 0.372811 -0.927907 0.000000
vn 0.131216 -0.414833 -0.900387
vn -0.513777 -0.857924 0.000000
vn -0.270619 -0.223406 0.936405
vn 0.131215 -0.414832 0.900387
vn 0.372811 -0.927907 0.000000
vn -0.270619 -0.223406 0.936405
vn 0.211944 0.557362 0.802762
vn -0.272538 0.430099 0.860661
vn 0.131215 -0.414832 0.900387
vn 0.211944 0.557362 0.802762
vn 0.414642 0.909985 0.000000
vn -0.493718 0.869622 0.000000
vn -0.272538 0.430099 0.860661
vn 0.414642 0.909985 0.000000
vn 0.211945 0.557362 -0.802762
vn -0.272538 0.430098 -0.860662
vn -0.493718 0.869622 0.000000
vn -0.459528 -0.217849 -0.861032
vn 0.440720 0.223983 -0.869251
vn 0.605577 -0.087313 -0.790983
vn -0.231347 0.097036 -0.968020
vn 0.440720 0.223983 -0.869251
vn 0.898638 0.438691 0.000000
vn 0.989299 -0.145903 -0.000000
vn 0.605577 -0.087313 -0.790983
vn 0.898638 0.438691 0.000000
vn 0.440720 0.223984 0.869251
vn 0.605577 -0.087313 0.790983
vn 0.989299 -0.145903 -0.000000
vn 0.440720 0.223984 0.869251
vn -0.459528 -0.217849 0.861032
vn -0.231347 0.097036 0.968020
vn 0.605577 -0.087313 0.790983
vn -0.459528 -0.217849 0.861032
vn -0.897872 -0.440256 0.000000
vn -0.951890 0.306439 -0.000000
vn -0.231347 0.097036 0.968020
vn -0.897872 -0.440256 0.000000
vn -0.459528 -0.217849 -0.861032
vn -0.231347 0.097036 -0.968020
vn -0.951890 0.306439 -0.000000
vn -0.231347 0.097036 0.968020
vn -0.951890 0.306439 -0.000000
vn -0.542306 0.840181 -0.000000
vn -0.264405 0.379170 0.886747
vn 0.605577 -0.087313 0.790983
vn -0.231347 0.097036 0.968020
vn -0.264405 0.379170 0.886747
vn 0.248153 -0.415341 0.875164
vn 0.989299 -0.145903 -0.000000
vn 0.605577 -0.087313 0.790983
vn 0.248153 -0.415341 0.875164
vn 0.543044 -0.839704 -0.000001
vn 0.605577 -0.087313 -0.790983
vn 0.989299 -0.145903 -0.000000
vn 0.543044 -0.839704 -0.000001
vn 0.248152 -0.415341 -0.875164
vn -0.231347 0.097036 -0.968020
vn 0.605577 -0.087313 -0.790983
vn 0.248152 -0.415341 -0.875164
vn -0.264406 0.379169 -0.886747
vn -0.951890 0.306439 -0.000000
vn -0.231347 0.097036 -0.968020
vn -0.264406 0.379169 -0.886747
vn -0.542306 0.840181 -0.000000
vn 0.925476 0.378806 -0.000000
vn 0.426875 0.208472 -0.879953
vn 0.211945 0.557362 -0.802762
vn 0.414642 0.909985 0.000000
vn 0.426875 0.208473 0.879953
vn 0.925476 0.378806 -0.000000
vn 0.414642 0.909985 0.000000
vn 0.211944 0.557362 0.802762
vn -0.461641 -0.156787 0.873101
vn 0.426875 0.208473 0.879953
vn 0.211944 0.557362 0.802762
vn -0.270619 -0.223406 0.936405
vn -0.924759 -0.380552 0.000000
vn -0.461641 -0.156787 0.873101
vn -0.270619 -0.223406 0.936405
vn -0.513777 -0.857924 0.000000
vn -0.461641 -0.156788 -0.873101
vn -0.924759 -0.380552 0.000000
vn -0.513777 -0.857924 0.000000
vn -0.270618 -0.223408 -0.936405
vn 0.426875 0.208472 -0.879953
vn -0.461641 -0.156788 -0.873101
vn -0.270618 -0.223408 -0.936405
vn 0.211945 0.557362 -0.802762
s off
g lightTower lightTowerGrp lightGrp1 light1 polySurface97
usemtl SM_Light_Tower_1_JFGSG
f 685/1374/2131 686/1375/2132 688/1376/2133 687/1377/2134
f 687/1377/2135 688/1376/2136 690/1378/2137 689/1379/2138
f 689/1379/2139 690/1378/2140 692/1380/2141 691/1381/2142
f 691/1382/2143 692/1383/2144 694/1384/2145 693/1385/2146
f 693/1385/2147 694/1384/2148 696/1386/2149 695/1387/2150
f 695/1387/2151 696/1386/2152 686/1375/2153 685/1374/2154
f 697/1388/2155 698/1389/2156 700/1390/2157 699/1391/2158
f 699/1391/2159 700/1390/2160 702/1392/2161 701/1393/2162
f 701/1393/2163 702/1392/2164 704/1394/2165 703/1395/2166
f 703/1396/2167 704/1397/2168 706/1398/2169 705/1399/2170
f 705/1399/2171 706/1398/2172 708/1400/2173 707/1401/2174
f 707/1401/2175 708/1400/2176 698/1402/2177 697/1403/2178
f 709/1404/2179 710/1405/2180 712/1406/2181 711/1407/2182
f 711/1407/2183 712/1406/2184 714/1408/2185 713/1409/2186
f 713/1409/2187 714/1408/2188 716/1410/2189 715/1411/2190
f 715/1412/2191 716/1413/2192 718/1414/2193 717/1415/2194
f 717/1415/2195 718/1414/2196 720/1416/2197 719/1417/2198
f 719/1417/2199 720/1416/2200 710/1405/2201 709/1404/2202
f 727/1418/2203 728/1419/2204 702/1420/2205 700/1421/2206
f 728/1419/2207 729/1422/2208 704/1423/2209 702/1420/2210
f 729/1422/2211 730/1424/2212 706/1425/2213 704/1423/2214
f 730/1424/2215 731/1426/2216 708/1427/2217 706/1425/2218
f 731/1426/2219 732/1428/2220 698/1429/2221 708/1427/2222
f 732/1430/2223 727/1418/2224 700/1421/2225 698/1431/2226
f 711/1432/2227 713/1433/2228 725/1434/2229 726/1435/2230
f 713/1433/2231 715/1436/2232 724/1437/2233 725/1434/2234
f 715/1438/2235 717/1439/2236 723/1440/2237 724/1441/2238
f 717/1439/2239 719/1442/2240 722/1443/2241 723/1440/2242
f 719/1442/2243 709/1444/2244 721/1445/2245 722/1443/2246
f 709/1444/2247 711/1432/2248 726/1435/2249 721/1445/2250
f 722/1443/2251 721/1445/2252 686/1446/2253 696/1447/2254
f 723/1440/2255 722/1443/2256 696/1447/2257 694/1448/2258
f 724/1441/2259 723/1440/2260 694/1448/2261 692/1449/2262
f 725/1434/2263 724/1437/2264 692/1450/2265 690/1451/2266
f 726/1435/2267 725/1434/2268 690/1451/2269 688/1452/2270
f 721/1445/2271 726/1435/2272 688/1452/2273 686/1446/2274
f 716/1453/2275 714/1454/2276 727/1418/2277 732/1430/2278
f 718/1455/2279 716/1456/2280 732/1428/2281 731/1426/2282
f 720/1457/2283 718/1455/2284 731/1426/2285 730/1424/2286
f 710/1458/2287 720/1457/2288 730/1424/2289 729/1422/2290
f 712/1459/2291 710/1458/2292 729/1422/2293 728/1419/2294
f 714/1454/2295 712/1459/2296 728/1419/2297 727/1418/2298
g default
v 10.724291 6.770623 -0.155071
v 10.793918 6.812147 -0.155071
v 10.725994 6.766786 -0.161559
v 10.795621 6.808310 -0.161559
v 10.729400 6.759113 -0.161559
v 10.799027 6.800637 -0.161559
v 10.731102 6.755276 -0.155071
v 10.800729 6.796800 -0.155071
v 10.729399 6.759113 -0.148584
v 10.799027 6.800637 -0.148584
v 10.725994 6.766786 -0.148584
v 10.795621 6.808310 -0.148584
vt 0.568910 0.832969
vt 0.568910 0.875256
vt 0.564890 0.875256
vt 0.564890 0.832969
vt 0.560869 0.875256
vt 0.560869 0.832969
vt 0.556848 0.875256
vt 0.556848 0.832969
vt 0.580972 0.832969
vt 0.580972 0.875256
vt 0.576952 0.875256
vt 0.576952 0.832969
vt 0.572931 0.875256
vt 0.572931 0.832969
vt 0.503580 0.912649
vt 0.508768 0.915643
vt 0.508768 0.921634
vt 0.503580 0.924629
vt 0.498392 0.921634
vt 0.498392 0.915643
vn -0.512207 0.858862 -0.000000
vn 0.207391 0.978258 -0.000000
vn 0.382363 0.576641 -0.722000
vn -0.235914 0.395578 -0.887616
vn -0.235914 0.395578 -0.887616
vn 0.382363 0.576641 -0.722000
vn 0.726304 -0.063421 -0.684442
vn 0.235917 -0.395583 -0.887613
vn 0.235917 -0.395583 -0.887613
vn 0.726304 -0.063421 -0.684442
vn 0.926650 -0.375926 0.000003
vn 0.512207 -0.858862 0.000004
vn 0.512207 -0.858862 0.000004
vn 0.926650 -0.375926 0.000003
vn 0.726303 -0.063420 0.684443
vn 0.235916 -0.395580 0.887615
vn 0.235916 -0.395580 0.887615
vn 0.726303 -0.063420 0.684443
vn 0.382363 0.576642 0.722000
vn -0.235914 0.395578 0.887616
vn -0.235914 0.395578 0.887616
vn 0.382363 0.576642 0.722000
vn 0.207391 0.978258 -0.000000
vn -0.512207 0.858862 -0.000000
vn 0.382363 0.576641 -0.722000
vn 0.207391 0.978258 -0.000000
vn 0.382363 0.576642 0.722000
vn 0.726303 -0.063420 0.684443
vn 0.926650 -0.375926 0.000003
vn 0.726304 -0.063421 -0.684442
s off
g lightTower lightTowerGrp lightGrp1 light1 polySurface61
usemtl SM_Light_Tower_1_JFGSG
f 733/1460/2299 734/1461/2300 736/1462/2301 735/1463/2302
f 735/1463/2303 736/1462/2304 738/1464/2305 737/1465/2306
f 737/1465/2307 738/1464/2308 740/1466/2309 739/1467/2310
f 739/1468/2311 740/1469/2312 742/1470/2313 741/1471/2314
f 741/1471/2315 742/1470/2316 744/1472/2317 743/1473/2318
f 743/1473/2319 744/1472/2320 734/1461/2321 733/1460/2322
f 736/1474/2323 734/1475/2324 744/1476/2325 742/1477/2326 740/1478/2327 738/1479/2328
g default
v 10.893528 6.520044 -0.268719
v 10.891926 6.523653 -0.268719
v 10.893528 6.520044 -0.311990
v 10.891926 6.523653 -0.311990
v 10.906989 6.528118 -0.269312
v 10.907352 6.532947 -0.269312
v 10.906358 6.527742 -0.311424
v 10.906722 6.532571 -0.311424
vt 0.105244 0.684768
vt 0.101523 0.684768
vt 0.101523 0.641815
vt 0.105244 0.641815
vt 0.101523 0.625691
vt 0.105244 0.625691
vt 0.101523 0.582737
vt 0.105244 0.582737
vt 0.105244 0.700892
vt 0.101523 0.700892
vt 0.125104 0.629909
vt 0.107942 0.629909
vt 0.107942 0.582552
vt 0.125104 0.582552
vn -0.258493 -0.727868 0.635129
vn -0.623096 -0.284721 0.728481
vn -0.623123 -0.284697 -0.728468
vn -0.258581 -0.727869 -0.635093
vn -0.258581 -0.727869 -0.635093
vn -0.623123 -0.284697 -0.728468
vn 0.843383 -0.059072 -0.534056
vn 0.685209 -0.388629 -0.616000
vn 0.685209 -0.388629 -0.616000
vn 0.843383 -0.059072 -0.534056
vn 0.851305 -0.059560 0.521280
vn 0.693012 -0.385444 0.609236
vn 0.693012 -0.385444 0.609236
vn 0.851305 -0.059560 0.521280
vn -0.623096 -0.284721 0.728481
vn -0.258493 -0.727868 0.635129
vn -0.258581 -0.727869 -0.635093
vn 0.685209 -0.388629 -0.616000
vn 0.693012 -0.385444 0.609236
vn -0.258493 -0.727868 0.635129
s off
g lightTower lightTowerGrp lightGrp1 light1 polySurface9
usemtl SM_Light_Tower_1_JFGSG
f 745/1480/2329 746/1481/2330 748/1482/2331 747/1483/2332
f 747/1483/2333 748/1482/2334 752/1484/2335 751/1485/2336
f 751/1485/2337 752/1484/2338 750/1486/2339 749/1487/2340
f 749/1488/2341 750/1489/2342 746/1481/2343 745/1480/2344
f 747/1490/2345 751/1491/2346 749/1492/2347 745/1493/2348
g default
v 10.691990 6.757005 -0.423157
v 10.709268 6.767309 -0.423157
v 10.694715 6.750865 -0.433539
v 10.711993 6.761169 -0.433539
v 10.700165 6.738586 -0.433539
v 10.717443 6.748890 -0.433539
v 10.702890 6.732446 -0.423157
v 10.720168 6.742750 -0.423157
v 10.700165 6.738586 -0.412776
v 10.717443 6.748890 -0.412776
v 10.694715 6.750865 -0.412776
v 10.711993 6.761169 -0.412776
vt 0.414300 0.581616
vt 0.403807 0.581616
vt 0.403807 0.575183
vt 0.414300 0.575183
vt 0.403807 0.568749
vt 0.414300 0.568749
vt 0.403807 0.562316
vt 0.414300 0.562316
vt 0.414300 0.600918
vt 0.403807 0.600918
vt 0.403807 0.594484
vt 0.414300 0.594484
vt 0.938420 0.163225
vt 0.938420 0.156792
vt 0.943992 0.153575
vt 0.949564 0.156791
vt 0.949564 0.163225
vt 0.943992 0.166442
vt 0.403807 0.588050
vt 0.414300 0.588050
vt 0.372354 0.994503
vt 0.365651 0.998373
vt 0.358947 0.994503
vt 0.358947 0.986762
vt 0.365651 0.982891
vt 0.372354 0.986762
vn -0.926649 0.375929 0.000000
vn 0.207392 0.978258 -0.000000
vn 0.382362 0.576642 -0.722000
vn -0.726303 0.063418 -0.684443
vn -0.726303 0.063418 -0.684443
vn 0.382362 0.576642 -0.722000
vn 0.726302 -0.063418 -0.684443
vn -0.382362 -0.576642 -0.721999
vn -0.382362 -0.576642 -0.721999
vn 0.726302 -0.063418 -0.684443
vn 0.926649 -0.375929 -0.000000
vn -0.207392 -0.978258 0.000000
vn -0.207392 -0.978258 0.000000
vn 0.926649 -0.375929 -0.000000
vn 0.726303 -0.063418 0.684443
vn -0.382362 -0.576642 0.722000
vn 0.382362 0.576642 -0.722000
vn 0.207392 0.978258 -0.000000
vn 0.382362 0.576642 0.721999
vn 0.726303 -0.063418 0.684443
vn 0.926649 -0.375929 -0.000000
vn 0.726302 -0.063418 -0.684443
vn -0.382362 -0.576642 0.722000
vn 0.726303 -0.063418 0.684443
vn 0.382362 0.576642 0.721999
vn -0.726302 0.063418 0.684444
vn -0.726302 0.063418 0.684444
vn 0.382362 0.576642 0.721999
vn 0.207392 0.978258 -0.000000
vn -0.926649 0.375929 0.000000
vn -0.926649 0.375929 0.000000
vn -0.726303 0.063418 -0.684443
vn -0.382362 -0.576642 -0.721999
vn -0.207392 -0.978258 0.000000
vn -0.382362 -0.576642 0.722000
vn -0.726302 0.063418 0.684444
s off
g lightTower lightTowerGrp lightGrp1 light1 polySurface63
usemtl SM_Light_Tower_1_JFGSG
f 753/1494/2349 754/1495/2350 756/1496/2351 755/1497/2352
f 755/1497/2353 756/1496/2354 758/1498/2355 757/1499/2356
f 757/1499/2357 758/1498/2358 760/1500/2359 759/1501/2360
f 759/1502/2361 760/1503/2362 762/1504/2363 761/1505/2364
f 756/1506/2365 754/1507/2366 764/1508/2367 762/1509/2368 760/1510/2369 758/1511/2370
f 761/1505/2371 762/1504/2372 764/1512/2373 763/1513/2374
f 763/1513/2375 764/1512/2376 754/1495/2377 753/1494/2378
f 753/1514/2379 755/1515/2380 757/1516/2381 759/1517/2382 761/1518/2383 763/1519/2384
g default
v 10.877654 6.541843 -0.188047
v 10.781659 6.758132 -0.188047
v 10.877654 6.541843 -0.382787
v 10.781659 6.758131 -0.382787
v 10.859950 6.531285 -0.188047
v 10.763955 6.747573 -0.188047
v 10.859950 6.531285 -0.382787
v 10.763955 6.747573 -0.382787
v 10.747889 6.725151 -0.375187
v 10.834871 6.529169 -0.375187
v 10.834871 6.529169 -0.193091
v 10.747889 6.725151 -0.193091
v 10.736111 6.683421 -0.363680
v 10.798734 6.542323 -0.363680
v 10.798734 6.542323 -0.204805
v 10.736111 6.683421 -0.204805
v 10.735516 6.643947 -0.346016
v 10.770682 6.564714 -0.346016
v 10.770682 6.564714 -0.222986
v 10.735516 6.643947 -0.222986
vt 0.180130 0.231352
vt 0.192532 0.231352
vt 0.192532 0.118963
vt 0.180130 0.118963
vt 0.208696 0.231352
vt 0.208696 0.118963
vt 0.192532 0.347100
vt 0.180130 0.347100
vt 0.180130 0.459489
vt 0.192532 0.459489
vt 0.192532 0.003215
vt 0.180130 0.003215
vt 0.208696 0.459489
vt 0.233361 0.459489
vt 0.233361 0.347100
vt 0.208696 0.347100
vt 0.208696 0.003215
vt 0.233361 0.118963
vt 0.257303 0.118963
vt 0.257303 0.003215
vt 0.233361 0.003215
vt 0.233361 0.231352
vt 0.280295 0.723935
vt 0.280295 0.789963
vt 0.321807 0.789963
vt 0.321807 0.723935
vt 0.257303 0.231352
vt 0.257303 0.459489
vt 0.257303 0.347100
vn 0.342389 -0.574113 -0.743750
vn 0.132102 -0.668697 -0.731706
vn -0.534436 0.464624 -0.706048
vn -0.342389 0.574112 -0.743751
vn 0.132102 -0.668697 -0.731706
vn -0.260319 -0.730832 -0.630967
vn -0.779346 0.224550 -0.584976
vn -0.534436 0.464624 -0.706048
vn 0.160410 -0.668017 0.726651
vn 0.342389 -0.574112 0.743751
vn -0.342389 0.574113 0.743750
vn -0.519605 0.484973 0.703429
vn 0.342389 -0.574113 -0.743750
vn 0.342389 -0.574112 0.743751
vn 0.160410 -0.668017 0.726651
vn 0.132102 -0.668697 -0.731706
vn -0.534436 0.464624 -0.706048
vn -0.519605 0.484973 0.703429
vn -0.342389 0.574113 0.743750
vn -0.342389 0.574112 -0.743751
vn -0.749262 0.236565 0.618582
vn -0.850117 -0.008964 0.526518
vn -0.535973 -0.630581 0.561339
vn -0.228116 -0.712113 0.663972
vn -0.519605 0.484973 0.703429
vn -0.749262 0.236565 0.618582
vn -0.228116 -0.712113 0.663972
vn 0.160410 -0.668017 0.726651
vn 0.160410 -0.668017 0.726651
vn -0.228116 -0.712113 0.663972
vn -0.260319 -0.730832 -0.630967
vn 0.132102 -0.668697 -0.731706
vn -0.534436 0.464624 -0.706048
vn -0.779346 0.224550 -0.584976
vn -0.749262 0.236565 0.618582
vn -0.519605 0.484973 0.703429
vn -0.848403 -0.007150 -0.529303
vn -0.922821 -0.238378 -0.302617
vn -0.924857 -0.238856 0.295952
vn -0.850117 -0.008964 0.526518
vn -0.228116 -0.712113 0.663972
vn -0.535973 -0.630581 0.561339
vn -0.533071 -0.630405 -0.564292
vn -0.260319 -0.730832 -0.630967
vn -0.779346 0.224550 -0.584976
vn -0.848403 -0.007150 -0.529303
vn -0.850117 -0.008964 0.526518
vn -0.749262 0.236565 0.618582
vn -0.260319 -0.730832 -0.630967
vn -0.533071 -0.630405 -0.564292
vn -0.848403 -0.007150 -0.529303
vn -0.779346 0.224550 -0.584976
vn -0.789308 -0.527797 -0.313725
vn -0.791140 -0.529083 0.306868
vn -0.924857 -0.238856 0.295952
vn -0.922821 -0.238378 -0.302617
vn -0.533071 -0.630405 -0.564292
vn -0.789308 -0.527797 -0.313725
vn -0.922821 -0.238378 -0.302617
vn -0.848403 -0.007150 -0.529303
vn -0.850117 -0.008964 0.526518
vn -0.924857 -0.238856 0.295952
vn -0.791140 -0.529083 0.306868
vn -0.535973 -0.630581 0.561339
vn -0.535973 -0.630581 0.561339
vn -0.791140 -0.529083 0.306868
vn -0.789308 -0.527797 -0.313725
vn -0.533071 -0.630405 -0.564292
s off
g lightTower lightTowerGrp lightGrp1 light1 polySurface8
usemtl SM_Light_Tower_1_JFGSG
f 767/1520/2385 771/1521/2386 772/1522/2387 768/1523/2388
f 771/1521/2389 774/1524/2390 773/1525/2391 772/1522/2392
f 769/1526/2393 765/1527/2394 766/1528/2395 770/1529/2396
f 767/1520/2397 765/1527/2398 769/1526/2399 771/1521/2400
f 772/1522/2401 770/1530/2402 766/1531/2403 768/1523/2404
f 776/1532/2405 780/1533/2406 779/1534/2407 775/1535/2408
f 770/1529/2409 776/1532/2410 775/1535/2411 769/1526/2412
f 769/1526/2413 775/1535/2414 774/1524/2415 771/1521/2416
f 772/1522/2417 773/1525/2418 776/1536/2419 770/1530/2420
f 777/1537/2421 781/1538/2422 784/1539/2423 780/1540/2424
f 775/1535/2425 779/1534/2426 778/1541/2427 774/1524/2428
f 773/1525/2429 777/1537/2430 780/1540/2431 776/1536/2432
f 774/1524/2433 778/1541/2434 777/1537/2435 773/1525/2436
f 782/1542/2437 783/1543/2438 784/1544/2439 781/1545/2440
f 778/1541/2441 782/1546/2442 781/1538/2443 777/1537/2444
f 780/1533/2445 784/1547/2446 783/1548/2447 779/1534/2448
f 779/1534/2449 783/1548/2450 782/1546/2451 778/1541/2452
g default
v 10.962341 6.341760 -0.427692
v 10.985057 6.358586 -0.427692
v 10.964996 6.335778 -0.437806
v 10.988287 6.351308 -0.439998
v 10.970306 6.323815 -0.437806
v 10.994747 6.336752 -0.439998
v 10.972960 6.317833 -0.427692
v 10.997978 6.329474 -0.427692
v 10.970306 6.323815 -0.417578
v 10.994747 6.336752 -0.415386
v 10.964996 6.335778 -0.417578
v 10.988287 6.351308 -0.415386
v 10.663175 6.890326 -0.427692
v 10.730120 6.930421 -0.427692
v 10.665356 6.885411 -0.436003
v 10.732331 6.925439 -0.436116
v 10.669719 6.875582 -0.436003
v 10.736754 6.915475 -0.436116
v 10.671900 6.870667 -0.427692
v 10.738965 6.910493 -0.427692
v 10.669719 6.875582 -0.419382
v 10.736754 6.915475 -0.419268
v 10.665356 6.885411 -0.419382
v 10.732331 6.925439 -0.419268
v 10.982268 6.366560 -0.427692
v 10.742564 6.906644 -0.427692
v 10.987968 6.369960 -0.438864
v 10.748264 6.910043 -0.438864
v 10.999368 6.376758 -0.438864
v 10.759663 6.916842 -0.438864
v 11.005068 6.380157 -0.427692
v 10.765363 6.920241 -0.427692
v 10.999368 6.376758 -0.416520
v 10.759663 6.916842 -0.416520
v 10.987968 6.369960 -0.416520
v 10.748264 6.910043 -0.416520
v 10.987842 6.357995 -0.427692
v 10.994492 6.356756 -0.415953
v 11.013079 6.352118 -0.415953
v 11.019729 6.350879 -0.427692
v 11.013079 6.352118 -0.439431
v 10.994492 6.356756 -0.439431
v 10.753804 6.938104 -0.437490
v 10.743626 6.916581 -0.437490
v 10.741881 6.912390 -0.427692
v 10.743626 6.916581 -0.417894
v 10.753804 6.938104 -0.417894
v 10.755549 6.942294 -0.427692
vt 0.344398 0.856131
vt 0.329840 0.856131
vt 0.329840 0.848505
vt 0.344398 0.848505
vt 0.329840 0.839574
vt 0.344398 0.839574
vt 0.329840 0.831948
vt 0.344398 0.831948
vt 0.344398 0.880315
vt 0.329840 0.880315
vt 0.329840 0.872689
vt 0.344398 0.872689
vt 0.329840 0.863757
vt 0.344398 0.863757
vt 0.221876 0.872650
vt 0.221982 0.913346
vt 0.216762 0.913354
vt 0.216726 0.872660
vt 0.211541 0.913354
vt 0.211576 0.872660
vt 0.206320 0.913346
vt 0.206426 0.872650
vt 0.802913 0.892649
vt 0.803019 0.933344
vt 0.797799 0.933352
vt 0.797763 0.892658
vt 0.792578 0.933352
vt 0.792613 0.892658
vt 0.787357 0.933344
vt 0.787463 0.892649
vt 0.857817 0.389311
vt 0.857816 0.106348
vt 0.864740 0.106348
vt 0.864741 0.389311
vt 0.871663 0.106348
vt 0.871664 0.389311
vt 0.878586 0.106348
vt 0.878588 0.389311
vt 0.837046 0.389311
vt 0.837046 0.106348
vt 0.843970 0.106348
vt 0.843970 0.389311
vt 0.850893 0.106348
vt 0.850893 0.389311
vt 0.366666 0.818070
vt 0.366666 0.807498
vt 0.377903 0.807498
vt 0.377903 0.818070
vt 0.366666 0.798470
vt 0.377903 0.798470
vt 0.366666 0.789443
vt 0.377903 0.789443
vt 0.366666 0.778871
vt 0.377903 0.778871
vt 0.366666 0.769844
vt 0.377903 0.769844
vt 0.366666 0.827097
vt 0.377903 0.827097
vt 0.003215 0.822738
vt 0.003215 0.812972
vt 0.015137 0.812972
vt 0.015137 0.822738
vt 0.003215 0.804633
vt 0.015137 0.804633
vt 0.003215 0.857519
vt 0.003215 0.849181
vt 0.015137 0.849181
vt 0.015137 0.857519
vt 0.003215 0.839415
vt 0.015137 0.839415
vt 0.003215 0.831076
vt 0.015137 0.831076
vt 0.024670 0.831076
vt 0.024670 0.839415
vt 0.024670 0.849181
vt 0.024670 0.857519
vt 0.024670 0.804633
vt 0.024670 0.812972
vt 0.024670 0.822738
vt 0.357032 0.827097
vt 0.357032 0.818070
vt 0.357032 0.778871
vt 0.357032 0.769844
vt 0.357032 0.789443
vt 0.357032 0.798470
vt 0.357032 0.807498
vn -0.595221 0.803562 -0.000001
vn -0.530626 0.847606 0.000000
vn -0.252589 0.385796 -0.887333
vn -0.318814 0.354049 -0.879208
vn -0.318814 0.354049 -0.879208
vn -0.252589 0.385796 -0.887333
vn 0.263123 -0.407088 -0.874669
vn 0.150080 -0.434059 -0.888295
vn 0.150080 -0.434059 -0.888295
vn 0.263123 -0.407088 -0.874669
vn 0.559539 -0.828804 0.000001
vn 0.421868 -0.906657 0.000000
vn 0.421868 -0.906657 0.000000
vn 0.559539 -0.828804 0.000001
vn 0.263120 -0.407089 0.874670
vn 0.150078 -0.434060 0.888295
vn 0.150078 -0.434060 0.888295
vn 0.263120 -0.407089 0.874670
vn -0.252585 0.385798 0.887334
vn -0.318818 0.354048 0.879207
vn -0.318818 0.354048 0.879207
vn -0.252585 0.385798 0.887334
vn -0.530626 0.847606 0.000000
vn -0.595221 0.803562 -0.000001
vn -0.513813 0.857902 0.000000
vn -0.493715 0.869624 0.000000
vn -0.272537 0.430099 -0.860662
vn -0.237475 0.394832 -0.887532
vn -0.237475 0.394832 -0.887532
vn -0.272537 0.430099 -0.860662
vn 0.131206 -0.414836 -0.900387
vn 0.234356 -0.396324 -0.887697
vn 0.234356 -0.396324 -0.887697
vn 0.131206 -0.414836 -0.900387
vn 0.372791 -0.927915 0.000000
vn 0.510604 -0.859816 0.000000
vn 0.510604 -0.859816 0.000000
vn 0.372791 -0.927915 0.000000
vn 0.131206 -0.414835 0.900387
vn 0.234356 -0.396322 0.887697
vn 0.234356 -0.396322 0.887697
vn 0.131206 -0.414835 0.900387
vn -0.272537 0.430099 0.860661
vn -0.237476 0.394833 0.887532
vn -0.237476 0.394833 0.887532
vn -0.272537 0.430099 0.860661
vn -0.493715 0.869624 0.000000
vn -0.513813 0.857902 0.000000
vn -0.897873 -0.440255 0.000000
vn -0.924759 -0.380553 0.000000
vn -0.461641 -0.156788 -0.873101
vn -0.459528 -0.217849 -0.861032
vn -0.459528 -0.217849 -0.861032
vn -0.461641 -0.156788 -0.873101
vn 0.426875 0.208472 -0.879953
vn 0.440720 0.223983 -0.869251
vn 0.440720 0.223983 -0.869251
vn 0.426875 0.208472 -0.879953
vn 0.925476 0.378806 0.000000
vn 0.898638 0.438691 0.000000
vn 0.898638 0.438691 0.000000
vn 0.925476 0.378806 0.000000
vn 0.426875 0.208472 0.879953
vn 0.440720 0.223984 0.869251
vn 0.440720 0.223984 0.869251
vn 0.426875 0.208472 0.879953
vn -0.461640 -0.156788 0.873101
vn -0.459528 -0.217848 0.861032
vn -0.459528 -0.217848 0.861032
vn -0.461640 -0.156788 0.873101
vn -0.924759 -0.380553 0.000000
vn -0.897873 -0.440255 0.000000
vn 0.211947 0.557362 -0.802761
vn -0.270626 -0.223408 -0.936403
vn 0.131206 -0.414836 -0.900387
vn -0.272537 0.430099 -0.860662
vn -0.270626 -0.223408 -0.936403
vn -0.513793 -0.857914 0.000000
vn 0.372791 -0.927915 0.000000
vn 0.131206 -0.414836 -0.900387
vn -0.513793 -0.857914 0.000000
vn -0.270626 -0.223408 0.936403
vn 0.131206 -0.414835 0.900387
vn 0.372791 -0.927915 0.000000
vn -0.270626 -0.223408 0.936403
vn 0.211948 0.557362 0.802761
vn -0.272537 0.430099 0.860661
vn 0.131206 -0.414835 0.900387
vn 0.211948 0.557362 0.802761
vn 0.414646 0.909983 0.000000
vn -0.493715 0.869624 0.000000
vn -0.272537 0.430099 0.860661
vn 0.414646 0.909983 0.000000
vn 0.211947 0.557362 -0.802761
vn -0.272537 0.430099 -0.860662
vn -0.493715 0.869624 0.000000
vn -0.459528 -0.217849 -0.861032
vn 0.440720 0.223983 -0.869251
vn 0.605577 -0.087313 -0.790982
vn -0.231347 0.097036 -0.968020
vn 0.440720 0.223983 -0.869251
vn 0.898638 0.438691 0.000000
vn 0.989299 -0.145904 0.000000
vn 0.605577 -0.087313 -0.790982
vn 0.898638 0.438691 0.000000
vn 0.440720 0.223984 0.869251
vn 0.605575 -0.087314 0.790984
vn 0.989299 -0.145904 0.000000
vn 0.440720 0.223984 0.869251
vn -0.459528 -0.217848 0.861032
vn -0.231342 0.097038 0.968021
vn 0.605575 -0.087314 0.790984
vn -0.459528 -0.217848 0.861032
vn -0.897873 -0.440255 0.000000
vn -0.951888 0.306446 -0.000000
vn -0.231342 0.097038 0.968021
vn -0.897873 -0.440255 0.000000
vn -0.459528 -0.217849 -0.861032
vn -0.231347 0.097036 -0.968020
vn -0.951888 0.306446 -0.000000
vn -0.231342 0.097038 0.968021
vn -0.951888 0.306446 -0.000000
vn -0.530626 0.847606 0.000000
vn -0.252585 0.385798 0.887334
vn 0.605575 -0.087314 0.790984
vn -0.231342 0.097038 0.968021
vn -0.252585 0.385798 0.887334
vn 0.263120 -0.407089 0.874670
vn 0.989299 -0.145904 0.000000
vn 0.605575 -0.087314 0.790984
vn 0.263120 -0.407089 0.874670
vn 0.559539 -0.828804 0.000001
vn 0.605577 -0.087313 -0.790982
vn 0.989299 -0.145904 0.000000
vn 0.559539 -0.828804 0.000001
vn 0.263123 -0.407088 -0.874669
vn -0.231347 0.097036 -0.968020
vn 0.605577 -0.087313 -0.790982
vn 0.263123 -0.407088 -0.874669
vn -0.252589 0.385796 -0.887333
vn -0.951888 0.306446 -0.000000
vn -0.231347 0.097036 -0.968020
vn -0.252589 0.385796 -0.887333
vn -0.530626 0.847606 0.000000
vn 0.925476 0.378806 0.000000
vn 0.426875 0.208472 -0.879953
vn 0.211947 0.557362 -0.802761
vn 0.414646 0.909983 0.000000
vn 0.426875 0.208472 0.879953
vn 0.925476 0.378806 0.000000
vn 0.414646 0.909983 0.000000
vn 0.211948 0.557362 0.802761
vn -0.461640 -0.156788 0.873101
vn 0.426875 0.208472 0.879953
vn 0.211948 0.557362 0.802761
vn -0.270626 -0.223408 0.936403
vn -0.924759 -0.380553 0.000000
vn -0.461640 -0.156788 0.873101
vn -0.270626 -0.223408 0.936403
vn -0.513793 -0.857914 0.000000
vn -0.461641 -0.156788 -0.873101
vn -0.924759 -0.380553 0.000000
vn -0.513793 -0.857914 0.000000
vn -0.270626 -0.223408 -0.936403
vn 0.426875 0.208472 -0.879953
vn -0.461641 -0.156788 -0.873101
vn -0.270626 -0.223408 -0.936403
vn 0.211947 0.557362 -0.802761
s off
g lightTower lightTowerGrp lightGrp1 light1 polySurface95
usemtl SM_Light_Tower_1_JFGSG
f 785/1549/2453 786/1550/2454 788/1551/2455 787/1552/2456
f 787/1552/2457 788/1551/2458 790/1553/2459 789/1554/2460
f 789/1554/2461 790/1553/2462 792/1555/2463 791/1556/2464
f 791/1557/2465 792/1558/2466 794/1559/2467 793/1560/2468
f 793/1560/2469 794/1559/2470 796/1561/2471 795/1562/2472
f 795/1562/2473 796/1561/2474 786/1550/2475 785/1549/2476
f 797/1563/2477 798/1564/2478 800/1565/2479 799/1566/2480
f 799/1566/2481 800/1565/2482 802/1567/2483 801/1568/2484
f 801/1568/2485 802/1567/2486 804/1569/2487 803/1570/2488
f 803/1571/2489 804/1572/2490 806/1573/2491 805/1574/2492
f 805/1574/2493 806/1573/2494 808/1575/2495 807/1576/2496
f 807/1576/2497 808/1575/2498 798/1577/2499 797/1578/2500
f 809/1579/2501 810/1580/2502 812/1581/2503 811/1582/2504
f 811/1582/2505 812/1581/2506 814/1583/2507 813/1584/2508
f 813/1584/2509 814/1583/2510 816/1585/2511 815/1586/2512
f 815/1587/2513 816/1588/2514 818/1589/2515 817/1590/2516
f 817/1590/2517 818/1589/2518 820/1591/2519 819/1592/2520
f 819/1592/2521 820/1591/2522 810/1580/2523 809/1579/2524
f 827/1593/2525 828/1594/2526 802/1595/2527 800/1596/2528
f 828/1594/2529 829/1597/2530 804/1598/2531 802/1595/2532
f 829/1597/2533 830/1599/2534 806/1600/2535 804/1598/2536
f 830/1599/2537 831/1601/2538 808/1602/2539 806/1600/2540
f 831/1601/2541 832/1603/2542 798/1604/2543 808/1602/2544
f 832/1605/2545 827/1593/2546 800/1596/2547 798/1606/2548
f 811/1607/2549 813/1608/2550 825/1609/2551 826/1610/2552
f 813/1608/2553 815/1611/2554 824/1612/2555 825/1609/2556
f 815/1613/2557 817/1614/2558 823/1615/2559 824/1616/2560
f 817/1614/2561 819/1617/2562 822/1618/2563 823/1615/2564
f 819/1617/2565 809/1619/2566 821/1620/2567 822/1618/2568
f 809/1619/2569 811/1607/2570 826/1610/2571 821/1620/2572
f 822/1618/2573 821/1620/2574 786/1621/2575 796/1622/2576
f 823/1615/2577 822/1618/2578 796/1622/2579 794/1623/2580
f 824/1616/2581 823/1615/2582 794/1623/2583 792/1624/2584
f 825/1609/2585 824/1612/2586 792/1625/2587 790/1626/2588
f 826/1610/2589 825/1609/2590 790/1626/2591 788/1627/2592
f 821/1620/2593 826/1610/2594 788/1627/2595 786/1621/2596
f 816/1628/2597 814/1629/2598 827/1593/2599 832/1605/2600
f 818/1630/2601 816/1631/2602 832/1603/2603 831/1601/2604
f 820/1632/2605 818/1630/2606 831/1601/2607 830/1599/2608
f 810/1633/2609 820/1632/2610 830/1599/2611 829/1597/2612
f 812/1634/2613 810/1633/2614 829/1597/2615 828/1594/2616
f 814/1629/2617 812/1634/2618 828/1594/2619 827/1593/2620
g default
v 10.709574 6.766167 -0.154790
v 10.725378 6.775592 -0.154790
v 10.712067 6.760551 -0.164286
v 10.727871 6.769976 -0.164286
v 10.717052 6.749319 -0.164286
v 10.732856 6.758744 -0.164286
v 10.719544 6.743702 -0.154790
v 10.735349 6.753128 -0.154790
v 10.717052 6.749319 -0.145294
v 10.732856 6.758744 -0.145294
v 10.712067 6.760551 -0.145294
v 10.727871 6.769976 -0.145294
vt 0.174585 0.943537
vt 0.164986 0.943537
vt 0.164986 0.937652
vt 0.174585 0.937652
vt 0.164986 0.931768
vt 0.174585 0.931768
vt 0.164986 0.925883
vt 0.174585 0.925883
vt 0.174585 0.961193
vt 0.164986 0.961193
vt 0.164986 0.955308
vt 0.174585 0.955308
vt 0.972972 0.291008
vt 0.972973 0.285123
vt 0.978070 0.282181
vt 0.983165 0.285123
vt 0.983165 0.291009
vt 0.978069 0.293951
vt 0.164986 0.949422
vt 0.174585 0.949422
vt 0.920693 0.162241
vt 0.925790 0.159299
vt 0.930886 0.162241
vt 0.930886 0.168126
vt 0.925790 0.171069
vt 0.920693 0.168126
vn -0.926649 0.375927 -0.000000
vn 0.207394 0.978257 -0.000000
vn 0.382360 0.576645 -0.721998
vn -0.726304 0.063421 -0.684442
vn -0.726304 0.063421 -0.684442
vn 0.382360 0.576645 -0.721998
vn 0.726303 -0.063418 -0.684443
vn -0.382362 -0.576643 -0.721999
vn -0.382362 -0.576643 -0.721999
vn 0.726303 -0.063418 -0.684443
vn 0.926649 -0.375928 0.000000
vn -0.207392 -0.978258 0.000000
vn -0.207392 -0.978258 0.000000
vn 0.926649 -0.375928 0.000000
vn 0.726303 -0.063418 0.684443
vn -0.382362 -0.576642 0.721999
vn 0.382360 0.576645 -0.721998
vn 0.207394 0.978257 -0.000000
vn 0.382360 0.576645 0.721998
vn 0.726303 -0.063418 0.684443
vn 0.926649 -0.375928 0.000000
vn 0.726303 -0.063418 -0.684443
vn -0.382362 -0.576642 0.721999
vn 0.726303 -0.063418 0.684443
vn 0.382360 0.576645 0.721998
vn -0.726304 0.063421 0.684442
vn -0.726304 0.063421 0.684442
vn 0.382360 0.576645 0.721998
vn 0.207394 0.978257 -0.000000
vn -0.926649 0.375927 -0.000000
vn -0.926649 0.375927 -0.000000
vn -0.726304 0.063421 -0.684442
vn -0.382362 -0.576643 -0.721999
vn -0.207392 -0.978258 0.000000
vn -0.382362 -0.576642 0.721999
vn -0.726304 0.063421 0.684442
s off
g lightTower lightTowerGrp lightGrp1 light1 polySurface62
usemtl SM_Light_Tower_1_JFGSG
f 833/1635/2621 834/1636/2622 836/1637/2623 835/1638/2624
f 835/1638/2625 836/1637/2626 838/1639/2627 837/1640/2628
f 837/1640/2629 838/1639/2630 840/1641/2631 839/1642/2632
f 839/1643/2633 840/1644/2634 842/1645/2635 841/1646/2636
f 836/1647/2637 834/1648/2638 844/1649/2639 842/1650/2640 840/1651/2641 838/1652/2642
f 841/1646/2643 842/1645/2644 844/1653/2645 843/1654/2646
f 843/1654/2647 844/1653/2648 834/1636/2649 833/1635/2650
f 833/1655/2651 835/1656/2652 837/1657/2653 839/1658/2654 841/1659/2655 843/1660/2656
g default
v 10.925551 6.334368 -0.428211
v 10.957792 6.353596 -0.428211
v 10.929800 6.324794 -0.444399
v 10.962041 6.344022 -0.444399
v 10.938299 6.305646 -0.444399
v 10.970539 6.324874 -0.444399
v 10.942548 6.296073 -0.428211
v 10.974788 6.315300 -0.428211
v 10.938299 6.305646 -0.412022
v 10.970539 6.324874 -0.412022
v 10.929800 6.324794 -0.412022
v 10.962041 6.344022 -0.412022
vt 0.276216 0.826489
vt 0.295797 0.826489
vt 0.295797 0.836521
vt 0.276216 0.836520
vt 0.295797 0.846553
vt 0.276216 0.846552
vt 0.295797 0.856584
vt 0.276216 0.856584
vt 0.276216 0.796392
vt 0.295797 0.796392
vt 0.295797 0.806424
vt 0.276216 0.806424
vt 0.048475 0.954571
vt 0.039788 0.959587
vt 0.031099 0.954571
vt 0.031099 0.944539
vt 0.039788 0.939523
vt 0.048475 0.944539
vt 0.295797 0.816456
vt 0.276216 0.816456
vt 0.099025 0.949154
vt 0.099025 0.939122
vt 0.107713 0.934106
vt 0.116401 0.939122
vt 0.116401 0.949154
vt 0.107714 0.954170
vn -0.926649 0.375929 -0.000000
vn 0.207391 0.978258 -0.000000
vn 0.382363 0.576641 -0.722000
vn -0.726302 0.063417 -0.684444
vn -0.726302 0.063417 -0.684444
vn 0.382363 0.576641 -0.722000
vn 0.726303 -0.063419 -0.684443
vn -0.382361 -0.576643 -0.721999
vn -0.382361 -0.576643 -0.721999
vn 0.726303 -0.063419 -0.684443
vn 0.926649 -0.375928 -0.000000
vn -0.207393 -0.978258 0.000000
vn -0.207393 -0.978258 0.000000
vn 0.926649 -0.375928 -0.000000
vn 0.726303 -0.063419 0.684443
vn -0.382361 -0.576643 0.721999
vn 0.382363 0.576641 -0.722000
vn 0.207391 0.978258 -0.000000
vn 0.382363 0.576642 0.721999
vn 0.726303 -0.063419 0.684443
vn 0.926649 -0.375928 -0.000000
vn 0.726303 -0.063419 -0.684443
vn -0.382361 -0.576643 0.721999
vn 0.726303 -0.063419 0.684443
vn 0.382363 0.576642 0.721999
vn -0.726302 0.063417 0.684444
vn -0.726302 0.063417 0.684444
vn 0.382363 0.576642 0.721999
vn 0.207391 0.978258 -0.000000
vn -0.926649 0.375929 -0.000000
vn -0.926649 0.375929 -0.000000
vn -0.726302 0.063417 -0.684444
vn -0.382361 -0.576643 -0.721999
vn -0.207393 -0.978258 0.000000
vn -0.382361 -0.576643 0.721999
vn -0.726302 0.063417 0.684444
s off
g lightTower lightTowerGrp lightGrp1 light1 polySurface38
usemtl SM_Light_Tower_1_JFGSG
f 845/1661/2657 846/1662/2658 848/1663/2659 847/1664/2660
f 847/1664/2661 848/1663/2662 850/1665/2663 849/1666/2664
f 849/1666/2665 850/1665/2666 852/1667/2667 851/1668/2668
f 851/1669/2669 852/1670/2670 854/1671/2671 853/1672/2672
f 848/1673/2673 846/1674/2674 856/1675/2675 854/1676/2676 852/1677/2677 850/1678/2678
f 853/1672/2679 854/1671/2680 856/1679/2681 855/1680/2682
f 855/1680/2683 856/1679/2684 846/1662/2685 845/1661/2686
f 845/1681/2687 847/1682/2688 849/1683/2689 851/1684/2690 853/1685/2691 855/1686/2692
g default
v 10.964505 6.334388 -1.347013
v 10.964505 6.334389 -0.087841
v 10.963767 6.316725 -1.347013
v 10.963767 6.316726 -0.087841
v 10.950201 6.308635 -1.347013
v 10.950201 6.308635 -0.087841
v 10.937375 6.318208 -1.347013
v 10.937375 6.318208 -0.087841
v 10.938113 6.335871 -1.347013
v 10.938113 6.335872 -0.087841
v 10.951679 6.343962 -1.347013
v 10.951679 6.343962 -0.087841
vt 0.572734 0.675445
vt 0.572733 0.248117
vt 0.580972 0.248117
vt 0.580972 0.675445
vt 0.531541 0.675445
vt 0.531538 0.248117
vt 0.539778 0.248117
vt 0.539779 0.675445
vt 0.548016 0.248117
vt 0.548018 0.675445
vt 0.556255 0.248117
vt 0.556256 0.675445
vt 0.970519 0.159521
vt 0.970519 0.167760
vt 0.963383 0.171879
vt 0.956249 0.167760
vt 0.956248 0.159522
vt 0.963383 0.155403
vt 0.564494 0.248117
vt 0.564495 0.675445
vt 0.948948 0.965350
vt 0.956082 0.969469
vt 0.956082 0.977708
vt 0.948948 0.981827
vt 0.941813 0.977708
vt 0.941813 0.969469
vn 0.818429 0.363242 -0.445231
vn 0.818429 0.363242 0.445230
vn 0.780987 -0.433780 0.449327
vn 0.780987 -0.433780 -0.449327
vn 0.780987 -0.433780 -0.449327
vn 0.780987 -0.433780 0.449327
vn -0.048936 -0.870939 0.488949
vn -0.048936 -0.870939 -0.488949
vn -0.048936 -0.870939 -0.488949
vn -0.048936 -0.870939 0.488949
vn -0.818429 -0.363241 0.445231
vn -0.818429 -0.363242 -0.445230
vn -0.818429 -0.363242 -0.445230
vn -0.818429 -0.363241 0.445231
vn -0.780987 0.433780 0.449326
vn -0.780987 0.433780 -0.449326
vn 0.780987 -0.433780 0.449327
vn 0.818429 0.363242 0.445230
vn 0.048935 0.870939 0.488948
vn -0.780987 0.433780 0.449326
vn -0.818429 -0.363241 0.445231
vn -0.048936 -0.870939 0.488949
vn -0.780987 0.433780 -0.449326
vn -0.780987 0.433780 0.449326
vn 0.048935 0.870939 0.488948
vn 0.048936 0.870939 -0.488948
vn 0.048936 0.870939 -0.488948
vn 0.048935 0.870939 0.488948
vn 0.818429 0.363242 0.445230
vn 0.818429 0.363242 -0.445231
vn 0.818429 0.363242 -0.445231
vn 0.780987 -0.433780 -0.449327
vn -0.048936 -0.870939 -0.488949
vn -0.818429 -0.363242 -0.445230
vn -0.780987 0.433780 -0.449326
vn 0.048936 0.870939 -0.488948
s off
g lightTower lightTowerGrp lightGrp1 polySurface31 base1
usemtl SM_Light_Tower_1_JFGSG
f 857/1687/2693 858/1688/2694 860/1689/2695 859/1690/2696
f 859/1691/2697 860/1692/2698 862/1693/2699 861/1694/2700
f 861/1694/2701 862/1693/2702 864/1695/2703 863/1696/2704
f 863/1696/2705 864/1695/2706 866/1697/2707 865/1698/2708
f 860/1699/2709 858/1700/2710 868/1701/2711 866/1702/2712 864/1703/2713 862/1704/2714
f 865/1698/2715 866/1697/2716 868/1705/2717 867/1706/2718
f 867/1706/2719 868/1705/2720 858/1688/2721 857/1687/2722
f 857/1707/2723 859/1708/2724 861/1709/2725 863/1710/2726 865/1711/2727 867/1712/2728
g default
v 10.943118 6.346166 -1.374171
v 10.943118 6.346166 -1.337555
v 10.962935 6.345053 -1.374171
v 10.962935 6.345053 -1.337555
v 10.972012 6.324602 -1.374171
v 10.972012 6.324602 -1.337555
v 10.961271 6.305265 -1.374171
v 10.961271 6.305265 -1.337555
v 10.941455 6.306379 -1.374171
v 10.941455 6.306379 -1.337555
v 10.932378 6.326829 -1.374171
v 10.932378 6.326829 -1.337555
vn 0.056105 0.998425 -0.000000
vn 0.056105 0.998425 -0.000000
vn 0.056105 0.998425 -0.000000
vn 0.056105 0.998425 -0.000000
vn 0.914020 0.405668 -0.000000
vn 0.914020 0.405668 -0.000000
vn 0.914020 0.405668 -0.000000
vn 0.914020 0.405668 -0.000000
vn 0.874206 -0.485555 0.000000
vn 0.874206 -0.485555 0.000000
vn 0.874206 -0.485555 0.000000
vn 0.874206 -0.485555 0.000000
vn -0.056100 -0.998425 0.000000
vn -0.056100 -0.998425 0.000000
vn -0.056100 -0.998425 0.000000
vn -0.056100 -0.998425 0.000000
vn 0.000000 -0.000000 1.000000
vn 0.000000 -0.000000 1.000000
vn 0.000000 -0.000000 1.000000
vn 0.000000 -0.000000 1.000000
vn 0.000000 -0.000000 1.000000
vn 0.000000 -0.000000 1.000000
vn -0.914020 -0.405668 0.000000
vn -0.914020 -0.405668 0.000000
vn -0.914020 -0.405668 0.000000
vn -0.914020 -0.405668 0.000000
vn -0.874208 0.485552 -0.000000
vn -0.874208 0.485552 -0.000000
vn -0.874208 0.485552 -0.000000
vn -0.874208 0.485552 -0.000000
vn 0.000000 -0.000000 -1.000000
vn 0.000000 -0.000000 -1.000000
vn 0.000000 -0.000000 -1.000000
vn 0.000000 -0.000000 -1.000000
vn 0.000000 -0.000000 -1.000000
vn 0.000000 -0.000000 -1.000000
s off
g lightTower lightTowerGrp lightGrp1 base1 polySurface140
usemtl SM_Light_Tower_1_JFGSG
f 869//2729 870//2730 872//2731 871//2732
f 871//2733 872//2734 874//2735 873//2736
f 873//2737 874//2738 876//2739 875//2740
f 875//2741 876//2742 878//2743 877//2744
f 872//2745 870//2746 880//2747 878//2748 876//2749 874//2750
f 877//2751 878//2752 880//2753 879//2754
f 879//2755 880//2756 870//2757 869//2758
f 869//2759 871//2760 873//2761 875//2762 877//2763 879//2764
g default
v 10.925551 6.334368 -0.085109
v 10.957792 6.353596 -0.085109
v 10.929800 6.324794 -0.101298
v 10.962041 6.344022 -0.101298
v 10.938299 6.305646 -0.101298
v 10.970539 6.324874 -0.101298
v 10.942548 6.296073 -0.085109
v 10.974788 6.315300 -0.085109
v 10.938299 6.305646 -0.068921
v 10.970539 6.324874 -0.068921
v 10.929800 6.324794 -0.068921
v 10.962041 6.344022 -0.068921
vt 0.855694 0.033311
vt 0.836112 0.033311
vt 0.836112 0.023279
vt 0.855694 0.023279
vt 0.836112 0.013247
vt 0.855694 0.013247
vt 0.836112 0.003215
vt 0.855694 0.003215
vt 0.855693 0.063408
vt 0.836112 0.063408
vt 0.836112 0.053376
vt 0.855694 0.053375
vt 0.489934 0.949360
vt 0.489934 0.939328
vt 0.498622 0.934312
vt 0.507310 0.939328
vt 0.507310 0.949360
vt 0.498622 0.954376
vt 0.836112 0.043343
vt 0.855694 0.043343
vt 0.427413 0.579099
vt 0.436100 0.574083
vt 0.444789 0.579099
vt 0.444789 0.589132
vt 0.436100 0.594147
vt 0.427413 0.589132
vn -0.926649 0.375929 -0.000001
vn 0.207391 0.978258 -0.000001
vn 0.382363 0.576641 -0.722000
vn -0.726302 0.063417 -0.684444
vn -0.726302 0.063417 -0.684444
vn 0.382363 0.576641 -0.722000
vn 0.726303 -0.063420 -0.684443
vn -0.382361 -0.576644 -0.721999
vn -0.382361 -0.576644 -0.721999
vn 0.726303 -0.063420 -0.684443
vn 0.926649 -0.375928 -0.000001
vn -0.207393 -0.978258 -0.000000
vn -0.207393 -0.978258 -0.000000
vn 0.926649 -0.375928 -0.000001
vn 0.726303 -0.063420 0.684442
vn -0.382360 -0.576644 0.721999
vn 0.382363 0.576641 -0.722000
vn 0.207391 0.978258 -0.000001
vn 0.382363 0.576642 0.721999
vn 0.726303 -0.063420 0.684442
vn 0.926649 -0.375928 -0.000001
vn 0.726303 -0.063420 -0.684443
vn -0.382360 -0.576644 0.721999
vn 0.726303 -0.063420 0.684442
vn 0.382363 0.576642 0.721999
vn -0.726303 0.063417 0.684443
vn -0.726303 0.063417 0.684443
vn 0.382363 0.576642 0.721999
vn 0.207391 0.978258 -0.000001
vn -0.926649 0.375929 -0.000001
vn -0.926649 0.375929 -0.000001
vn -0.726302 0.063417 -0.684444
vn -0.382361 -0.576644 -0.721999
vn -0.207393 -0.978258 -0.000000
vn -0.382360 -0.576644 0.721999
vn -0.726303 0.063417 0.684443
s off
g lightTower lightTowerGrp lightGrp1 base1 polySurface39
usemtl SM_Light_Tower_1_JFGSG
f 881/1713/2765 882/1714/2766 884/1715/2767 883/1716/2768
f 883/1716/2769 884/1715/2770 886/1717/2771 885/1718/2772
f 885/1718/2773 886/1717/2774 888/1719/2775 887/1720/2776
f 887/1721/2777 888/1722/2778 890/1723/2779 889/1724/2780
f 884/1725/2781 882/1726/2782 892/1727/2783 890/1728/2784 888/1729/2785 886/1730/2786
f 889/1724/2787 890/1723/2788 892/1731/2789 891/1732/2790
f 891/1732/2791 892/1731/2792 882/1714/2793 881/1713/2794
f 881/1733/2795 883/1734/2796 885/1735/2797 887/1736/2798 889/1737/2799 891/1738/2800
g default
v 10.962341 6.341759 0.376681
v 10.985057 6.358586 0.376681
v 10.964996 6.335778 0.366566
v 10.988287 6.351308 0.364374
v 10.970306 6.323815 0.366566
v 10.994747 6.336752 0.364374
v 10.972960 6.317833 0.376681
v 10.997978 6.329474 0.376681
v 10.970306 6.323815 0.386795
v 10.994747 6.336752 0.388987
v 10.964996 6.335778 0.386795
v 10.988287 6.351308 0.388987
v 10.663175 6.890326 0.376681
v 10.730120 6.930421 0.376681
v 10.665356 6.885411 0.368370
v 10.732331 6.925439 0.368257
v 10.669719 6.875582 0.368370
v 10.736754 6.915475 0.368257
v 10.671900 6.870667 0.376681
v 10.738965 6.910493 0.376681
v 10.669719 6.875582 0.384991
v 10.736754 6.915475 0.385104
v 10.665356 6.885411 0.384991
v 10.732331 6.925439 0.385104
v 10.982268 6.366560 0.376681
v 10.742564 6.906644 0.376681
v 10.987968 6.369959 0.365509
v 10.748264 6.910043 0.365509
v 10.999368 6.376758 0.365509
v 10.759663 6.916842 0.365509
v 11.005068 6.380157 0.376681
v 10.765363 6.920241 0.376681
v 10.999368 6.376758 0.387853
v 10.759663 6.916842 0.387852
v 10.987968 6.369959 0.387853
v 10.748264 6.910043 0.387852
v 10.987842 6.357995 0.376681
v 10.994492 6.356756 0.388420
v 11.013079 6.352118 0.388420
v 11.019729 6.350879 0.376681
v 11.013079 6.352118 0.364942
v 10.994492 6.356756 0.364942
v 10.753804 6.938104 0.366883
v 10.743626 6.916581 0.366883
v 10.741881 6.912390 0.376681
v 10.743626 6.916581 0.386478
v 10.753804 6.938104 0.386478
v 10.755549 6.942294 0.376681
vn -0.503276 0.679438 -0.533926
vn -0.503276 0.679438 -0.533926
vn -0.503276 0.679438 -0.533926
vn -0.503276 0.679438 -0.533926
vn -0.072393 -0.032130 -0.996858
vn -0.072393 -0.032130 -0.996859
vn -0.072393 -0.032130 -0.996859
vn -0.072393 -0.032130 -0.996858
vn 0.354212 -0.761243 -0.543179
vn 0.354212 -0.761243 -0.543179
vn 0.354212 -0.761243 -0.543179
vn 0.354212 -0.761243 -0.543179
vn 0.354207 -0.761245 0.543179
vn 0.354207 -0.761245 0.543179
vn 0.354207 -0.761245 0.543179
vn 0.354207 -0.761245 0.543179
vn -0.072398 -0.032132 0.996858
vn -0.072398 -0.032132 0.996858
vn -0.072398 -0.032132 0.996858
vn -0.072398 -0.032132 0.996858
vn -0.503278 0.679437 0.533926
vn -0.503278 0.679437 0.533926
vn -0.503278 0.679437 0.533926
vn -0.503278 0.679437 0.533926
vn -0.432325 0.721848 -0.540399
vn -0.432325 0.721848 -0.540399
vn -0.432325 0.721848 -0.540399
vn -0.432325 0.721848 -0.540399
vn -0.001340 -0.000595 -0.999999
vn -0.001340 -0.000595 -0.999999
vn -0.001340 -0.000595 -0.999999
vn -0.001340 -0.000595 -0.999999
vn 0.429576 -0.723373 -0.540552
vn 0.429576 -0.723373 -0.540552
vn 0.429576 -0.723373 -0.540552
vn 0.429576 -0.723373 -0.540552
vn 0.429578 -0.723372 0.540552
vn 0.429578 -0.723372 0.540552
vn 0.429578 -0.723372 0.540552
vn 0.429578 -0.723372 0.540552
vn -0.001339 -0.000594 0.999999
vn -0.001339 -0.000594 0.999999
vn -0.001339 -0.000594 0.999999
vn -0.001339 -0.000594 0.999999
vn -0.432326 0.721848 0.540398
vn -0.432326 0.721848 0.540398
vn -0.432326 0.721848 0.540398
vn -0.432326 0.721848 0.540398
vn -0.787302 -0.349427 -0.507993
vn -0.787302 -0.349427 -0.507993
vn -0.787302 -0.349427 -0.507993
vn -0.787302 -0.349427 -0.507993
vn -0.000000 -0.000000 -1.000000
vn -0.000000 -0.000000 -1.000000
vn -0.000000 -0.000000 -1.000000
vn -0.000000 -0.000000 -1.000000
vn 0.787302 0.349427 -0.507993
vn 0.787302 0.349427 -0.507993
vn 0.787302 0.349427 -0.507993
vn 0.787302 0.349427 -0.507993
vn 0.787302 0.349427 0.507993
vn 0.787302 0.349427 0.507993
vn 0.787302 0.349427 0.507993
vn 0.787302 0.349427 0.507993
vn 0.000000 0.000000 1.000000
vn 0.000000 0.000000 1.000000
vn 0.000000 0.000000 1.000000
vn 0.000000 0.000000 1.000000
vn -0.787302 -0.349427 0.507993
vn -0.787302 -0.349427 0.507993
vn -0.787302 -0.349427 0.507993
vn -0.787302 -0.349427 0.507993
vn -0.105785 0.019340 -0.994201
vn -0.105785 0.019340 -0.994201
vn -0.105785 0.019340 -0.994201
vn -0.105785 0.019340 -0.994201
vn 0.205180 -0.872094 -0.444245
vn 0.205180 -0.872094 -0.444245
vn 0.205180 -0.872094 -0.444245
vn 0.205180 -0.872094 -0.444245
vn 0.205171 -0.872097 0.444244
vn 0.205171 -0.872097 0.444244
vn 0.205171 -0.872097 0.444244
vn 0.205171 -0.872097 0.444244
vn -0.105785 0.019340 0.994201
vn -0.105785 0.019340 0.994201
vn -0.105785 0.019340 0.994201
vn -0.105785 0.019340 0.994201
vn -0.431387 0.801345 0.414431
vn -0.431386 0.801344 0.414431
vn -0.431387 0.801345 0.414431
vn -0.431386 0.801345 0.414431
vn -0.431385 0.801345 -0.414431
vn -0.431385 0.801345 -0.414431
vn -0.431385 0.801345 -0.414431
vn -0.431385 0.801345 -0.414431
vn -0.002079 0.028846 -0.999582
vn -0.002079 0.028846 -0.999582
vn -0.002079 0.028846 -0.999582
vn -0.002079 0.028846 -0.999582
vn 0.783104 0.416930 -0.461430
vn 0.783104 0.416930 -0.461430
vn 0.783104 0.416930 -0.461430
vn 0.783104 0.416930 -0.461430
vn 0.783103 0.416929 0.461433
vn 0.783103 0.416929 0.461433
vn 0.783103 0.416929 0.461433
vn 0.783103 0.416929 0.461433
vn -0.002078 0.028846 0.999582
vn -0.002078 0.028846 0.999582
vn -0.002078 0.028846 0.999582
vn -0.002078 0.028846 0.999582
vn -0.780854 -0.421935 0.460693
vn -0.780854 -0.421935 0.460693
vn -0.780854 -0.421935 0.460693
vn -0.780854 -0.421935 0.460693
vn -0.780854 -0.421935 -0.460694
vn -0.780854 -0.421935 -0.460694
vn -0.780854 -0.421935 -0.460694
vn -0.780853 -0.421935 -0.460694
vn -0.402990 0.797935 0.448217
vn -0.402990 0.797935 0.448217
vn -0.402990 0.797935 0.448217
vn -0.402990 0.797935 0.448217
vn 0.021924 0.028610 0.999350
vn 0.021924 0.028610 0.999350
vn 0.021924 0.028610 0.999350
vn 0.021924 0.028610 0.999350
vn 0.598684 -0.645270 0.474556
vn 0.598684 -0.645270 0.474556
vn 0.598684 -0.645270 0.474556
vn 0.598684 -0.645270 0.474556
vn 0.598682 -0.645272 -0.474556
vn 0.598682 -0.645272 -0.474556
vn 0.598682 -0.645272 -0.474556
vn 0.598682 -0.645272 -0.474556
vn 0.021924 0.028609 -0.999350
vn 0.021924 0.028609 -0.999350
vn 0.021924 0.028609 -0.999350
vn 0.021924 0.028609 -0.999350
vn -0.402982 0.797939 -0.448217
vn -0.402982 0.797939 -0.448217
vn -0.402982 0.797939 -0.448217
vn -0.402982 0.797939 -0.448217
vn 0.849982 0.320818 -0.417859
vn 0.849982 0.320818 -0.417859
vn 0.849982 0.320818 -0.417859
vn 0.849982 0.320818 -0.417859
vn 0.849982 0.320818 0.417860
vn 0.849982 0.320818 0.417860
vn 0.849982 0.320818 0.417860
vn 0.849982 0.320818 0.417860
vn -0.086238 0.065708 0.994105
vn -0.086238 0.065708 0.994105
vn -0.086238 0.065708 0.994105
vn -0.086238 0.065708 0.994105
vn -0.849741 -0.321324 0.417961
vn -0.849741 -0.321324 0.417961
vn -0.849741 -0.321324 0.417961
vn -0.849741 -0.321324 0.417961
vn -0.849742 -0.321325 -0.417959
vn -0.849742 -0.321325 -0.417959
vn -0.849742 -0.321324 -0.417959
vn -0.849742 -0.321324 -0.417959
vn -0.086238 0.065707 -0.994105
vn -0.086238 0.065707 -0.994105
vn -0.086238 0.065707 -0.994105
vn -0.086238 0.065707 -0.994105
s off
g lightTower lightTowerGrp polySurface127 light3 lightGrp2
usemtl SM_Light_Tower_1_JFGSG
f 893//2801 894//2802 896//2803 895//2804
f 895//2805 896//2806 898//2807 897//2808
f 897//2809 898//2810 900//2811 899//2812
f 899//2813 900//2814 902//2815 901//2816
f 901//2817 902//2818 904//2819 903//2820
f 903//2821 904//2822 894//2823 893//2824
f 905//2825 906//2826 908//2827 907//2828
f 907//2829 908//2830 910//2831 909//2832
f 909//2833 910//2834 912//2835 911//2836
f 911//2837 912//2838 914//2839 913//2840
f 913//2841 914//2842 916//2843 915//2844
f 915//2845 916//2846 906//2847 905//2848
f 917//2849 918//2850 920//2851 919//2852
f 919//2853 920//2854 922//2855 921//2856
f 921//2857 922//2858 924//2859 923//2860
f 923//2861 924//2862 926//2863 925//2864
f 925//2865 926//2866 928//2867 927//2868
f 927//2869 928//2870 918//2871 917//2872
f 935//2873 936//2874 910//2875 908//2876
f 936//2877 937//2878 912//2879 910//2880
f 937//2881 938//2882 914//2883 912//2884
f 938//2885 939//2886 916//2887 914//2888
f 939//2889 940//2890 906//2891 916//2892
f 940//2893 935//2894 908//2895 906//2896
f 919//2897 921//2898 933//2899 934//2900
f 921//2901 923//2902 932//2903 933//2904
f 923//2905 925//2906 931//2907 932//2908
f 925//2909 927//2910 930//2911 931//2912
f 927//2913 917//2914 929//2915 930//2916
f 917//2917 919//2918 934//2919 929//2920
f 930//2921 929//2922 894//2923 904//2924
f 931//2925 930//2926 904//2927 902//2928
f 932//2929 931//2930 902//2931 900//2932
f 933//2933 932//2934 900//2935 898//2936
f 934//2937 933//2938 898//2939 896//2940
f 929//2941 934//2942 896//2943 894//2944
f 924//2945 922//2946 935//2947 940//2948
f 926//2949 924//2950 940//2951 939//2952
f 928//2953 926//2954 939//2955 938//2956
f 918//2957 928//2958 938//2959 937//2960
f 920//2961 918//2962 937//2963 936//2964
f 922//2965 920//2966 936//2967 935//2968
g default
v 10.723745 6.771852 0.106674
v 10.799444 6.816998 0.106674
v 10.725448 6.768015 0.100186
v 10.801147 6.813161 0.100186
v 10.728854 6.760342 0.100186
v 10.804553 6.805487 0.100186
v 10.730557 6.756505 0.106674
v 10.806256 6.801650 0.106674
v 10.728854 6.760342 0.113161
v 10.804553 6.805487 0.113161
v 10.725448 6.768015 0.113161
v 10.801147 6.813161 0.113161
vn -0.430950 0.722611 -0.540478
vn -0.430950 0.722611 -0.540478
vn -0.430950 0.722611 -0.540478
vn -0.430950 0.722611 -0.540478
vn 0.000000 -0.000000 -1.000000
vn 0.000000 -0.000000 -1.000000
vn 0.000000 -0.000000 -1.000000
vn 0.000000 -0.000000 -1.000000
vn 0.430954 -0.722618 -0.540465
vn 0.430954 -0.722618 -0.540465
vn 0.430954 -0.722618 -0.540465
vn 0.430954 -0.722618 -0.540465
vn 0.430953 -0.722616 0.540468
vn 0.430953 -0.722616 0.540468
vn 0.430953 -0.722616 0.540468
vn 0.430953 -0.722616 0.540468
vn 0.000000 0.000000 1.000000
vn 0.000000 0.000000 1.000000
vn 0.000000 0.000000 1.000000
vn 0.000000 0.000000 1.000000
vn -0.430951 0.722613 0.540474
vn -0.430951 0.722613 0.540474
vn -0.430951 0.722613 0.540474
vn -0.430951 0.722613 0.540474
vn 0.914020 0.405668 -0.000000
vn 0.914020 0.405668 -0.000000
vn 0.914020 0.405668 -0.000000
vn 0.914020 0.405668 -0.000000
vn 0.914020 0.405668 -0.000000
vn 0.914020 0.405668 -0.000000
s off
g lightTower lightTowerGrp light3 lightGrp2 polySurface113
usemtl SM_Light_Tower_1_JFGSG
f 941//2969 942//2970 944//2971 943//2972
f 943//2973 944//2974 946//2975 945//2976
f 945//2977 946//2978 948//2979 947//2980
f 947//2981 948//2982 950//2983 949//2984
f 949//2985 950//2986 952//2987 951//2988
f 951//2989 952//2990 942//2991 941//2992
f 944//2993 942//2994 952//2995 950//2996 948//2997 946//2998
g default
v 10.893528 6.520044 0.263832
v 10.891926 6.523653 0.263832
v 10.893528 6.520044 0.220562
v 10.891926 6.523653 0.220562
v 10.906989 6.528118 0.263239
v 10.907352 6.532947 0.263239
v 10.906358 6.527742 0.221127
v 10.906722 6.532570 0.221127
vn -0.914020 -0.405668 0.000000
vn -0.914020 -0.405668 0.000000
vn -0.914020 -0.405668 0.000000
vn -0.914020 -0.405668 0.000000
vn 0.037583 0.005517 -0.999278
vn 0.037583 0.005517 -0.999278
vn 0.037583 0.005517 -0.999278
vn 0.037583 0.005517 -0.999278
vn 0.997082 -0.074993 -0.014263
vn 0.997082 -0.074993 -0.014263
vn 0.997082 -0.074993 -0.014263
vn 0.997082 -0.074993 -0.014263
vn 0.037739 0.005541 0.999272
vn 0.037739 0.005541 0.999272
vn 0.037739 0.005541 0.999272
vn 0.037739 0.005541 0.999272
vn 0.514386 -0.857558 -0.000022
vn 0.514386 -0.857558 -0.000022
vn 0.514386 -0.857558 -0.000022
vn 0.514386 -0.857559 -0.000022
s off
g lightTower lightTowerGrp light3 lightGrp2 polySurface134
usemtl SM_Light_Tower_1_JFGSG
f 953//2999 954//3000 956//3001 955//3002
f 955//3003 956//3004 960//3005 959//3006
f 959//3007 960//3008 958//3009 957//3010
f 957//3011 958//3012 954//3013 953//3014
f 955//3015 959//3016 957//3017 953//3018
g default
v 10.706529 6.761376 0.374106
v 10.796774 6.815196 0.374106
v 10.708305 6.757373 0.367338
v 10.798551 6.811193 0.367338
v 10.711858 6.749367 0.367338
v 10.802104 6.803188 0.367338
v 10.713635 6.745364 0.374106
v 10.803881 6.799185 0.374106
v 10.711858 6.749367 0.380875
v 10.802104 6.803188 0.380875
v 10.708305 6.757373 0.380875
v 10.798551 6.811193 0.380875
vn -0.430948 0.722606 -0.540486
vn -0.430948 0.722606 -0.540486
vn -0.430948 0.722606 -0.540486
vn -0.430948 0.722605 -0.540486
vn -0.000000 -0.000000 -1.000000
vn -0.000000 -0.000000 -1.000000
vn -0.000000 -0.000000 -1.000000
vn -0.000000 -0.000000 -1.000000
vn 0.430955 -0.722619 -0.540463
vn 0.430955 -0.722619 -0.540463
vn 0.430955 -0.722619 -0.540463
vn 0.430955 -0.722619 -0.540463
vn 0.430955 -0.722619 0.540463
vn 0.430955 -0.722619 0.540463
vn 0.430955 -0.722619 0.540463
vn 0.430955 -0.722619 0.540463
vn 0.000000 0.000000 1.000000
vn 0.000000 0.000000 1.000000
vn 0.000000 0.000000 1.000000
vn 0.000000 0.000000 1.000000
vn -0.430946 0.722607 0.540486
vn -0.430946 0.722607 0.540486
vn -0.430946 0.722607 0.540486
vn -0.430946 0.722607 0.540486
vn 0.914020 0.405668 -0.000000
vn 0.914020 0.405668 -0.000000
vn 0.914020 0.405668 -0.000000
vn 0.914020 0.405668 -0.000000
vn 0.914020 0.405668 -0.000000
vn 0.914020 0.405668 -0.000000
s off
g lightTower lightTowerGrp light3 lightGrp2 polySurface139
usemtl SM_Light_Tower_1_JFGSG
f 961//3019 962//3020 964//3021 963//3022
f 963//3023 964//3024 966//3025 965//3026
f 965//3027 966//3028 968//3029 967//3030
f 967//3031 968//3032 970//3033 969//3034
f 969//3035 970//3036 972//3037 971//3038
f 971//3039 972//3040 962//3041 961//3042
f 964//3043 962//3044 972//3045 970//3046 968//3047 966//3048
g default
v 10.893319 6.523535 0.357271
v 10.780764 6.777133 0.357271
v 10.893319 6.523534 0.128938
v 10.780764 6.777133 0.128938
v 10.914076 6.535914 0.357271
v 10.801522 6.789512 0.357271
v 10.914076 6.535914 0.128938
v 10.801522 6.789512 0.128938
v 10.830927 6.791993 0.137849
v 10.932914 6.562204 0.137849
v 10.932914 6.562204 0.351357
v 10.830927 6.791993 0.351357
v 10.873299 6.776570 0.151341
v 10.946724 6.611133 0.151341
v 10.946724 6.611133 0.337622
v 10.873299 6.776570 0.337622
v 10.906189 6.750317 0.172052
v 10.947421 6.657416 0.172052
v 10.947421 6.657416 0.316305
v 10.906189 6.750317 0.316305
vn 0.000000 -0.000000 -1.000000
vn 0.000000 -0.000000 -1.000000
vn 0.000000 -0.000000 -1.000000
vn 0.000000 -0.000000 -1.000000
vn 0.278228 0.123485 -0.952544
vn 0.278228 0.123485 -0.952544
vn 0.278228 0.123485 -0.952544
vn 0.278228 0.123485 -0.952544
vn 0.000000 0.000000 1.000000
vn 0.000000 0.000000 1.000000
vn 0.000000 0.000000 1.000000
vn 0.000000 0.000000 1.000000
vn 0.512207 -0.858862 0.000000
vn 0.512207 -0.858862 0.000000
vn 0.512207 -0.858862 0.000000
vn 0.512207 -0.858862 0.000000
vn -0.512207 0.858862 -0.000000
vn -0.512207 0.858862 -0.000000
vn -0.512207 0.858862 -0.000000
vn -0.512207 0.858862 -0.000000
vn 0.356064 0.158032 0.921002
vn 0.356064 0.158032 0.921002
vn 0.356064 0.158032 0.921002
vn 0.356064 0.158032 0.921002
vn 0.189647 0.084171 0.978238
vn 0.189647 0.084171 0.978238
vn 0.189647 0.084171 0.978238
vn 0.189647 0.084171 0.978238
vn 0.812865 -0.582452 0.000000
vn 0.812865 -0.582452 0.000000
vn 0.812865 -0.582452 0.000000
vn 0.812865 -0.582452 0.000000
vn -0.084064 0.996460 -0.000000
vn -0.084064 0.996460 -0.000000
vn -0.084064 0.996460 -0.000000
vn -0.084064 0.996460 -0.000000
vn 0.623835 0.781556 -0.000000
vn 0.623835 0.781556 -0.000000
vn 0.623835 0.781556 -0.000000
vn 0.623835 0.781556 -0.000000
vn 0.962399 -0.271641 0.000000
vn 0.962399 -0.271641 0.000000
vn 0.962399 -0.271641 0.000000
vn 0.962399 -0.271641 0.000000
vn 0.342042 0.939685 -0.000000
vn 0.342042 0.939685 -0.000000
vn 0.342042 0.939685 -0.000000
vn 0.342042 0.939685 -0.000000
vn 0.350708 0.155654 -0.923459
vn 0.350708 0.155654 -0.923459
vn 0.350708 0.155654 -0.923459
vn 0.350708 0.155654 -0.923459
vn 0.914020 0.405668 -0.000000
vn 0.914020 0.405668 -0.000000
vn 0.914020 0.405668 -0.000000
vn 0.914020 0.405668 -0.000000
vn 0.666882 0.295981 -0.683860
vn 0.666882 0.295981 -0.683860
vn 0.666882 0.295981 -0.683860
vn 0.666882 0.295981 -0.683860
vn 0.675795 0.299937 0.673305
vn 0.675795 0.299937 0.673305
vn 0.675795 0.299937 0.673305
vn 0.675795 0.299937 0.673305
vn 0.999887 -0.015049 0.000000
vn 0.999887 -0.015049 0.000000
vn 0.999887 -0.015049 0.000000
vn 0.999887 -0.015049 0.000000
s off
g lightTower lightTowerGrp light3 lightGrp2 polySurface118
usemtl SM_Light_Tower_1_JFGSG
f 975//3049 976//3050 980//3051 979//3052
f 979//3053 980//3054 981//3055 982//3056
f 977//3057 978//3058 974//3059 973//3060
f 975//3061 979//3062 977//3063 973//3064
f 980//3065 976//3066 974//3067 978//3068
f 984//3069 983//3070 987//3071 988//3072
f 978//3073 977//3074 983//3075 984//3076
f 977//3077 979//3078 982//3079 983//3080
f 980//3081 978//3082 984//3083 981//3084
f 985//3085 988//3086 992//3087 989//3088
f 983//3089 982//3090 986//3091 987//3092
f 981//3093 984//3094 988//3095 985//3096
f 982//3097 981//3098 985//3099 986//3100
f 990//3101 989//3102 992//3103 991//3104
f 986//3105 985//3106 989//3107 990//3108
f 988//3109 987//3110 991//3111 992//3112
f 987//3113 986//3114 990//3115 991//3116
g default
v 10.641251 6.865005 0.077861
v 10.669946 6.882118 0.077861
v 10.648403 6.848891 0.086944
v 10.677098 6.866004 0.086944
v 10.648403 6.848891 0.105109
v 10.677098 6.866004 0.105109
v 10.641251 6.865005 0.114191
v 10.669946 6.882118 0.114191
v 10.634099 6.881119 0.105109
v 10.662794 6.898233 0.105109
v 10.634099 6.881119 0.086944
v 10.662794 6.898233 0.086944
vn 0.235918 -0.395578 -0.887616
vn 0.235918 -0.395578 -0.887616
vn 0.235918 -0.395578 -0.887616
vn 0.235918 -0.395578 -0.887616
vn 0.512207 -0.858862 0.000000
vn 0.512207 -0.858862 0.000000
vn 0.512207 -0.858862 0.000000
vn 0.512207 -0.858862 0.000000
vn 0.235915 -0.395579 0.887616
vn 0.235915 -0.395579 0.887616
vn 0.235915 -0.395579 0.887616
vn 0.235915 -0.395579 0.887616
vn -0.235918 0.395578 0.887616
vn -0.235918 0.395578 0.887616
vn -0.235918 0.395578 0.887616
vn -0.235918 0.395578 0.887616
vn 0.914020 0.405668 -0.000000
vn 0.914021 0.405668 -0.000000
vn 0.914020 0.405668 -0.000000
vn 0.914020 0.405668 -0.000000
vn 0.914021 0.405668 -0.000000
vn 0.914020 0.405668 -0.000000
vn -0.512213 0.858859 -0.000000
vn -0.512213 0.858859 -0.000000
vn -0.512213 0.858859 -0.000000
vn -0.512213 0.858859 -0.000000
vn -0.235915 0.395579 -0.887616
vn -0.235915 0.395579 -0.887616
vn -0.235915 0.395579 -0.887616
vn -0.235915 0.395579 -0.887616
vn -0.914020 -0.405668 0.000000
vn -0.914020 -0.405668 0.000000
vn -0.914020 -0.405668 0.000000
vn -0.914020 -0.405668 0.000000
vn -0.914020 -0.405668 0.000000
vn -0.914020 -0.405668 0.000000
s off
g lightTower lightTowerGrp light3 lightGrp2 polySurface148
usemtl SM_Light_Tower_1_JFGSG
f 993//3117 994//3118 996//3119 995//3120
f 995//3121 996//3122 998//3123 997//3124
f 997//3125 998//3126 1000//3127 999//3128
f 999//3129 1000//3130 1002//3131 1001//3132
f 996//3133 994//3134 1004//3135 1002//3136 1000//3137 998//3138
f 1001//3139 1002//3140 1004//3141 1003//3142
f 1003//3143 1004//3144 994//3145 993//3146
f 993//3147 995//3148 997//3149 999//3150 1001//3151 1003//3152
g default
v 10.925551 6.334368 0.098664
v 10.958390 6.353953 0.098664
v 10.929800 6.324794 0.082475
v 10.962640 6.344379 0.082475
v 10.938299 6.305646 0.082475
v 10.971138 6.325231 0.082475
v 10.942548 6.296072 0.098664
v 10.975387 6.315657 0.098664
v 10.938299 6.305646 0.114852
v 10.971138 6.325231 0.114852
v 10.929800 6.324794 0.114852
v 10.962640 6.344379 0.114852
vn -0.430950 0.722611 -0.540478
vn -0.430950 0.722611 -0.540478
vn -0.430950 0.722611 -0.540478
vn -0.430950 0.722611 -0.540478
vn -0.000001 0.000001 -1.000000
vn -0.000001 0.000001 -1.000000
vn -0.000001 0.000001 -1.000000
vn -0.000001 0.000001 -1.000000
vn 0.430952 -0.722614 -0.540472
vn 0.430952 -0.722614 -0.540472
vn 0.430952 -0.722614 -0.540472
vn 0.430952 -0.722614 -0.540472
vn 0.430952 -0.722614 0.540472
vn 0.430952 -0.722614 0.540472
vn 0.430952 -0.722614 0.540472
vn 0.430952 -0.722614 0.540472
vn 0.914020 0.405668 -0.000000
vn 0.914020 0.405668 -0.000000
vn 0.914020 0.405668 -0.000000
vn 0.914020 0.405668 -0.000000
vn 0.914020 0.405668 -0.000000
vn 0.914020 0.405668 -0.000000
vn 0.000001 -0.000001 1.000000
vn 0.000001 -0.000001 1.000000
vn 0.000001 -0.000001 1.000000
vn 0.000001 -0.000001 1.000000
vn -0.430950 0.722612 0.540476
vn -0.430950 0.722612 0.540476
vn -0.430950 0.722612 0.540476
vn -0.430950 0.722612 0.540476
vn -0.914020 -0.405668 0.000000
vn -0.914020 -0.405668 0.000000
vn -0.914020 -0.405668 0.000000
vn -0.914020 -0.405668 0.000000
vn -0.914020 -0.405668 0.000000
vn -0.914020 -0.405668 0.000000
s off
g lightTower lightTowerGrp light3 lightGrp2 polySurface137
usemtl SM_Light_Tower_1_JFGSG
f 1005//3153 1006//3154 1008//3155 1007//3156
f 1007//3157 1008//3158 1010//3159 1009//3160
f 1009//3161 1010//3162 1012//3163 1011//3164
f 1011//3165 1012//3166 1014//3167 1013//3168
f 1008//3169 1006//3170 1016//3171 1014//3172 1012//3173 1010//3174
f 1013//3175 1014//3176 1016//3177 1015//3178
f 1015//3179 1016//3180 1006//3181 1005//3182
f 1005//3183 1007//3184 1009//3185 1011//3186 1013//3187 1015//3188
g default
v 10.708243 6.769166 0.107522
v 10.724047 6.778592 0.107522
v 10.710735 6.763550 0.098026
v 10.726540 6.772976 0.098026
v 10.715721 6.752318 0.098026
v 10.731525 6.761743 0.098026
v 10.718213 6.746702 0.107522
v 10.734018 6.756127 0.107522
v 10.715721 6.752318 0.117018
v 10.731525 6.761743 0.117018
v 10.710735 6.763550 0.117018
v 10.726540 6.772976 0.117018
vn -0.430953 0.722616 -0.540468
vn -0.430953 0.722616 -0.540468
vn -0.430953 0.722616 -0.540468
vn -0.430953 0.722616 -0.540468
vn 0.000000 -0.000000 -1.000000
vn 0.000000 -0.000000 -1.000000
vn 0.000000 -0.000000 -1.000000
vn 0.000000 -0.000000 -1.000000
vn 0.430950 -0.722611 -0.540476
vn 0.430950 -0.722611 -0.540476
vn 0.430950 -0.722611 -0.540476
vn 0.430950 -0.722611 -0.540476
vn 0.430951 -0.722612 0.540475
vn 0.430951 -0.722612 0.540475
vn 0.430951 -0.722612 0.540475
vn 0.430951 -0.722612 0.540475
vn 0.914021 0.405668 -0.000000
vn 0.914020 0.405668 -0.000000
vn 0.914020 0.405668 -0.000000
vn 0.914020 0.405668 -0.000000
vn 0.914021 0.405668 -0.000000
vn 0.914020 0.405668 -0.000000
vn 0.000000 0.000000 1.000000
vn 0.000000 0.000000 1.000000
vn 0.000000 0.000000 1.000000
vn 0.000000 0.000000 1.000000
vn -0.430953 0.722617 0.540466
vn -0.430953 0.722617 0.540466
vn -0.430953 0.722617 0.540466
vn -0.430953 0.722617 0.540466
vn -0.914020 -0.405668 -0.000000
vn -0.914020 -0.405668 -0.000000
vn -0.914021 -0.405668 -0.000000
vn -0.914020 -0.405668 -0.000000
vn -0.914020 -0.405668 -0.000000
vn -0.914020 -0.405668 -0.000000
s off
g lightTower lightTowerGrp light3 lightGrp2 polySurface131
usemtl SM_Light_Tower_1_JFGSG
f 1017//3189 1018//3190 1020//3191 1019//3192
f 1019//3193 1020//3194 1022//3195 1021//3196
f 1021//3197 1022//3198 1024//3199 1023//3200
f 1023//3201 1024//3202 1026//3203 1025//3204
f 1020//3205 1018//3206 1028//3207 1026//3208 1024//3209 1022//3210
f 1025//3211 1026//3212 1028//3213 1027//3214
f 1027//3215 1028//3216 1018//3217 1017//3218
f 1017//3219 1019//3220 1021//3221 1023//3222 1025//3223 1027//3224
g default
v 10.865200 6.519209 0.355515
v 10.758845 6.758839 0.355515
v 10.865200 6.519209 0.123069
v 10.758845 6.758839 0.123069
v 10.894839 6.518003 0.370090
v 10.775232 6.787493 0.370090
v 10.894839 6.518003 0.108494
v 10.775232 6.787493 0.108494
v 10.871826 6.504278 0.108494
v 10.871826 6.504278 0.370090
v 10.752219 6.773769 0.370090
v 10.752219 6.773769 0.108494
v 10.882453 6.529498 0.123069
v 10.882453 6.529498 0.355515
v 10.776098 6.769128 0.355515
v 10.776098 6.769128 0.123069
vn 0.512207 -0.858862 0.000000
vn 0.512207 -0.858862 0.000000
vn 0.512207 -0.858862 0.000000
vn 0.512207 -0.858862 0.000000
vn 0.000000 -0.000000 -1.000000
vn 0.000000 -0.000000 -1.000000
vn 0.000000 -0.000000 -1.000000
vn 0.000000 -0.000000 -1.000000
vn 0.914020 0.405668 -0.000000
vn 0.914020 0.405668 -0.000000
vn 0.914020 0.405668 -0.000000
vn 0.914020 0.405668 -0.000000
vn 0.000000 0.000000 1.000000
vn 0.000000 0.000000 1.000000
vn 0.000000 0.000000 1.000000
vn 0.000000 0.000000 1.000000
vn 0.512207 -0.858862 0.000000
vn 0.512207 -0.858862 0.000000
vn 0.512207 -0.858862 0.000000
vn 0.512207 -0.858862 0.000000
vn -0.512207 0.858862 -0.000000
vn -0.512207 0.858862 -0.000000
vn -0.512207 0.858862 -0.000000
vn -0.512207 0.858862 -0.000000
vn -0.914020 -0.405668 0.000000
vn -0.914020 -0.405668 0.000000
vn -0.914020 -0.405668 0.000000
vn -0.914020 -0.405668 0.000000
vn -0.914020 -0.405668 0.000000
vn -0.914020 -0.405668 0.000000
vn -0.914020 -0.405668 0.000000
vn -0.914020 -0.405668 0.000000
vn -0.914020 -0.405668 0.000000
vn -0.914020 -0.405668 0.000000
vn -0.914020 -0.405668 0.000000
vn -0.914020 -0.405668 0.000000
vn -0.914020 -0.405668 0.000000
vn -0.914020 -0.405668 0.000000
vn -0.914021 -0.405668 0.000000
vn -0.914021 -0.405668 0.000000
vn -0.914020 -0.405668 0.000000
vn -0.914020 -0.405668 0.000000
vn -0.914020 -0.405668 0.000000
vn -0.914020 -0.405668 0.000000
vn -0.512207 0.858862 -0.000000
vn -0.512207 0.858862 -0.000000
vn -0.512207 0.858862 -0.000000
vn -0.512207 0.858862 -0.000000
vn 0.000000 0.000000 1.000000
vn 0.000000 0.000000 1.000000
vn 0.000000 0.000000 1.000000
vn 0.000000 0.000000 1.000000
vn 0.000000 -0.000000 -1.000000
vn 0.000000 -0.000000 -1.000000
vn 0.000000 -0.000000 -1.000000
vn 0.000000 -0.000000 -1.000000
s off
g lightTower lightTowerGrp light3 lightGrp2 polySurface146
usemtl SM_Light_Tower_1_JFGSG
f 1030//3225 1032//3226 1044//3227 1043//3228
f 1037//3229 1040//3230 1036//3231 1035//3232
f 1035//3233 1036//3234 1034//3235 1033//3236
f 1033//3237 1034//3238 1039//3239 1038//3240
f 1037//3241 1035//3242 1033//3243 1038//3244
f 1036//3245 1040//3246 1039//3247 1034//3248
f 1029//3249 1031//3250 1037//3251 1038//3252
f 1030//3253 1029//3254 1038//3255 1039//3256
f 1032//3257 1030//3258 1039//3259 1040//3260
f 1031//3261 1032//3262 1040//3263 1037//3264
f 1042//3265 1043//3266 1044//3267 1041//3268
f 1031//3269 1029//3270 1042//3271 1041//3272
f 1032//3273 1031//3274 1041//3275 1044//3276
f 1029//3277 1030//3278 1043//3279 1042//3280
g default
v 10.964042 6.342157 0.096801
v 10.985057 6.358586 0.096801
v 10.966547 6.336511 0.087254
v 10.988287 6.351308 0.084494
v 10.971559 6.325219 0.087254
v 10.994747 6.336752 0.084494
v 10.974065 6.319573 0.096801
v 10.997978 6.329474 0.096801
v 10.971559 6.325219 0.106347
v 10.994747 6.336752 0.109107
v 10.966547 6.336511 0.106347
v 10.988287 6.351308 0.109107
v 10.663175 6.890326 0.096800
v 10.730120 6.930421 0.096800
v 10.665356 6.885411 0.088490
v 10.732331 6.925439 0.088377
v 10.669719 6.875582 0.088490
v 10.736754 6.915475 0.088377
v 10.671900 6.870667 0.096800
v 10.738965 6.910493 0.096800
v 10.669719 6.875582 0.105111
v 10.736754 6.915475 0.105224
v 10.665356 6.885411 0.105111
v 10.732331 6.925439 0.105224
v 10.982268 6.366560 0.096801
v 10.742564 6.906644 0.096800
v 10.987968 6.369959 0.085629
v 10.748264 6.910043 0.085629
v 10.999368 6.376758 0.085629
v 10.759663 6.916842 0.085629
v 11.005068 6.380157 0.096801
v 10.765363 6.920241 0.096800
v 10.999368 6.376758 0.107973
v 10.759663 6.916842 0.107972
v 10.987968 6.369959 0.107973
v 10.748264 6.910043 0.107972
v 10.987842 6.357995 0.096801
v 10.994492 6.356756 0.108540
v 11.013079 6.352118 0.108540
v 11.019729 6.350879 0.096801
v 11.013079 6.352118 0.085062
v 10.994492 6.356756 0.085062
v 10.753804 6.938104 0.087003
v 10.743626 6.916581 0.087003
v 10.741881 6.912390 0.096800
v 10.743626 6.916581 0.106598
v 10.753804 6.938104 0.106598
v 10.755549 6.942294 0.096800
vn -0.521665 0.667301 -0.531578
vn -0.521665 0.667301 -0.531578
vn -0.521665 0.667301 -0.531578
vn -0.521666 0.667301 -0.531578
vn -0.096942 -0.043025 -0.994360
vn -0.096942 -0.043025 -0.994360
vn -0.096942 -0.043025 -0.994360
vn -0.096942 -0.043025 -0.994360
vn 0.321190 -0.775793 -0.543123
vn 0.321190 -0.775793 -0.543123
vn 0.321190 -0.775793 -0.543123
vn 0.321190 -0.775793 -0.543123
vn 0.321191 -0.775794 0.543121
vn 0.321191 -0.775794 0.543121
vn 0.321191 -0.775794 0.543121
vn 0.321191 -0.775794 0.543121
vn -0.096943 -0.043023 0.994360
vn -0.096943 -0.043023 0.994360
vn -0.096943 -0.043023 0.994360
vn -0.096943 -0.043023 0.994360
vn -0.521663 0.667304 0.531576
vn -0.521663 0.667304 0.531576
vn -0.521663 0.667304 0.531576
vn -0.521663 0.667304 0.531576
vn -0.432328 0.721847 -0.540398
vn -0.432328 0.721847 -0.540398
vn -0.432328 0.721847 -0.540398
vn -0.432328 0.721847 -0.540398
vn -0.001339 -0.000595 -0.999999
vn -0.001339 -0.000595 -0.999999
vn -0.001339 -0.000595 -0.999999
vn -0.001339 -0.000595 -0.999999
vn 0.429578 -0.723372 -0.540552
vn 0.429578 -0.723372 -0.540552
vn 0.429578 -0.723372 -0.540552
vn 0.429578 -0.723372 -0.540552
vn 0.429578 -0.723372 0.540552
vn 0.429578 -0.723372 0.540552
vn 0.429578 -0.723372 0.540552
vn 0.429578 -0.723372 0.540552
vn -0.001339 -0.000594 0.999999
vn -0.001339 -0.000594 0.999999
vn -0.001339 -0.000594 0.999999
vn -0.001339 -0.000594 0.999999
vn -0.432326 0.721848 0.540398
vn -0.432326 0.721848 0.540398
vn -0.432326 0.721848 0.540398
vn -0.432326 0.721848 0.540398
vn -0.787302 -0.349427 -0.507993
vn -0.787302 -0.349427 -0.507993
vn -0.787302 -0.349427 -0.507993
vn -0.787302 -0.349427 -0.507993
vn 0.000000 -0.000000 -1.000000
vn 0.000000 -0.000000 -1.000000
vn 0.000000 -0.000000 -1.000000
vn 0.000000 -0.000000 -1.000000
vn 0.787302 0.349427 -0.507993
vn 0.787302 0.349427 -0.507993
vn 0.787302 0.349427 -0.507993
vn 0.787302 0.349427 -0.507993
vn 0.787302 0.349427 0.507992
vn 0.787302 0.349427 0.507992
vn 0.787302 0.349427 0.507992
vn 0.787302 0.349427 0.507992
vn 0.000000 0.000000 1.000000
vn 0.000000 0.000000 1.000000
vn 0.000000 0.000000 1.000000
vn 0.000000 0.000000 1.000000
vn -0.787302 -0.349427 0.507992
vn -0.787302 -0.349427 0.507992
vn -0.787302 -0.349427 0.507992
vn -0.787302 -0.349427 0.507992
vn -0.105785 0.019339 -0.994201
vn -0.105785 0.019339 -0.994201
vn -0.105785 0.019339 -0.994201
vn -0.105785 0.019339 -0.994201
vn 0.205180 -0.872094 -0.444244
vn 0.205180 -0.872094 -0.444244
vn 0.205180 -0.872094 -0.444244
vn 0.205180 -0.872094 -0.444244
vn 0.205170 -0.872096 0.444245
vn 0.205170 -0.872096 0.444245
vn 0.205170 -0.872096 0.444244
vn 0.205170 -0.872096 0.444245
vn -0.105785 0.019340 0.994201
vn -0.105785 0.019340 0.994201
vn -0.105785 0.019340 0.994201
vn -0.105785 0.019340 0.994201
vn -0.431387 0.801345 0.414430
vn -0.431387 0.801345 0.414430
vn -0.431387 0.801345 0.414430
vn -0.431387 0.801345 0.414430
vn -0.431385 0.801345 -0.414431
vn -0.431385 0.801345 -0.414431
vn -0.431385 0.801345 -0.414431
vn -0.431385 0.801345 -0.414431
vn -0.002078 0.028845 -0.999582
vn -0.002078 0.028845 -0.999582
vn -0.002078 0.028845 -0.999582
vn -0.002078 0.028845 -0.999582
vn 0.783105 0.416929 -0.461430
vn 0.783105 0.416929 -0.461430
vn 0.783105 0.416929 -0.461430
vn 0.783105 0.416929 -0.461430
vn 0.783104 0.416929 0.461430
vn 0.783104 0.416929 0.461430
vn 0.783104 0.416929 0.461430
vn 0.783104 0.416930 0.461431
vn -0.002077 0.028846 0.999582
vn -0.002077 0.028846 0.999582
vn -0.002077 0.028846 0.999582
vn -0.002077 0.028846 0.999582
vn -0.780856 -0.421936 0.460688
vn -0.780856 -0.421936 0.460688
vn -0.780856 -0.421936 0.460688
vn -0.780856 -0.421936 0.460688
vn -0.780855 -0.421937 -0.460689
vn -0.780855 -0.421937 -0.460689
vn -0.780855 -0.421937 -0.460689
vn -0.780855 -0.421937 -0.460689
vn -0.402964 0.797948 0.448217
vn -0.402964 0.797948 0.448217
vn -0.402964 0.797948 0.448217
vn -0.402964 0.797948 0.448217
vn 0.021923 0.028612 0.999350
vn 0.021923 0.028612 0.999350
vn 0.021923 0.028612 0.999350
vn 0.021923 0.028612 0.999350
vn 0.598688 -0.645267 0.474556
vn 0.598688 -0.645267 0.474556
vn 0.598688 -0.645267 0.474556
vn 0.598688 -0.645266 0.474556
vn 0.598686 -0.645268 -0.474556
vn 0.598686 -0.645268 -0.474556
vn 0.598686 -0.645268 -0.474556
vn 0.598686 -0.645268 -0.474556
vn 0.021924 0.028609 -0.999350
vn 0.021924 0.028609 -0.999350
vn 0.021924 0.028609 -0.999350
vn 0.021924 0.028609 -0.999350
vn -0.402955 0.797952 -0.448219
vn -0.402955 0.797952 -0.448219
vn -0.402955 0.797952 -0.448219
vn -0.402955 0.797952 -0.448219
vn 0.849982 0.320819 -0.417859
vn 0.849982 0.320819 -0.417859
vn 0.849982 0.320819 -0.417859
vn 0.849982 0.320819 -0.417859
vn 0.849982 0.320817 0.417860
vn 0.849982 0.320817 0.417860
vn 0.849982 0.320817 0.417860
vn 0.849982 0.320817 0.417860
vn -0.086238 0.065707 0.994105
vn -0.086238 0.065707 0.994105
vn -0.086238 0.065707 0.994105
vn -0.086238 0.065707 0.994106
vn -0.849740 -0.321325 0.417961
vn -0.849740 -0.321325 0.417961
vn -0.849740 -0.321325 0.417961
vn -0.849740 -0.321325 0.417961
vn -0.849742 -0.321323 -0.417959
vn -0.849742 -0.321323 -0.417959
vn -0.849742 -0.321323 -0.417959
vn -0.849742 -0.321323 -0.417959
vn -0.086238 0.065707 -0.994105
vn -0.086238 0.065707 -0.994105
vn -0.086238 0.065707 -0.994105
vn -0.086238 0.065707 -0.994105
s off
g lightTower lightTowerGrp light3 lightGrp2 polySurface130
usemtl SM_Light_Tower_1_JFGSG
f 1045//3281 1046//3282 1048//3283 1047//3284
f 1047//3285 1048//3286 1050//3287 1049//3288
f 1049//3289 1050//3290 1052//3291 1051//3292
f 1051//3293 1052//3294 1054//3295 1053//3296
f 1053//3297 1054//3298 1056//3299 1055//3300
f 1055//3301 1056//3302 1046//3303 1045//3304
f 1057//3305 1058//3306 1060//3307 1059//3308
f 1059//3309 1060//3310 1062//3311 1061//3312
f 1061//3313 1062//3314 1064//3315 1063//3316
f 1063//3317 1064//3318 1066//3319 1065//3320
f 1065//3321 1066//3322 1068//3323 1067//3324
f 1067//3325 1068//3326 1058//3327 1057//3328
f 1069//3329 1070//3330 1072//3331 1071//3332
f 1071//3333 1072//3334 1074//3335 1073//3336
f 1073//3337 1074//3338 1076//3339 1075//3340
f 1075//3341 1076//3342 1078//3343 1077//3344
f 1077//3345 1078//3346 1080//3347 1079//3348
f 1079//3349 1080//3350 1070//3351 1069//3352
f 1087//3353 1088//3354 1062//3355 1060//3356
f 1088//3357 1089//3358 1064//3359 1062//3360
f 1089//3361 1090//3362 1066//3363 1064//3364
f 1090//3365 1091//3366 1068//3367 1066//3368
f 1091//3369 1092//3370 1058//3371 1068//3372
f 1092//3373 1087//3374 1060//3375 1058//3376
f 1071//3377 1073//3378 1085//3379 1086//3380
f 1073//3381 1075//3382 1084//3383 1085//3384
f 1075//3385 1077//3386 1083//3387 1084//3388
f 1077//3389 1079//3390 1082//3391 1083//3392
f 1079//3393 1069//3394 1081//3395 1082//3396
f 1069//3397 1071//3398 1086//3399 1081//3400
f 1082//3401 1081//3402 1046//3403 1056//3404
f 1083//3405 1082//3406 1056//3407 1054//3408
f 1084//3409 1083//3410 1054//3411 1052//3412
f 1085//3413 1084//3414 1052//3415 1050//3416
f 1086//3417 1085//3418 1050//3419 1048//3420
f 1081//3421 1086//3422 1048//3423 1046//3424
f 1076//3425 1074//3426 1087//3427 1092//3428
f 1078//3429 1076//3430 1092//3431 1091//3432
f 1080//3433 1078//3434 1091//3435 1090//3436
f 1070//3437 1080//3438 1090//3439 1089//3440
f 1072//3441 1070//3442 1089//3443 1088//3444
f 1074//3445 1072//3446 1088//3447 1087//3448
g default
v 10.828105 6.710081 0.357852
v 10.827933 6.710469 0.346951
v 10.869207 6.622907 0.359441
v 10.869235 6.622845 0.347699
v 10.869306 6.736565 0.352055
v 10.868902 6.736244 0.344430
v 10.910967 6.650656 0.354004
v 10.910563 6.650335 0.345158
vn -0.904525 -0.426420 -0.000359
vn -0.904525 -0.426420 -0.000359
vn -0.904525 -0.426420 -0.000359
vn -0.904525 -0.426420 -0.000359
vn 0.553982 -0.832511 0.005367
vn 0.553982 -0.832511 0.005367
vn 0.553982 -0.832511 0.005367
vn 0.553982 -0.832511 0.005367
vn 0.898478 0.434763 -0.060975
vn 0.898478 0.434763 -0.060975
vn 0.898478 0.434763 -0.060975
vn 0.898478 0.434763 -0.060975
vn -0.535115 0.844548 0.019740
vn -0.535115 0.844548 0.019740
vn -0.535116 0.844548 0.019740
vn -0.535115 0.844548 0.019740
vn 0.092403 0.064490 0.993631
vn 0.092403 0.064490 0.993631
vn 0.092403 0.064490 0.993631
vn 0.092403 0.064490 0.993631
s off
g lightTower lightTowerGrp light3 lightGrp2 polySurface112
usemtl SM_Light_Tower_1_JFGSG
f 1093//3449 1094//3450 1096//3451 1095//3452
f 1095//3453 1096//3454 1100//3455 1099//3456
f 1099//3457 1100//3458 1098//3459 1097//3460
f 1097//3461 1098//3462 1094//3463 1093//3464
f 1095//3465 1099//3466 1097//3467 1093//3468
g default
v 10.877654 6.541843 0.339520
v 10.781659 6.758131 0.339520
v 10.877654 6.541843 0.144780
v 10.781659 6.758131 0.144780
v 10.859950 6.531285 0.339520
v 10.763955 6.747573 0.339520
v 10.859950 6.531285 0.144780
v 10.763955 6.747573 0.144780
v 10.747889 6.725151 0.152380
v 10.834871 6.529169 0.152380
v 10.834871 6.529169 0.334476
v 10.747889 6.725151 0.334476
v 10.736111 6.683421 0.163887
v 10.798734 6.542323 0.163887
v 10.798734 6.542323 0.322762
v 10.736111 6.683421 0.322762
v 10.735516 6.643947 0.181551
v 10.770682 6.564714 0.181551
v 10.770682 6.564714 0.304581
v 10.735516 6.643947 0.304581
vn 0.000000 -0.000000 -1.000000
vn 0.000000 -0.000000 -1.000000
vn 0.000000 -0.000000 -1.000000
vn 0.000000 -0.000000 -1.000000
vn -0.278229 -0.123486 -0.952544
vn -0.278229 -0.123486 -0.952544
vn -0.278229 -0.123486 -0.952544
vn -0.278229 -0.123486 -0.952544
vn 0.000000 0.000000 1.000000
vn 0.000000 0.000000 1.000000
vn 0.000000 0.000000 1.000000
vn 0.000000 0.000000 1.000000
vn 0.512207 -0.858862 0.000000
vn 0.512207 -0.858862 0.000000
vn 0.512207 -0.858862 0.000000
vn 0.512207 -0.858862 0.000000
vn -0.512207 0.858862 -0.000000
vn -0.512207 0.858862 -0.000000
vn -0.512207 0.858862 -0.000000
vn -0.512207 0.858862 -0.000000
vn -0.356064 -0.158031 0.921002
vn -0.356064 -0.158031 0.921002
vn -0.356064 -0.158031 0.921002
vn -0.356064 -0.158031 0.921002
vn -0.189648 -0.084171 0.978238
vn -0.189648 -0.084171 0.978238
vn -0.189648 -0.084171 0.978238
vn -0.189648 -0.084171 0.978238
vn 0.084075 -0.996459 0.000000
vn 0.084075 -0.996459 0.000000
vn 0.084075 -0.996459 0.000000
vn 0.084075 -0.996459 0.000000
vn -0.812868 0.582447 -0.000000
vn -0.812868 0.582447 -0.000000
vn -0.812868 0.582447 -0.000000
vn -0.812868 0.582447 -0.000000
vn -0.999887 0.015049 -0.000000
vn -0.999887 0.015049 -0.000000
vn -0.999887 0.015049 -0.000000
vn -0.999887 0.015049 -0.000000
vn -0.342047 -0.939683 0.000000
vn -0.342047 -0.939683 0.000000
vn -0.342047 -0.939683 0.000000
vn -0.342047 -0.939683 0.000000
vn -0.962398 0.271643 -0.000000
vn -0.962398 0.271642 -0.000000
vn -0.962398 0.271642 -0.000000
vn -0.962398 0.271643 -0.000000
vn -0.350707 -0.155654 -0.923459
vn -0.350707 -0.155654 -0.923459
vn -0.350707 -0.155654 -0.923459
vn -0.350707 -0.155654 -0.923459
vn -0.914020 -0.405668 0.000000
vn -0.914020 -0.405668 0.000000
vn -0.914020 -0.405668 0.000000
vn -0.914020 -0.405668 0.000000
vn -0.666882 -0.295981 -0.683860
vn -0.666882 -0.295981 -0.683860
vn -0.666882 -0.295981 -0.683860
vn -0.666882 -0.295981 -0.683860
vn -0.675795 -0.299937 0.673305
vn -0.675795 -0.299937 0.673305
vn -0.675795 -0.299937 0.673305
vn -0.675795 -0.299937 0.673305
vn -0.623833 -0.781558 0.000000
vn -0.623833 -0.781558 0.000000
vn -0.623833 -0.781558 0.000000
vn -0.623833 -0.781558 0.000000
s off
g lightTower lightTowerGrp light3 lightGrp2 polySurface126
usemtl SM_Light_Tower_1_JFGSG
f 1103//3469 1107//3470 1108//3471 1104//3472
f 1107//3473 1110//3474 1109//3475 1108//3476
f 1105//3477 1101//3478 1102//3479 1106//3480
f 1103//3481 1101//3482 1105//3483 1107//3484
f 1108//3485 1106//3486 1102//3487 1104//3488
f 1112//3489 1116//3490 1115//3491 1111//3492
f 1106//3493 1112//3494 1111//3495 1105//3496
f 1105//3497 1111//3498 1110//3499 1107//3500
f 1108//3501 1109//3502 1112//3503 1106//3504
f 1113//3505 1117//3506 1120//3507 1116//3508
f 1111//3509 1115//3510 1114//3511 1110//3512
f 1109//3513 1113//3514 1116//3515 1112//3516
f 1110//3517 1114//3518 1113//3519 1109//3520
f 1118//3521 1119//3522 1120//3523 1117//3524
f 1114//3525 1118//3526 1117//3527 1113//3528
f 1116//3529 1120//3530 1119//3531 1115//3532
f 1115//3533 1119//3534 1118//3535 1114//3536
g default
v 10.668761 6.881411 0.112134
v 10.668761 6.881411 0.359635
v 10.668075 6.865012 0.112134
v 10.668075 6.865012 0.359636
v 10.655480 6.857500 0.112134
v 10.655480 6.857500 0.359636
v 10.643571 6.866389 0.112134
v 10.643571 6.866389 0.359636
v 10.644257 6.882788 0.112134
v 10.644257 6.882788 0.359635
v 10.656852 6.890299 0.112134
v 10.656852 6.890299 0.359635
vn 0.999127 -0.041778 0.000000
vn 0.999127 -0.041778 0.000000
vn 0.999127 -0.041778 0.000000
vn 0.999127 -0.041778 0.000000
vn 0.512207 -0.858862 0.000000
vn 0.512207 -0.858862 0.000000
vn 0.512207 -0.858862 0.000000
vn 0.512207 -0.858862 0.000000
vn -0.598118 -0.801408 0.000000
vn -0.598118 -0.801408 0.000000
vn -0.598118 -0.801408 0.000000
vn -0.598118 -0.801408 0.000000
vn -0.999127 0.041778 -0.000000
vn -0.999127 0.041778 -0.000000
vn -0.999127 0.041778 -0.000000
vn -0.999127 0.041778 -0.000000
vn 0.000000 -0.000000 1.000000
vn 0.000000 -0.000000 1.000000
vn 0.000000 -0.000000 1.000000
vn 0.000000 -0.000000 1.000000
vn 0.000000 -0.000000 1.000000
vn 0.000000 -0.000000 1.000000
vn -0.512207 0.858862 -0.000000
vn -0.512207 0.858862 -0.000000
vn -0.512207 0.858862 -0.000000
vn -0.512207 0.858862 -0.000000
vn 0.598118 0.801408 -0.000000
vn 0.598118 0.801408 -0.000000
vn 0.598118 0.801408 -0.000000
vn 0.598118 0.801408 -0.000000
vn -0.000000 0.000001 -1.000000
vn -0.000000 0.000001 -1.000000
vn -0.000000 0.000001 -1.000000
vn -0.000000 0.000001 -1.000000
vn -0.000000 0.000001 -1.000000
vn -0.000000 0.000001 -1.000000
s off
g lightTower lightTowerGrp light3 lightGrp2 polySurface133
usemtl SM_Light_Tower_1_JFGSG
f 1121//3537 1122//3538 1124//3539 1123//3540
f 1123//3541 1124//3542 1126//3543 1125//3544
f 1125//3545 1126//3546 1128//3547 1127//3548
f 1127//3549 1128//3550 1130//3551 1129//3552
f 1124//3553 1122//3554 1132//3555 1130//3556 1128//3557 1126//3558
f 1129//3559 1130//3560 1132//3561 1131//3562
f 1131//3563 1132//3564 1122//3565 1121//3566
f 1121//3567 1123//3568 1125//3569 1127//3570 1129//3571 1131//3572
g default
v 10.799199 6.817649 0.101234
v 10.799199 6.817649 0.370504
v 10.807728 6.817170 0.101234
v 10.807728 6.817170 0.370504
v 10.811634 6.808368 0.101234
v 10.811634 6.808368 0.370504
v 10.807012 6.800045 0.101234
v 10.807012 6.800045 0.370504
v 10.798483 6.800524 0.101234
v 10.798483 6.800525 0.370504
v 10.794576 6.809326 0.101234
v 10.794576 6.809326 0.370504
vn 0.056100 0.998425 -0.000000
vn 0.056100 0.998425 -0.000000
vn 0.056100 0.998425 -0.000000
vn 0.056100 0.998425 -0.000000
vn 0.914020 0.405668 -0.000000
vn 0.914020 0.405668 -0.000000
vn 0.914020 0.405668 -0.000000
vn 0.914020 0.405668 -0.000000
vn 0.874206 -0.485555 0.000000
vn 0.874206 -0.485555 0.000000
vn 0.874206 -0.485555 0.000000
vn 0.874206 -0.485555 0.000000
vn -0.056100 -0.998425 0.000000
vn -0.056100 -0.998425 0.000000
vn -0.056100 -0.998425 0.000000
vn -0.056100 -0.998425 0.000000
vn -0.914020 -0.405668 0.000000
vn -0.914020 -0.405668 0.000000
vn -0.914020 -0.405668 0.000000
vn -0.914020 -0.405668 0.000000
vn -0.874206 0.485555 -0.000000
vn -0.874206 0.485555 -0.000000
vn -0.874206 0.485555 -0.000000
vn -0.874206 0.485555 -0.000000
vn 0.000000 -0.000000 1.000000
vn 0.000000 -0.000000 1.000000
vn 0.000000 -0.000000 1.000000
vn 0.000000 -0.000000 1.000000
vn 0.000000 -0.000000 1.000000
vn 0.000000 -0.000000 1.000000
s off
g lightTower lightTowerGrp light3 lightGrp2 polySurface138
usemtl SM_Light_Tower_1_JFGSG
f 1133//3573 1134//3574 1136//3575 1135//3576
f 1135//3577 1136//3578 1138//3579 1137//3580
f 1137//3581 1138//3582 1140//3583 1139//3584
f 1139//3585 1140//3586 1142//3587 1141//3588
f 1141//3589 1142//3590 1144//3591 1143//3592
f 1143//3593 1144//3594 1134//3595 1133//3596
f 1136//3597 1134//3598 1144//3599 1142//3600 1140//3601 1138//3602
g default
v 10.691460 6.756688 0.374219
v 10.708738 6.766993 0.374219
v 10.694185 6.750549 0.363837
v 10.711463 6.760853 0.363837
v 10.699635 6.738269 0.363837
v 10.716913 6.748573 0.363837
v 10.702360 6.732129 0.374219
v 10.719638 6.742434 0.374219
v 10.699635 6.738269 0.384600
v 10.716913 6.748573 0.384600
v 10.694185 6.750549 0.384600
v 10.711463 6.760853 0.384600
vn -0.430950 0.722611 -0.540476
vn -0.430950 0.722611 -0.540476
vn -0.430950 0.722611 -0.540476
vn -0.430950 0.722611 -0.540476
vn -0.000000 0.000000 -1.000000
vn -0.000000 0.000000 -1.000000
vn -0.000000 0.000000 -1.000000
vn -0.000000 0.000000 -1.000000
vn 0.430950 -0.722612 -0.540476
vn 0.430950 -0.722612 -0.540476
vn 0.430950 -0.722612 -0.540476
vn 0.430950 -0.722612 -0.540476
vn 0.430950 -0.722611 0.540476
vn 0.430950 -0.722611 0.540476
vn 0.430950 -0.722611 0.540476
vn 0.430950 -0.722611 0.540476
vn 0.914021 0.405668 -0.000000
vn 0.914021 0.405668 -0.000000
vn 0.914021 0.405668 -0.000000
vn 0.914021 0.405668 -0.000000
vn 0.914021 0.405668 -0.000000
vn 0.914021 0.405668 -0.000000
vn 0.000000 0.000000 1.000000
vn 0.000000 0.000000 1.000000
vn 0.000000 0.000000 1.000000
vn 0.000000 0.000000 1.000000
vn -0.430950 0.722612 0.540476
vn -0.430950 0.722612 0.540476
vn -0.430950 0.722612 0.540476
vn -0.430950 0.722612 0.540476
vn -0.914021 -0.405668 0.000000
vn -0.914021 -0.405668 0.000000
vn -0.914021 -0.405668 0.000000
vn -0.914021 -0.405668 0.000000
vn -0.914021 -0.405668 0.000000
vn -0.914021 -0.405668 0.000000
s off
g lightTower lightTowerGrp light3 lightGrp2 polySurface136
usemtl SM_Light_Tower_1_JFGSG
f 1145//3603 1146//3604 1148//3605 1147//3606
f 1147//3607 1148//3608 1150//3609 1149//3610
f 1149//3611 1150//3612 1152//3613 1151//3614
f 1151//3615 1152//3616 1154//3617 1153//3618
f 1148//3619 1146//3620 1156//3621 1154//3622 1152//3623 1150//3624
f 1153//3625 1154//3626 1156//3627 1155//3628
f 1155//3629 1156//3630 1146//3631 1145//3632
f 1145//3633 1147//3634 1149//3635 1151//3636 1153//3637 1155//3638
g default
v 10.639532 6.863980 0.358264
v 10.669946 6.882118 0.358264
v 10.646684 6.847866 0.367347
v 10.677098 6.866004 0.367347
v 10.646684 6.847866 0.385512
v 10.677098 6.866004 0.385512
v 10.639532 6.863980 0.394594
v 10.669946 6.882118 0.394594
v 10.632380 6.880094 0.385512
v 10.662794 6.898233 0.385512
v 10.632380 6.880094 0.367347
v 10.662794 6.898233 0.367347
vn 0.235915 -0.395579 -0.887616
vn 0.235915 -0.395579 -0.887616
vn 0.235915 -0.395579 -0.887616
vn 0.235915 -0.395579 -0.887616
vn 0.512207 -0.858862 0.000000
vn 0.512207 -0.858862 0.000000
vn 0.512207 -0.858862 0.000000
vn 0.512207 -0.858862 0.000000
vn 0.235915 -0.395579 0.887616
vn 0.235915 -0.395579 0.887616
vn 0.235915 -0.395579 0.887616
vn 0.235915 -0.395579 0.887616
vn -0.235918 0.395578 0.887615
vn -0.235918 0.395578 0.887615
vn -0.235918 0.395578 0.887615
vn -0.235918 0.395578 0.887615
vn 0.914020 0.405668 -0.000000
vn 0.914021 0.405668 -0.000000
vn 0.914020 0.405668 -0.000000
vn 0.914020 0.405668 -0.000000
vn 0.914021 0.405668 -0.000000
vn 0.914020 0.405668 -0.000000
vn -0.512207 0.858862 -0.000000
vn -0.512207 0.858862 -0.000000
vn -0.512207 0.858862 -0.000000
vn -0.512207 0.858862 -0.000000
vn -0.235912 0.395580 -0.887616
vn -0.235912 0.395580 -0.887616
vn -0.235912 0.395580 -0.887616
vn -0.235912 0.395580 -0.887616
vn -0.914020 -0.405668 0.000000
vn -0.914020 -0.405668 0.000000
vn -0.914020 -0.405668 0.000000
vn -0.914020 -0.405668 0.000000
vn -0.914020 -0.405668 0.000000
vn -0.914020 -0.405668 0.000000
s off
g lightTower lightTowerGrp light3 lightGrp2 polySurface142
usemtl SM_Light_Tower_1_JFGSG
f 1157//3639 1158//3640 1160//3641 1159//3642
f 1159//3643 1160//3644 1162//3645 1161//3646
f 1161//3647 1162//3648 1164//3649 1163//3650
f 1163//3651 1164//3652 1166//3653 1165//3654
f 1160//3655 1158//3656 1168//3657 1166//3658 1164//3659 1162//3660
f 1165//3661 1166//3662 1168//3663 1167//3664
f 1167//3665 1168//3666 1158//3667 1157//3668
f 1157//3669 1159//3670 1161//3671 1163//3672 1165//3673 1167//3674
g default
v 10.925551 6.334368 0.375130
v 10.957792 6.353596 0.375130
v 10.929800 6.324794 0.358941
v 10.962041 6.344022 0.358941
v 10.938299 6.305646 0.358941
v 10.970539 6.324874 0.358941
v 10.942548 6.296073 0.375130
v 10.974788 6.315300 0.375130
v 10.938299 6.305646 0.391318
v 10.970539 6.324874 0.391318
v 10.929800 6.324794 0.391318
v 10.962041 6.344022 0.391318
vn -0.430950 0.722611 -0.540477
vn -0.430950 0.722611 -0.540477
vn -0.430950 0.722611 -0.540477
vn -0.430950 0.722611 -0.540477
vn -0.000000 0.000000 -1.000000
vn -0.000000 0.000000 -1.000000
vn -0.000000 0.000000 -1.000000
vn -0.000000 0.000000 -1.000000
vn 0.430952 -0.722614 -0.540472
vn 0.430952 -0.722614 -0.540472
vn 0.430952 -0.722614 -0.540472
vn 0.430952 -0.722614 -0.540472
vn 0.430951 -0.722614 0.540473
vn 0.430951 -0.722614 0.540473
vn 0.430951 -0.722614 0.540473
vn 0.430951 -0.722614 0.540473
vn 0.914021 0.405668 -0.000000
vn 0.914020 0.405668 -0.000000
vn 0.914021 0.405668 -0.000000
vn 0.914020 0.405668 -0.000000
vn 0.914020 0.405668 -0.000000
vn 0.914020 0.405668 -0.000000
vn -0.000000 0.000000 1.000000
vn -0.000000 0.000000 1.000000
vn -0.000000 0.000000 1.000000
vn -0.000000 0.000000 1.000000
vn -0.430950 0.722611 0.540477
vn -0.430950 0.722611 0.540477
vn -0.430950 0.722611 0.540477
vn -0.430950 0.722611 0.540477
vn -0.914020 -0.405668 0.000000
vn -0.914021 -0.405668 0.000000
vn -0.914020 -0.405668 0.000000
vn -0.914020 -0.405668 0.000000
vn -0.914020 -0.405668 0.000000
vn -0.914021 -0.405668 0.000000
s off
g lightTower lightTowerGrp light3 lightGrp2 polySurface115
usemtl SM_Light_Tower_1_JFGSG
f 1169//3675 1170//3676 1172//3677 1171//3678
f 1171//3679 1172//3680 1174//3681 1173//3682
f 1173//3683 1174//3684 1176//3685 1175//3686
f 1175//3687 1176//3688 1178//3689 1177//3690
f 1172//3691 1170//3692 1180//3693 1178//3694 1176//3695 1174//3696
f 1177//3697 1178//3698 1180//3699 1179//3700
f 1179//3701 1180//3702 1170//3703 1169//3704
f 1169//3705 1171//3706 1173//3707 1175//3708 1177//3709 1179//3710
g default
v 10.925551 6.334368 0.538862
v 10.958390 6.353953 0.538862
v 10.929800 6.324794 0.522674
v 10.962640 6.344379 0.522674
v 10.938299 6.305646 0.522674
v 10.971138 6.325231 0.522674
v 10.942548 6.296072 0.538862
v 10.975387 6.315657 0.538862
v 10.938299 6.305646 0.555051
v 10.971138 6.325231 0.555051
v 10.929800 6.324794 0.555051
v 10.962640 6.344379 0.555051
vn -0.926649 0.375929 -0.000001
vn 0.207391 0.978258 -0.000001
vn 0.382362 0.576642 -0.722000
vn -0.726303 0.063417 -0.684443
vn -0.726303 0.063417 -0.684443
vn 0.382362 0.576642 -0.722000
vn 0.726303 -0.063419 -0.684443
vn -0.382362 -0.576643 -0.721999
vn -0.382362 -0.576643 -0.721999
vn 0.726303 -0.063419 -0.684443
vn 0.926649 -0.375928 -0.000000
vn -0.207392 -0.978258 -0.000000
vn -0.207392 -0.978258 -0.000000
vn 0.926649 -0.375928 -0.000000
vn 0.726303 -0.063420 0.684443
vn -0.382361 -0.576644 0.721999
vn 0.382362 0.576642 -0.722000
vn 0.207391 0.978258 -0.000001
vn 0.382363 0.576642 0.721999
vn 0.726303 -0.063420 0.684443
vn 0.926649 -0.375928 -0.000000
vn 0.726303 -0.063419 -0.684443
vn -0.382361 -0.576644 0.721999
vn 0.726303 -0.063420 0.684443
vn 0.382363 0.576642 0.721999
vn -0.726303 0.063417 0.684443
vn -0.726303 0.063417 0.684443
vn 0.382363 0.576642 0.721999
vn 0.207391 0.978258 -0.000001
vn -0.926649 0.375929 -0.000001
vn -0.926649 0.375929 -0.000001
vn -0.726303 0.063417 -0.684443
vn -0.382362 -0.576643 -0.721999
vn -0.207392 -0.978258 -0.000000
vn -0.382361 -0.576644 0.721999
vn -0.726303 0.063417 0.684443
s off
g lightTower lightTowerGrp lightGrp2 polySurface35 light2
usemtl SM_Light_Tower_1_JFGSG
f 1181//3711 1182//3712 1184//3713 1183//3714
f 1183//3715 1184//3716 1186//3717 1185//3718
f 1185//3719 1186//3720 1188//3721 1187//3722
f 1187//3723 1188//3724 1190//3725 1189//3726
f 1184//3727 1182//3728 1192//3729 1190//3730 1188//3731 1186//3732
f 1189//3733 1190//3734 1192//3735 1191//3736
f 1191//3737 1192//3738 1182//3739 1181//3740
f 1181//3741 1183//3742 1185//3743 1187//3744 1189//3745 1191//3746
g default
v 10.925551 6.334368 0.815328
v 10.957792 6.353596 0.815328
v 10.929800 6.324794 0.799140
v 10.962041 6.344022 0.799140
v 10.938299 6.305646 0.799140
v 10.970539 6.324874 0.799140
v 10.942548 6.296073 0.815328
v 10.974788 6.315300 0.815328
v 10.938299 6.305646 0.831517
v 10.970539 6.324874 0.831517
v 10.929800 6.324794 0.831517
v 10.962041 6.344022 0.831517
vn -0.926649 0.375929 -0.000000
vn 0.207391 0.978258 -0.000000
vn 0.382362 0.576641 -0.722000
vn -0.726302 0.063417 -0.684444
vn -0.726302 0.063417 -0.684444
vn 0.382362 0.576641 -0.722000
vn 0.726303 -0.063419 -0.684443
vn -0.382361 -0.576643 -0.721999
vn -0.382361 -0.576643 -0.721999
vn 0.726303 -0.063419 -0.684443
vn 0.926649 -0.375928 0.000000
vn -0.207393 -0.978258 0.000000
vn -0.207393 -0.978258 0.000000
vn 0.926649 -0.375928 0.000000
vn 0.726303 -0.063419 0.684443
vn -0.382361 -0.576643 0.721999
vn 0.382362 0.576641 -0.722000
vn 0.207391 0.978258 -0.000000
vn 0.382362 0.576642 0.721999
vn 0.726303 -0.063419 0.684443
vn 0.926649 -0.375928 0.000000
vn 0.726303 -0.063419 -0.684443
vn -0.382361 -0.576643 0.721999
vn 0.726303 -0.063419 0.684443
vn 0.382362 0.576642 0.721999
vn -0.726302 0.063417 0.684444
vn -0.726302 0.063417 0.684444
vn 0.382362 0.576642 0.721999
vn 0.207391 0.978258 -0.000000
vn -0.926649 0.375929 -0.000000
vn -0.926649 0.375929 -0.000000
vn -0.726302 0.063417 -0.684444
vn -0.382361 -0.576643 -0.721999
vn -0.207393 -0.978258 0.000000
vn -0.382361 -0.576643 0.721999
vn -0.726302 0.063417 0.684444
s off
g lightTower lightTowerGrp lightGrp2 light2 polySurface37
usemtl SM_Light_Tower_1_JFGSG
f 1193//3747 1194//3748 1196//3749 1195//3750
f 1195//3751 1196//3752 1198//3753 1197//3754
f 1197//3755 1198//3756 1200//3757 1199//3758
f 1199//3759 1200//3760 1202//3761 1201//3762
f 1196//3763 1194//3764 1204//3765 1202//3766 1200//3767 1198//3768
f 1201//3769 1202//3770 1204//3771 1203//3772
f 1203//3773 1204//3774 1194//3775 1193//3776
f 1193//3777 1195//3778 1197//3779 1199//3780 1201//3781 1203//3782
g default
v 10.962341 6.341759 0.816879
v 10.985057 6.358586 0.816879
v 10.964996 6.335778 0.806765
v 10.988287 6.351308 0.804573
v 10.970306 6.323815 0.806765
v 10.994747 6.336752 0.804573
v 10.972960 6.317833 0.816879
v 10.997978 6.329474 0.816879
v 10.970306 6.323815 0.826993
v 10.994747 6.336752 0.829185
v 10.964996 6.335778 0.826993
v 10.988287 6.351308 0.829185
v 10.663175 6.890326 0.816879
v 10.730120 6.930421 0.816879
v 10.665356 6.885411 0.808569
v 10.732331 6.925439 0.808455
v 10.669719 6.875582 0.808569
v 10.736754 6.915475 0.808455
v 10.671900 6.870667 0.816879
v 10.738965 6.910493 0.816879
v 10.669719 6.875582 0.825189
v 10.736754 6.915475 0.825303
v 10.665356 6.885411 0.825189
v 10.732331 6.925439 0.825303
v 10.982268 6.366560 0.816879
v 10.742564 6.906644 0.816879
v 10.987968 6.369959 0.805707
v 10.748264 6.910043 0.805707
v 10.999368 6.376758 0.805707
v 10.759663 6.916842 0.805707
v 11.005068 6.380157 0.816879
v 10.765363 6.920241 0.816879
v 10.999368 6.376758 0.828051
v 10.759663 6.916842 0.828051
v 10.987968 6.369959 0.828051
v 10.748264 6.910043 0.828051
v 10.987842 6.357995 0.816879
v 10.994492 6.356756 0.828618
v 11.013079 6.352118 0.828618
v 11.019729 6.350879 0.816879
v 11.013079 6.352118 0.805140
v 10.994492 6.356756 0.805140
v 10.753804 6.938104 0.807081
v 10.743626 6.916581 0.807081
v 10.741881 6.912390 0.816879
v 10.743626 6.916581 0.826677
v 10.753804 6.938104 0.826677
v 10.755549 6.942294 0.816879
vn -0.595218 0.803564 -0.000001
vn -0.530631 0.847603 0.000000
vn -0.252589 0.385796 -0.887333
vn -0.318812 0.354050 -0.879208
vn -0.318812 0.354050 -0.879208
vn -0.252589 0.385796 -0.887333
vn 0.263121 -0.407089 -0.874669
vn 0.150082 -0.434058 -0.888296
vn 0.150082 -0.434058 -0.888296
vn 0.263121 -0.407089 -0.874669
vn 0.559537 -0.828805 0.000001
vn 0.421871 -0.906656 -0.000001
vn 0.421871 -0.906656 -0.000001
vn 0.559537 -0.828805 0.000001
vn 0.263121 -0.407088 0.874669
vn 0.150079 -0.434060 0.888295
vn 0.150079 -0.434060 0.888295
vn 0.263121 -0.407088 0.874669
vn -0.252591 0.385795 0.887333
vn -0.318816 0.354049 0.879207
vn -0.318816 0.354049 0.879207
vn -0.252591 0.385795 0.887333
vn -0.530631 0.847603 0.000000
vn -0.595218 0.803564 -0.000001
vn -0.513812 0.857903 -0.000001
vn -0.493715 0.869624 -0.000000
vn -0.272537 0.430099 -0.860662
vn -0.237475 0.394833 -0.887532
vn -0.237475 0.394833 -0.887532
vn -0.272537 0.430099 -0.860662
vn 0.131205 -0.414835 -0.900387
vn 0.234355 -0.396323 -0.887697
vn 0.234355 -0.396323 -0.887697
vn 0.131205 -0.414835 -0.900387
vn 0.372792 -0.927915 -0.000000
vn 0.510604 -0.859816 -0.000000
vn 0.510604 -0.859816 -0.000000
vn 0.372792 -0.927915 -0.000000
vn 0.131206 -0.414835 0.900387
vn 0.234356 -0.396323 0.887697
vn 0.234356 -0.396323 0.887697
vn 0.131206 -0.414835 0.900387
vn -0.272537 0.430100 0.860661
vn -0.237475 0.394834 0.887532
vn -0.237475 0.394834 0.887532
vn -0.272537 0.430100 0.860661
vn -0.493715 0.869624 -0.000000
vn -0.513812 0.857903 -0.000001
vn -0.897872 -0.440256 0.000000
vn -0.924759 -0.380553 0.000000
vn -0.461640 -0.156788 -0.873101
vn -0.459527 -0.217848 -0.861032
vn -0.459527 -0.217848 -0.861032
vn -0.461640 -0.156788 -0.873101
vn 0.426875 0.208472 -0.879953
vn 0.440720 0.223984 -0.869251
vn 0.440720 0.223984 -0.869251
vn 0.426875 0.208472 -0.879953
vn 0.925476 0.378806 -0.000000
vn 0.898638 0.438691 0.000001
vn 0.898638 0.438691 0.000001
vn 0.925476 0.378806 -0.000000
vn 0.426875 0.208472 0.879953
vn 0.440720 0.223984 0.869251
vn 0.440720 0.223984 0.869251
vn 0.426875 0.208472 0.879953
vn -0.461640 -0.156788 0.873101
vn -0.459527 -0.217848 0.861032
vn -0.459527 -0.217848 0.861032
vn -0.461640 -0.156788 0.873101
vn -0.924759 -0.380553 0.000000
vn -0.897872 -0.440256 0.000000
vn 0.211948 0.557362 -0.802761
vn -0.270626 -0.223408 -0.936403
vn 0.131205 -0.414835 -0.900387
vn -0.272537 0.430099 -0.860662
vn -0.270626 -0.223408 -0.936403
vn -0.513792 -0.857915 0.000000
vn 0.372792 -0.927915 -0.000000
vn 0.131205 -0.414835 -0.900387
vn -0.513792 -0.857915 0.000000
vn -0.270626 -0.223408 0.936403
vn 0.131206 -0.414835 0.900387
vn 0.372792 -0.927915 -0.000000
vn -0.270626 -0.223408 0.936403
vn 0.211947 0.557362 0.802761
vn -0.272537 0.430100 0.860661
vn 0.131206 -0.414835 0.900387
vn 0.211947 0.557362 0.802761
vn 0.414646 0.909983 -0.000000
vn -0.493715 0.869624 -0.000000
vn -0.272537 0.430100 0.860661
vn 0.414646 0.909983 -0.000000
vn 0.211948 0.557362 -0.802761
vn -0.272537 0.430099 -0.860662
vn -0.493715 0.869624 -0.000000
vn -0.459527 -0.217848 -0.861032
vn 0.440720 0.223984 -0.869251
vn 0.605574 -0.087316 -0.790985
vn -0.231347 0.097036 -0.968020
vn 0.440720 0.223984 -0.869251
vn 0.898638 0.438691 0.000001
vn 0.989298 -0.145907 0.000001
vn 0.605574 -0.087316 -0.790985
vn 0.898638 0.438691 0.000001
vn 0.440720 0.223984 0.869251
vn 0.605574 -0.087314 0.790984
vn 0.989298 -0.145907 0.000001
vn 0.440720 0.223984 0.869251
vn -0.459527 -0.217848 0.861032
vn -0.231346 0.097036 0.968020
vn 0.605574 -0.087314 0.790984
vn -0.459527 -0.217848 0.861032
vn -0.897872 -0.440256 0.000000
vn -0.951890 0.306440 -0.000000
vn -0.231346 0.097036 0.968020
vn -0.897872 -0.440256 0.000000
vn -0.459527 -0.217848 -0.861032
vn -0.231347 0.097036 -0.968020
vn -0.951890 0.306440 -0.000000
vn -0.231346 0.097036 0.968020
vn -0.951890 0.306440 -0.000000
vn -0.530631 0.847603 0.000000
vn -0.252591 0.385795 0.887333
vn 0.605574 -0.087314 0.790984
vn -0.231346 0.097036 0.968020
vn -0.252591 0.385795 0.887333
vn 0.263121 -0.407088 0.874669
vn 0.989298 -0.145907 0.000001
vn 0.605574 -0.087314 0.790984
vn 0.263121 -0.407088 0.874669
vn 0.559537 -0.828805 0.000001
vn 0.605574 -0.087316 -0.790985
vn 0.989298 -0.145907 0.000001
vn 0.559537 -0.828805 0.000001
vn 0.263121 -0.407089 -0.874669
vn -0.231347 0.097036 -0.968020
vn 0.605574 -0.087316 -0.790985
vn 0.263121 -0.407089 -0.874669
vn -0.252589 0.385796 -0.887333
vn -0.951890 0.306440 -0.000000
vn -0.231347 0.097036 -0.968020
vn -0.252589 0.385796 -0.887333
vn -0.530631 0.847603 0.000000
vn 0.925476 0.378806 -0.000000
vn 0.426875 0.208472 -0.879953
vn 0.211948 0.557362 -0.802761
vn 0.414646 0.909983 -0.000000
vn 0.426875 0.208472 0.879953
vn 0.925476 0.378806 -0.000000
vn 0.414646 0.909983 -0.000000
vn 0.211947 0.557362 0.802761
vn -0.461640 -0.156788 0.873101
vn 0.426875 0.208472 0.879953
vn 0.211947 0.557362 0.802761
vn -0.270626 -0.223408 0.936403
vn -0.924759 -0.380553 0.000000
vn -0.461640 -0.156788 0.873101
vn -0.270626 -0.223408 0.936403
vn -0.513792 -0.857915 0.000000
vn -0.461640 -0.156788 -0.873101
vn -0.924759 -0.380553 0.000000
vn -0.513792 -0.857915 0.000000
vn -0.270626 -0.223408 -0.936403
vn 0.426875 0.208472 -0.879953
vn -0.461640 -0.156788 -0.873101
vn -0.270626 -0.223408 -0.936403
vn 0.211948 0.557362 -0.802761
s off
g lightTower lightTowerGrp lightGrp2 light2 polySurface93
usemtl SM_Light_Tower_1_JFGSG
f 1205//3783 1206//3784 1208//3785 1207//3786
f 1207//3787 1208//3788 1210//3789 1209//3790
f 1209//3791 1210//3792 1212//3793 1211//3794
f 1211//3795 1212//3796 1214//3797 1213//3798
f 1213//3799 1214//3800 1216//3801 1215//3802
f 1215//3803 1216//3804 1206//3805 1205//3806
f 1217//3807 1218//3808 1220//3809 1219//3810
f 1219//3811 1220//3812 1222//3813 1221//3814
f 1221//3815 1222//3816 1224//3817 1223//3818
f 1223//3819 1224//3820 1226//3821 1225//3822
f 1225//3823 1226//3824 1228//3825 1227//3826
f 1227//3827 1228//3828 1218//3829 1217//3830
f 1229//3831 1230//3832 1232//3833 1231//3834
f 1231//3835 1232//3836 1234//3837 1233//3838
f 1233//3839 1234//3840 1236//3841 1235//3842
f 1235//3843 1236//3844 1238//3845 1237//3846
f 1237//3847 1238//3848 1240//3849 1239//3850
f 1239//3851 1240//3852 1230//3853 1229//3854
f 1247//3855 1248//3856 1222//3857 1220//3858
f 1248//3859 1249//3860 1224//3861 1222//3862
f 1249//3863 1250//3864 1226//3865 1224//3866
f 1250//3867 1251//3868 1228//3869 1226//3870
f 1251//3871 1252//3872 1218//3873 1228//3874
f 1252//3875 1247//3876 1220//3877 1218//3878
f 1231//3879 1233//3880 1245//3881 1246//3882
f 1233//3883 1235//3884 1244//3885 1245//3886
f 1235//3887 1237//3888 1243//3889 1244//3890
f 1237//3891 1239//3892 1242//3893 1243//3894
f 1239//3895 1229//3896 1241//3897 1242//3898
f 1229//3899 1231//3900 1246//3901 1241//3902
f 1242//3903 1241//3904 1206//3905 1216//3906
f 1243//3907 1242//3908 1216//3909 1214//3910
f 1244//3911 1243//3912 1214//3913 1212//3914
f 1245//3915 1244//3916 1212//3917 1210//3918
f 1246//3919 1245//3920 1210//3921 1208//3922
f 1241//3923 1246//3924 1208//3925 1206//3926
f 1236//3927 1234//3928 1247//3929 1252//3930
f 1238//3931 1236//3932 1252//3933 1251//3934
f 1240//3935 1238//3936 1251//3937 1250//3938
f 1230//3939 1240//3940 1250//3941 1249//3942
f 1232//3943 1230//3944 1249//3945 1248//3946
f 1234//3947 1232//3948 1248//3949 1247//3950
g default
v 10.877654 6.541843 0.779719
v 10.781659 6.758131 0.779719
v 10.877654 6.541843 0.584979
v 10.781659 6.758131 0.584979
v 10.859950 6.531285 0.779719
v 10.763955 6.747573 0.779719
v 10.859950 6.531285 0.584979
v 10.763955 6.747573 0.584979
v 10.747889 6.725151 0.592578
v 10.834871 6.529169 0.592578
v 10.834871 6.529169 0.774675
v 10.747889 6.725151 0.774675
v 10.736111 6.683421 0.604086
v 10.798734 6.542323 0.604086
v 10.798734 6.542323 0.762961
v 10.736111 6.683421 0.762961
v 10.735516 6.643947 0.621750
v 10.770682 6.564714 0.621750
v 10.770682 6.564714 0.744780
v 10.735516 6.643947 0.744780
vn 0.342389 -0.574113 -0.743750
vn 0.132102 -0.668697 -0.731706
vn -0.534436 0.464623 -0.706048
vn -0.342389 0.574112 -0.743751
vn 0.132102 -0.668697 -0.731706
vn -0.260319 -0.730832 -0.630966
vn -0.779347 0.224550 -0.584975
vn -0.534436 0.464623 -0.706048
vn 0.160411 -0.668017 0.726651
vn 0.342389 -0.574112 0.743751
vn -0.342389 0.574113 0.743750
vn -0.519605 0.484973 0.703429
vn 0.342389 -0.574113 -0.743750
vn 0.342389 -0.574112 0.743751
vn 0.160411 -0.668017 0.726651
vn 0.132102 -0.668697 -0.731706
vn -0.534436 0.464623 -0.706048
vn -0.519605 0.484973 0.703429
vn -0.342389 0.574113 0.743750
vn -0.342389 0.574112 -0.743751
vn -0.749262 0.236565 0.618582
vn -0.850117 -0.008964 0.526518
vn -0.535973 -0.630580 0.561338
vn -0.228116 -0.712113 0.663972
vn -0.519605 0.484973 0.703429
vn -0.749262 0.236565 0.618582
vn -0.228116 -0.712113 0.663972
vn 0.160411 -0.668017 0.726651
vn 0.160411 -0.668017 0.726651
vn -0.228116 -0.712113 0.663972
vn -0.260319 -0.730832 -0.630966
vn 0.132102 -0.668697 -0.731706
vn -0.534436 0.464623 -0.706048
vn -0.779347 0.224550 -0.584975
vn -0.749262 0.236565 0.618582
vn -0.519605 0.484973 0.703429
vn -0.848403 -0.007150 -0.529303
vn -0.922821 -0.238379 -0.302617
vn -0.924857 -0.238856 0.295951
vn -0.850117 -0.008964 0.526518
vn -0.228116 -0.712113 0.663972
vn -0.535973 -0.630580 0.561338
vn -0.533072 -0.630405 -0.564291
vn -0.260319 -0.730832 -0.630966
vn -0.779347 0.224550 -0.584975
vn -0.848403 -0.007150 -0.529303
vn -0.850117 -0.008964 0.526518
vn -0.749262 0.236565 0.618582
vn -0.260319 -0.730832 -0.630966
vn -0.533072 -0.630405 -0.564291
vn -0.848403 -0.007150 -0.529303
vn -0.779347 0.224550 -0.584975
vn -0.789308 -0.527797 -0.313725
vn -0.791140 -0.529083 0.306867
vn -0.924857 -0.238856 0.295951
vn -0.922821 -0.238379 -0.302617
vn -0.533072 -0.630405 -0.564291
vn -0.789308 -0.527797 -0.313725
vn -0.922821 -0.238379 -0.302617
vn -0.848403 -0.007150 -0.529303
vn -0.850117 -0.008964 0.526518
vn -0.924857 -0.238856 0.295951
vn -0.791140 -0.529083 0.306867
vn -0.535973 -0.630580 0.561338
vn -0.535973 -0.630580 0.561338
vn -0.791140 -0.529083 0.306867
vn -0.789308 -0.527797 -0.313725
vn -0.533072 -0.630405 -0.564291
s off
g lightTower lightTowerGrp lightGrp2 light2 polySurface11
usemtl SM_Light_Tower_1_JFGSG
f 1255//3951 1259//3952 1260//3953 1256//3954
f 1259//3955 1262//3956 1261//3957 1260//3958
f 1257//3959 1253//3960 1254//3961 1258//3962
f 1255//3963 1253//3964 1257//3965 1259//3966
f 1260//3967 1258//3968 1254//3969 1256//3970
f 1264//3971 1268//3972 1267//3973 1263//3974
f 1258//3975 1264//3976 1263//3977 1257//3978
f 1257//3979 1263//3980 1262//3981 1259//3982
f 1260//3983 1261//3984 1264//3985 1258//3986
f 1265//3987 1269//3988 1272//3989 1268//3990
f 1263//3991 1267//3992 1266//3993 1262//3994
f 1261//3995 1265//3996 1268//3997 1264//3998
f 1262//3999 1266//4000 1265//4001 1261//4002
f 1270//4003 1271//4004 1272//4005 1269//4006
f 1266//4007 1270//4008 1269//4009 1265//4010
f 1268//4011 1272//4012 1271//4013 1267//4014
f 1267//4015 1271//4016 1270//4017 1266//4018
g default
v 10.865200 6.519209 0.795714
v 10.758845 6.758839 0.795714
v 10.865200 6.519209 0.563268
v 10.758845 6.758839 0.563268
v 10.894839 6.518003 0.810289
v 10.775232 6.787493 0.810289
v 10.894839 6.518003 0.548692
v 10.775232 6.787493 0.548692
v 10.871826 6.504278 0.548692
v 10.871826 6.504278 0.810289
v 10.752219 6.773769 0.810289
v 10.752219 6.773769 0.548692
v 10.882453 6.529498 0.563268
v 10.882453 6.529498 0.795714
v 10.776098 6.769128 0.795714
v 10.776098 6.769128 0.563268
vn -0.710406 -0.627130 -0.319423
vn -0.710406 -0.627130 0.319423
vn -0.271769 -0.731311 0.625560
vn -0.271769 -0.731312 -0.625560
vn -0.271769 -0.731312 -0.625560
vn -0.785427 0.217218 -0.579587
vn 0.271769 0.731311 -0.625560
vn 0.785427 -0.217218 -0.579587
vn 0.785427 -0.217218 -0.579587
vn 0.271769 0.731311 -0.625560
vn 0.271769 0.731312 0.625560
vn 0.785427 -0.217218 0.579587
vn 0.785427 -0.217218 0.579587
vn 0.271769 0.731312 0.625560
vn -0.785427 0.217218 0.579587
vn -0.271769 -0.731311 0.625560
vn -0.271769 -0.731312 -0.625560
vn 0.785427 -0.217218 -0.579587
vn 0.785427 -0.217218 0.579587
vn -0.271769 -0.731311 0.625560
vn 0.271769 0.731311 -0.625560
vn -0.785427 0.217218 -0.579587
vn -0.785427 0.217218 0.579587
vn 0.271769 0.731312 0.625560
vn -0.945370 -0.126107 -0.300620
vn -0.945370 -0.126107 0.300620
vn -0.271769 -0.731312 -0.625560
vn -0.271769 -0.731311 0.625560
vn -0.710406 -0.627130 -0.319423
vn -0.945370 -0.126107 -0.300620
vn -0.271769 -0.731311 0.625560
vn -0.785427 0.217218 0.579587
vn -0.710406 -0.627130 0.319423
vn -0.710406 -0.627130 -0.319423
vn -0.785427 0.217218 0.579587
vn -0.785427 0.217218 -0.579587
vn -0.945370 -0.126107 0.300620
vn -0.710406 -0.627130 0.319423
vn -0.785427 0.217218 -0.579587
vn -0.271769 -0.731312 -0.625560
vn -0.785427 0.217218 -0.579587
vn -0.271769 -0.731312 -0.625560
vn -0.271769 -0.731311 0.625560
vn -0.785427 0.217218 0.579587
vn -0.945370 -0.126107 0.300620
vn -0.945370 -0.126107 -0.300620
vn -0.785427 0.217218 -0.579587
vn -0.785427 0.217218 0.579587
vn -0.710406 -0.627130 0.319423
vn -0.945370 -0.126107 0.300620
vn -0.785427 0.217218 0.579587
vn -0.271769 -0.731311 0.625560
vn -0.945370 -0.126107 -0.300620
vn -0.710406 -0.627130 -0.319423
vn -0.271769 -0.731312 -0.625560
vn -0.785427 0.217218 -0.579587
s off
g lightTower lightTowerGrp lightGrp2 light2 polySurface1
usemtl SM_Light_Tower_1_JFGSG
f 1274//4019 1276//4020 1288//4021 1287//4022
f 1281//4023 1284//4024 1280//4025 1279//4026
f 1279//4027 1280//4028 1278//4029 1277//4030
f 1277//4031 1278//4032 1283//4033 1282//4034
f 1281//4035 1279//4036 1277//4037 1282//4038
f 1280//4039 1284//4040 1283//4041 1278//4042
f 1273//4043 1275//4044 1281//4045 1282//4046
f 1274//4047 1273//4048 1282//4049 1283//4050
f 1276//4051 1274//4052 1283//4053 1284//4054
f 1275//4055 1276//4056 1284//4057 1281//4058
f 1286//4059 1287//4060 1288//4061 1285//4062
f 1275//4063 1273//4064 1286//4065 1285//4066
f 1276//4067 1275//4068 1285//4069 1288//4070
f 1273//4071 1274//4072 1287//4073 1286//4074
g default
v 10.708243 6.769166 0.547720
v 10.724047 6.778592 0.547720
v 10.710735 6.763550 0.538224
v 10.726540 6.772976 0.538224
v 10.715721 6.752318 0.538224
v 10.731525 6.761743 0.538224
v 10.718213 6.746702 0.547720
v 10.734018 6.756127 0.547720
v 10.715721 6.752318 0.557217
v 10.731525 6.761743 0.557217
v 10.710735 6.763550 0.557217
v 10.726540 6.772976 0.557217
vn -0.926649 0.375927 -0.000001
vn 0.207394 0.978258 -0.000001
vn 0.382360 0.576644 -0.721999
vn -0.726303 0.063420 -0.684442
vn -0.726303 0.063420 -0.684442
vn 0.382360 0.576644 -0.721999
vn 0.726302 -0.063418 -0.684444
vn -0.382362 -0.576642 -0.721999
vn -0.382362 -0.576642 -0.721999
vn 0.726302 -0.063418 -0.684444
vn 0.926649 -0.375928 -0.000001
vn -0.207392 -0.978258 -0.000001
vn -0.207392 -0.978258 -0.000001
vn 0.926649 -0.375928 -0.000001
vn 0.726303 -0.063418 0.684443
vn -0.382362 -0.576642 0.721999
vn 0.382360 0.576644 -0.721999
vn 0.207394 0.978258 -0.000001
vn 0.382360 0.576645 0.721998
vn 0.726303 -0.063418 0.684443
vn 0.926649 -0.375928 -0.000001
vn 0.726302 -0.063418 -0.684444
vn -0.382362 -0.576642 0.721999
vn 0.726303 -0.063418 0.684443
vn 0.382360 0.576645 0.721998
vn -0.726304 0.063421 0.684442
vn -0.726304 0.063421 0.684442
vn 0.382360 0.576645 0.721998
vn 0.207394 0.978258 -0.000001
vn -0.926649 0.375927 -0.000001
vn -0.926649 0.375927 -0.000001
vn -0.726303 0.063420 -0.684442
vn -0.382362 -0.576642 -0.721999
vn -0.207392 -0.978258 -0.000001
vn -0.382362 -0.576642 0.721999
vn -0.726304 0.063421 0.684442
s off
g lightTower lightTowerGrp lightGrp2 light2 polySurface69
usemtl SM_Light_Tower_1_JFGSG
f 1289//4075 1290//4076 1292//4077 1291//4078
f 1291//4079 1292//4080 1294//4081 1293//4082
f 1293//4083 1294//4084 1296//4085 1295//4086
f 1295//4087 1296//4088 1298//4089 1297//4090
f 1292//4091 1290//4092 1300//4093 1298//4094 1296//4095 1294//4096
f 1297//4097 1298//4098 1300//4099 1299//4100
f 1299//4101 1300//4102 1290//4103 1289//4104
f 1289//4105 1291//4106 1293//4107 1295//4108 1297//4109 1299//4110
g default
v 10.799199 6.817649 0.541432
v 10.799199 6.817649 0.810703
v 10.807728 6.817170 0.541432
v 10.807728 6.817170 0.810703
v 10.811634 6.808368 0.541432
v 10.811634 6.808368 0.810703
v 10.807012 6.800045 0.541432
v 10.807012 6.800045 0.810703
v 10.798483 6.800524 0.541432
v 10.798483 6.800525 0.810703
v 10.794576 6.809326 0.541432
v 10.794576 6.809326 0.810703
vn -0.512207 0.858862 -0.000000
vn -0.389019 0.652302 0.650512
vn 0.456801 0.612062 0.645533
vn 0.598117 0.801409 -0.000000
vn 0.598117 0.801409 -0.000000
vn 0.456801 0.612062 0.645533
vn 0.793463 -0.033179 0.607714
vn 0.999127 -0.041779 0.000000
vn 0.999127 -0.041779 0.000000
vn 0.793463 -0.033179 0.607714
vn 0.389019 -0.652302 0.650513
vn 0.512207 -0.858862 0.000000
vn 0.512207 -0.858862 0.000000
vn 0.389019 -0.652302 0.650513
vn -0.456801 -0.612062 0.645533
vn -0.598117 -0.801409 0.000000
vn -0.598117 -0.801409 0.000000
vn -0.456801 -0.612062 0.645533
vn -0.793462 0.033179 0.607714
vn -0.999127 0.041779 -0.000000
vn -0.999127 0.041779 -0.000000
vn -0.793462 0.033179 0.607714
vn -0.389019 0.652302 0.650512
vn -0.512207 0.858862 -0.000000
vn 0.456801 0.612062 0.645533
vn -0.389019 0.652302 0.650512
vn -0.793462 0.033179 0.607714
vn -0.456801 -0.612062 0.645533
vn 0.389019 -0.652302 0.650513
vn 0.793463 -0.033179 0.607714
s off
g lightTower lightTowerGrp lightGrp2 light2 polySurface66
usemtl SM_Light_Tower_1_JFGSG
f 1301//4111 1302//4112 1304//4113 1303//4114
f 1303//4115 1304//4116 1306//4117 1305//4118
f 1305//4119 1306//4120 1308//4121 1307//4122
f 1307//4123 1308//4124 1310//4125 1309//4126
f 1309//4127 1310//4128 1312//4129 1311//4130
f 1311//4131 1312//4132 1302//4133 1301//4134
f 1304//4135 1302//4136 1312//4137 1310//4138 1308//4139 1306//4140
g default
v 10.723745 6.771852 0.546872
v 10.799444 6.816998 0.546872
v 10.725448 6.768015 0.540384
v 10.801147 6.813161 0.540384
v 10.728854 6.760342 0.540384
v 10.804553 6.805487 0.540384
v 10.730557 6.756505 0.546872
v 10.806256 6.801650 0.546872
v 10.728854 6.760342 0.553360
v 10.804553 6.805487 0.553360
v 10.725448 6.768015 0.553360
v 10.801147 6.813161 0.553360
vn -0.512207 0.858862 -0.000003
vn 0.207391 0.978258 -0.000002
vn 0.382363 0.576641 -0.722000
vn -0.235915 0.395578 -0.887616
vn -0.235915 0.395578 -0.887616
vn 0.382363 0.576641 -0.722000
vn 0.726304 -0.063422 -0.684442
vn 0.235917 -0.395583 -0.887613
vn 0.235917 -0.395583 -0.887613
vn 0.726304 -0.063422 -0.684442
vn 0.926650 -0.375926 0.000001
vn 0.512207 -0.858862 0.000002
vn 0.512207 -0.858862 0.000002
vn 0.926650 -0.375926 0.000001
vn 0.726303 -0.063421 0.684442
vn 0.235917 -0.395582 0.887614
vn 0.235917 -0.395582 0.887614
vn 0.726303 -0.063421 0.684442
vn 0.382362 0.576643 0.721999
vn -0.235915 0.395580 0.887615
vn -0.235915 0.395580 0.887615
vn 0.382362 0.576643 0.721999
vn 0.207391 0.978258 -0.000002
vn -0.512207 0.858862 -0.000003
vn 0.382363 0.576641 -0.722000
vn 0.207391 0.978258 -0.000002
vn 0.382362 0.576643 0.721999
vn 0.726303 -0.063421 0.684442
vn 0.926650 -0.375926 0.000001
vn 0.726304 -0.063422 -0.684442
s off
g lightTower lightTowerGrp lightGrp2 light2 polySurface70
usemtl SM_Light_Tower_1_JFGSG
f 1313//4141 1314//4142 1316//4143 1315//4144
f 1315//4145 1316//4146 1318//4147 1317//4148
f 1317//4149 1318//4150 1320//4151 1319//4152
f 1319//4153 1320//4154 1322//4155 1321//4156
f 1321//4157 1322//4158 1324//4159 1323//4160
f 1323//4161 1324//4162 1314//4163 1313//4164
f 1316//4165 1314//4166 1324//4167 1322//4168 1320//4169 1318//4170
g default
v 10.964042 6.342157 0.536999
v 10.985057 6.358586 0.536999
v 10.966547 6.336511 0.527453
v 10.988287 6.351308 0.524693
v 10.971559 6.325219 0.527453
v 10.994747 6.336752 0.524693
v 10.974065 6.319573 0.536999
v 10.997978 6.329474 0.536999
v 10.971559 6.325219 0.546546
v 10.994747 6.336752 0.549305
v 10.966547 6.336511 0.546546
v 10.988287 6.351308 0.549305
v 10.663175 6.890326 0.536999
v 10.730120 6.930421 0.536999
v 10.665356 6.885411 0.528689
v 10.732331 6.925439 0.528575
v 10.669719 6.875582 0.528689
v 10.736754 6.915475 0.528575
v 10.671900 6.870667 0.536999
v 10.738965 6.910493 0.536999
v 10.669719 6.875582 0.545309
v 10.736754 6.915475 0.545423
v 10.665356 6.885411 0.545309
v 10.732331 6.925439 0.545423
v 10.982268 6.366560 0.536999
v 10.742564 6.906644 0.536999
v 10.987968 6.369959 0.525827
v 10.748264 6.910043 0.525827
v 10.999368 6.376758 0.525827
v 10.759663 6.916842 0.525827
v 11.005068 6.380157 0.536999
v 10.765363 6.920241 0.536999
v 10.999368 6.376758 0.548171
v 10.759663 6.916842 0.548171
v 10.987968 6.369959 0.548171
v 10.748264 6.910043 0.548171
v 10.987842 6.357995 0.536999
v 10.994492 6.356756 0.548738
v 11.013079 6.352118 0.548738
v 11.019729 6.350879 0.536999
v 11.013079 6.352118 0.525260
v 10.994492 6.356756 0.525260
v 10.753804 6.938104 0.527201
v 10.743626 6.916581 0.527201
v 10.741881 6.912390 0.536999
v 10.743626 6.916581 0.546797
v 10.753804 6.938104 0.546797
v 10.755549 6.942294 0.536999
vn -0.615891 0.787831 -0.000002
vn -0.542294 0.840189 -0.000001
vn -0.264399 0.379171 -0.886748
vn -0.344046 0.342418 -0.874289
vn -0.344046 0.342418 -0.874289
vn -0.264399 0.379171 -0.886748
vn 0.248152 -0.415341 -0.875164
vn 0.116283 -0.446156 -0.887369
vn 0.116283 -0.446156 -0.887369
vn 0.248152 -0.415341 -0.875164
vn 0.543044 -0.839704 -0.000000
vn 0.382528 -0.923944 -0.000001
vn 0.382528 -0.923944 -0.000001
vn 0.543044 -0.839704 -0.000000
vn 0.248152 -0.415340 0.875164
vn 0.116280 -0.446155 0.887369
vn 0.116280 -0.446155 0.887369
vn 0.248152 -0.415340 0.875164
vn -0.264399 0.379173 0.886747
vn -0.344046 0.342421 0.874288
vn -0.344046 0.342421 0.874288
vn -0.264399 0.379173 0.886747
vn -0.542294 0.840189 -0.000001
vn -0.615891 0.787831 -0.000002
vn -0.513812 0.857903 -0.000000
vn -0.493715 0.869624 -0.000001
vn -0.272537 0.430099 -0.860661
vn -0.237475 0.394833 -0.887532
vn -0.237475 0.394833 -0.887532
vn -0.272537 0.430099 -0.860661
vn 0.131205 -0.414835 -0.900387
vn 0.234355 -0.396323 -0.887697
vn 0.234355 -0.396323 -0.887697
vn 0.131205 -0.414835 -0.900387
vn 0.372791 -0.927915 0.000001
vn 0.510604 -0.859816 0.000000
vn 0.510604 -0.859816 0.000000
vn 0.372791 -0.927915 0.000001
vn 0.131206 -0.414835 0.900387
vn 0.234356 -0.396323 0.887697
vn 0.234356 -0.396323 0.887697
vn 0.131206 -0.414835 0.900387
vn -0.272537 0.430100 0.860661
vn -0.237475 0.394833 0.887532
vn -0.237475 0.394833 0.887532
vn -0.272537 0.430100 0.860661
vn -0.493715 0.869624 -0.000001
vn -0.513812 0.857903 -0.000000
vn -0.897872 -0.440256 -0.000000
vn -0.924759 -0.380553 -0.000000
vn -0.461640 -0.156788 -0.873101
vn -0.459528 -0.217849 -0.861032
vn -0.459528 -0.217849 -0.861032
vn -0.461640 -0.156788 -0.873101
vn 0.426875 0.208472 -0.879953
vn 0.440720 0.223983 -0.869251
vn 0.440720 0.223983 -0.869251
vn 0.426875 0.208472 -0.879953
vn 0.925476 0.378806 -0.000000
vn 0.898638 0.438691 -0.000000
vn 0.898638 0.438691 -0.000000
vn 0.925476 0.378806 -0.000000
vn 0.426876 0.208472 0.879953
vn 0.440721 0.223984 0.869251
vn 0.440721 0.223984 0.869251
vn 0.426876 0.208472 0.879953
vn -0.461640 -0.156788 0.873101
vn -0.459528 -0.217849 0.861032
vn -0.459528 -0.217849 0.861032
vn -0.461640 -0.156788 0.873101
vn -0.924759 -0.380553 -0.000000
vn -0.897872 -0.440256 -0.000000
vn 0.211947 0.557362 -0.802761
vn -0.270626 -0.223408 -0.936403
vn 0.131205 -0.414835 -0.900387
vn -0.272537 0.430099 -0.860661
vn -0.270626 -0.223408 -0.936403
vn -0.513793 -0.857914 0.000001
vn 0.372791 -0.927915 0.000001
vn 0.131205 -0.414835 -0.900387
vn -0.513793 -0.857914 0.000001
vn -0.270625 -0.223408 0.936403
vn 0.131206 -0.414835 0.900387
vn 0.372791 -0.927915 0.000001
vn -0.270625 -0.223408 0.936403
vn 0.211948 0.557362 0.802761
vn -0.272537 0.430100 0.860661
vn 0.131206 -0.414835 0.900387
vn 0.211948 0.557362 0.802761
vn 0.414646 0.909983 -0.000001
vn -0.493715 0.869624 -0.000001
vn -0.272537 0.430100 0.860661
vn 0.414646 0.909983 -0.000001
vn 0.211947 0.557362 -0.802761
vn -0.272537 0.430099 -0.860661
vn -0.493715 0.869624 -0.000001
vn -0.459528 -0.217849 -0.861032
vn 0.440720 0.223983 -0.869251
vn 0.605575 -0.087315 -0.790984
vn -0.231342 0.097037 -0.968021
vn 0.440720 0.223983 -0.869251
vn 0.898638 0.438691 -0.000000
vn 0.989299 -0.145904 -0.000000
vn 0.605575 -0.087315 -0.790984
vn 0.898638 0.438691 -0.000000
vn 0.440721 0.223984 0.869251
vn 0.605577 -0.087313 0.790983
vn 0.989299 -0.145904 -0.000000
vn 0.440721 0.223984 0.869251
vn -0.459528 -0.217849 0.861032
vn -0.231341 0.097038 0.968021
vn 0.605577 -0.087313 0.790983
vn -0.459528 -0.217849 0.861032
vn -0.897872 -0.440256 -0.000000
vn -0.951886 0.306453 -0.000001
vn -0.231341 0.097038 0.968021
vn -0.897872 -0.440256 -0.000000
vn -0.459528 -0.217849 -0.861032
vn -0.231342 0.097037 -0.968021
vn -0.951886 0.306453 -0.000001
vn -0.231341 0.097038 0.968021
vn -0.951886 0.306453 -0.000001
vn -0.542294 0.840189 -0.000001
vn -0.264399 0.379173 0.886747
vn 0.605577 -0.087313 0.790983
vn -0.231341 0.097038 0.968021
vn -0.264399 0.379173 0.886747
vn 0.248152 -0.415340 0.875164
vn 0.989299 -0.145904 -0.000000
vn 0.605577 -0.087313 0.790983
vn 0.248152 -0.415340 0.875164
vn 0.543044 -0.839704 -0.000000
vn 0.605575 -0.087315 -0.790984
vn 0.989299 -0.145904 -0.000000
vn 0.543044 -0.839704 -0.000000
vn 0.248152 -0.415341 -0.875164
vn -0.231342 0.097037 -0.968021
vn 0.605575 -0.087315 -0.790984
vn 0.248152 -0.415341 -0.875164
vn -0.264399 0.379171 -0.886748
vn -0.951886 0.306453 -0.000001
vn -0.231342 0.097037 -0.968021
vn -0.264399 0.379171 -0.886748
vn -0.542294 0.840189 -0.000001
vn 0.925476 0.378806 -0.000000
vn 0.426875 0.208472 -0.879953
vn 0.211947 0.557362 -0.802761
vn 0.414646 0.909983 -0.000001
vn 0.426876 0.208472 0.879953
vn 0.925476 0.378806 -0.000000
vn 0.414646 0.909983 -0.000001
vn 0.211948 0.557362 0.802761
vn -0.461640 -0.156788 0.873101
vn 0.426876 0.208472 0.879953
vn 0.211948 0.557362 0.802761
vn -0.270625 -0.223408 0.936403
vn -0.924759 -0.380553 -0.000000
vn -0.461640 -0.156788 0.873101
vn -0.270625 -0.223408 0.936403
vn -0.513793 -0.857914 0.000001
vn -0.461640 -0.156788 -0.873101
vn -0.924759 -0.380553 -0.000000
vn -0.513793 -0.857914 0.000001
vn -0.270626 -0.223408 -0.936403
vn 0.426875 0.208472 -0.879953
vn -0.461640 -0.156788 -0.873101
vn -0.270626 -0.223408 -0.936403
vn 0.211947 0.557362 -0.802761
s off
g lightTower lightTowerGrp lightGrp2 light2 polySurface92
usemtl SM_Light_Tower_1_JFGSG
f 1325//4171 1326//4172 1328//4173 1327//4174
f 1327//4175 1328//4176 1330//4177 1329//4178
f 1329//4179 1330//4180 1332//4181 1331//4182
f 1331//4183 1332//4184 1334//4185 1333//4186
f 1333//4187 1334//4188 1336//4189 1335//4190
f 1335//4191 1336//4192 1326//4193 1325//4194
f 1337//4195 1338//4196 1340//4197 1339//4198
f 1339//4199 1340//4200 1342//4201 1341//4202
f 1341//4203 1342//4204 1344//4205 1343//4206
f 1343//4207 1344//4208 1346//4209 1345//4210
f 1345//4211 1346//4212 1348//4213 1347//4214
f 1347//4215 1348//4216 1338//4217 1337//4218
f 1349//4219 1350//4220 1352//4221 1351//4222
f 1351//4223 1352//4224 1354//4225 1353//4226
f 1353//4227 1354//4228 1356//4229 1355//4230
f 1355//4231 1356//4232 1358//4233 1357//4234
f 1357//4235 1358//4236 1360//4237 1359//4238
f 1359//4239 1360//4240 1350//4241 1349//4242
f 1367//4243 1368//4244 1342//4245 1340//4246
f 1368//4247 1369//4248 1344//4249 1342//4250
f 1369//4251 1370//4252 1346//4253 1344//4254
f 1370//4255 1371//4256 1348//4257 1346//4258
f 1371//4259 1372//4260 1338//4261 1348//4262
f 1372//4263 1367//4264 1340//4265 1338//4266
f 1351//4267 1353//4268 1365//4269 1366//4270
f 1353//4271 1355//4272 1364//4273 1365//4274
f 1355//4275 1357//4276 1363//4277 1364//4278
f 1357//4279 1359//4280 1362//4281 1363//4282
f 1359//4283 1349//4284 1361//4285 1362//4286
f 1349//4287 1351//4288 1366//4289 1361//4290
f 1362//4291 1361//4292 1326//4293 1336//4294
f 1363//4295 1362//4296 1336//4297 1334//4298
f 1364//4299 1363//4300 1334//4301 1332//4302
f 1365//4303 1364//4304 1332//4305 1330//4306
f 1366//4307 1365//4308 1330//4309 1328//4310
f 1361//4311 1366//4312 1328//4313 1326//4314
f 1356//4315 1354//4316 1367//4317 1372//4318
f 1358//4319 1356//4320 1372//4321 1371//4322
f 1360//4323 1358//4324 1371//4325 1370//4326
f 1350//4327 1360//4328 1370//4329 1369//4330
f 1352//4331 1350//4332 1369//4333 1368//4334
f 1354//4335 1352//4336 1368//4337 1367//4338
g default
v 10.668761 6.881411 0.552333
v 10.668761 6.881411 0.799834
v 10.668075 6.865012 0.552333
v 10.668075 6.865012 0.799834
v 10.655480 6.857500 0.552333
v 10.655480 6.857500 0.799834
v 10.643571 6.866389 0.552333
v 10.643571 6.866389 0.799834
v 10.644257 6.882788 0.552333
v 10.644257 6.882788 0.799834
v 10.656852 6.890299 0.552333
v 10.656852 6.890299 0.799834
vn 0.999127 -0.041778 0.000000
vn 0.999127 -0.041778 0.000000
vn 0.999127 -0.041778 0.000000
vn 0.999127 -0.041778 0.000000
vn 0.512207 -0.858862 0.000000
vn 0.512207 -0.858862 0.000000
vn 0.512207 -0.858862 0.000000
vn 0.512207 -0.858862 0.000000
vn -0.598118 -0.801408 0.000000
vn -0.598118 -0.801408 0.000000
vn -0.598118 -0.801408 0.000000
vn -0.598118 -0.801408 0.000000
vn -0.999127 0.041778 -0.000000
vn -0.999127 0.041778 -0.000000
vn -0.999127 0.041778 -0.000000
vn -0.999127 0.041778 -0.000000
vn 0.000000 -0.000000 1.000000
vn 0.000000 -0.000000 1.000000
vn 0.000000 -0.000000 1.000000
vn 0.000000 -0.000000 1.000000
vn 0.000000 -0.000000 1.000000
vn 0.000000 -0.000000 1.000000
vn -0.512207 0.858862 -0.000000
vn -0.512207 0.858862 -0.000000
vn -0.512207 0.858862 -0.000000
vn -0.512207 0.858862 -0.000000
vn 0.598118 0.801408 -0.000000
vn 0.598118 0.801408 -0.000000
vn 0.598118 0.801408 -0.000000
vn 0.598118 0.801408 -0.000000
vn -0.000000 0.000001 -1.000000
vn -0.000000 0.000001 -1.000000
vn -0.000000 0.000001 -1.000000
vn -0.000000 0.000001 -1.000000
vn -0.000000 0.000001 -1.000000
vn -0.000000 0.000001 -1.000000
s off
g lightTower lightTowerGrp lightGrp2 light2 polySurface51
usemtl SM_Light_Tower_1_JFGSG
f 1373//4339 1374//4340 1376//4341 1375//4342
f 1375//4343 1376//4344 1378//4345 1377//4346
f 1377//4347 1378//4348 1380//4349 1379//4350
f 1379//4351 1380//4352 1382//4353 1381//4354
f 1376//4355 1374//4356 1384//4357 1382//4358 1380//4359 1378//4360
f 1381//4361 1382//4362 1384//4363 1383//4364
f 1383//4365 1384//4366 1374//4367 1373//4368
f 1373//4369 1375//4370 1377//4371 1379//4372 1381//4373 1383//4374
g default
v 10.639532 6.863980 0.798463
v 10.669946 6.882118 0.798463
v 10.646684 6.847866 0.807545
v 10.677098 6.866004 0.807545
v 10.646684 6.847866 0.825710
v 10.677098 6.866004 0.825710
v 10.639532 6.863980 0.834793
v 10.669946 6.882118 0.834793
v 10.632380 6.880094 0.825710
v 10.662794 6.898233 0.825710
v 10.632380 6.880094 0.807545
v 10.662794 6.898233 0.807545
vn -0.550096 -0.244148 -0.798615
vn 0.550097 0.244148 -0.798615
vn 0.869506 -0.290065 -0.399776
vn -0.256119 -0.859993 -0.441379
vn -0.256119 -0.859993 -0.441379
vn 0.869506 -0.290065 -0.399776
vn 0.869506 -0.290065 0.399777
vn -0.256119 -0.859993 0.441378
vn -0.256119 -0.859993 0.441378
vn 0.869506 -0.290065 0.399777
vn 0.550096 0.244148 0.798615
vn -0.550097 -0.244149 0.798614
vn -0.550097 -0.244149 0.798614
vn 0.550096 0.244148 0.798615
vn 0.256117 0.859993 0.441379
vn -0.869507 0.290063 0.399776
vn 0.869506 -0.290065 -0.399776
vn 0.550097 0.244148 -0.798615
vn 0.256118 0.859993 -0.441379
vn 0.256117 0.859993 0.441379
vn 0.550096 0.244148 0.798615
vn 0.869506 -0.290065 0.399777
vn -0.869507 0.290063 0.399776
vn 0.256117 0.859993 0.441379
vn 0.256118 0.859993 -0.441379
vn -0.869506 0.290064 -0.399777
vn -0.869506 0.290064 -0.399777
vn 0.256118 0.859993 -0.441379
vn 0.550097 0.244148 -0.798615
vn -0.550096 -0.244148 -0.798615
vn -0.550096 -0.244148 -0.798615
vn -0.256119 -0.859993 -0.441379
vn -0.256119 -0.859993 0.441378
vn -0.550097 -0.244149 0.798614
vn -0.869507 0.290063 0.399776
vn -0.869506 0.290064 -0.399777
s off
g lightTower lightTowerGrp lightGrp2 light2 polySurface55
usemtl SM_Light_Tower_1_JFGSG
f 1385//4375 1386//4376 1388//4377 1387//4378
f 1387//4379 1388//4380 1390//4381 1389//4382
f 1389//4383 1390//4384 1392//4385 1391//4386
f 1391//4387 1392//4388 1394//4389 1393//4390
f 1388//4391 1386//4392 1396//4393 1394//4394 1392//4395 1390//4396
f 1393//4397 1394//4398 1396//4399 1395//4400
f 1395//4401 1396//4402 1386//4403 1385//4404
f 1385//4405 1387//4406 1389//4407 1391//4408 1393//4409 1395//4410
g default
v 10.691460 6.756688 0.814417
v 10.708738 6.766993 0.814417
v 10.694185 6.750549 0.804035
v 10.711463 6.760853 0.804035
v 10.699635 6.738269 0.804035
v 10.716913 6.748573 0.804035
v 10.702360 6.732129 0.814417
v 10.719638 6.742434 0.814417
v 10.699635 6.738269 0.824799
v 10.716913 6.748573 0.824799
v 10.694185 6.750549 0.824799
v 10.711463 6.760853 0.824799
vn -0.926649 0.375929 -0.000000
vn 0.207392 0.978258 -0.000000
vn 0.382362 0.576642 -0.722000
vn -0.726303 0.063418 -0.684443
vn -0.726303 0.063418 -0.684443
vn 0.382362 0.576642 -0.722000
vn 0.726303 -0.063418 -0.684443
vn -0.382363 -0.576642 -0.721999
vn -0.382363 -0.576642 -0.721999
vn 0.726303 -0.063418 -0.684443
vn 0.926649 -0.375929 0.000000
vn -0.207392 -0.978258 0.000000
vn -0.207392 -0.978258 0.000000
vn 0.926649 -0.375929 0.000000
vn 0.726303 -0.063418 0.684444
vn -0.382362 -0.576642 0.722000
vn 0.382362 0.576642 -0.722000
vn 0.207392 0.978258 -0.000000
vn 0.382362 0.576642 0.721999
vn 0.726303 -0.063418 0.684444
vn 0.926649 -0.375929 0.000000
vn 0.726303 -0.063418 -0.684443
vn -0.382362 -0.576642 0.722000
vn 0.726303 -0.063418 0.684444
vn 0.382362 0.576642 0.721999
vn -0.726302 0.063418 0.684443
vn -0.726302 0.063418 0.684443
vn 0.382362 0.576642 0.721999
vn 0.207392 0.978258 -0.000000
vn -0.926649 0.375929 -0.000000
vn -0.926649 0.375929 -0.000000
vn -0.726303 0.063418 -0.684443
vn -0.382363 -0.576642 -0.721999
vn -0.207392 -0.978258 0.000000
vn -0.382362 -0.576642 0.722000
vn -0.726302 0.063418 0.684443
s off
g lightTower lightTowerGrp lightGrp2 light2 polySurface68
usemtl SM_Light_Tower_1_JFGSG
f 1397//4411 1398//4412 1400//4413 1399//4414
f 1399//4415 1400//4416 1402//4417 1401//4418
f 1401//4419 1402//4420 1404//4421 1403//4422
f 1403//4423 1404//4424 1406//4425 1405//4426
f 1400//4427 1398//4428 1408//4429 1406//4430 1404//4431 1402//4432
f 1405//4433 1406//4434 1408//4435 1407//4436
f 1407//4437 1408//4438 1398//4439 1397//4440
f 1397//4441 1399//4442 1401//4443 1403//4444 1405//4445 1407//4446
g default
v 10.706529 6.761376 0.814305
v 10.796774 6.815196 0.814305
v 10.708305 6.757373 0.807536
v 10.798551 6.811193 0.807536
v 10.711858 6.749367 0.807536
v 10.802104 6.803188 0.807536
v 10.713635 6.745364 0.814305
v 10.803881 6.799185 0.814305
v 10.711858 6.749367 0.821073
v 10.802104 6.803188 0.821073
v 10.708305 6.757373 0.821073
v 10.798551 6.811193 0.821073
vn -0.512207 0.858862 -0.000000
vn 0.207390 0.978258 -0.000000
vn 0.382364 0.576638 -0.722001
vn -0.235913 0.395575 -0.887618
vn -0.235913 0.395575 -0.887618
vn 0.382364 0.576638 -0.722001
vn 0.726304 -0.063423 -0.684441
vn 0.235918 -0.395585 -0.887612
vn 0.235918 -0.395585 -0.887612
vn 0.726304 -0.063423 -0.684441
vn 0.926650 -0.375926 -0.000000
vn 0.512207 -0.858862 -0.000000
vn 0.512207 -0.858862 -0.000000
vn 0.926650 -0.375926 -0.000000
vn 0.726304 -0.063422 0.684441
vn 0.235918 -0.395584 0.887612
vn 0.235918 -0.395584 0.887612
vn 0.726304 -0.063422 0.684441
vn 0.382365 0.576639 0.722000
vn -0.235912 0.395575 0.887618
vn -0.235912 0.395575 0.887618
vn 0.382365 0.576639 0.722000
vn 0.207390 0.978258 -0.000000
vn -0.512207 0.858862 -0.000000
vn 0.382364 0.576638 -0.722001
vn 0.207390 0.978258 -0.000000
vn 0.382365 0.576639 0.722000
vn 0.726304 -0.063422 0.684441
vn 0.926650 -0.375926 -0.000000
vn 0.726304 -0.063423 -0.684441
s off
g lightTower lightTowerGrp lightGrp2 light2 polySurface67
usemtl SM_Light_Tower_1_JFGSG
f 1409//4447 1410//4448 1412//4449 1411//4450
f 1411//4451 1412//4452 1414//4453 1413//4454
f 1413//4455 1414//4456 1416//4457 1415//4458
f 1415//4459 1416//4460 1418//4461 1417//4462
f 1417//4463 1418//4464 1420//4465 1419//4466
f 1419//4467 1420//4468 1410//4469 1409//4470
f 1412//4471 1410//4472 1420//4473 1418//4474 1416//4475 1414//4476
g default
v 10.893319 6.523534 0.797469
v 10.780764 6.777133 0.797469
v 10.893319 6.523534 0.569137
v 10.780764 6.777133 0.569137
v 10.914076 6.535914 0.797469
v 10.801522 6.789512 0.797469
v 10.914076 6.535914 0.569137
v 10.801522 6.789512 0.569137
v 10.830927 6.791993 0.578047
v 10.932914 6.562204 0.578047
v 10.932914 6.562204 0.791555
v 10.830927 6.791993 0.791555
v 10.873299 6.776570 0.591539
v 10.946724 6.611133 0.591539
v 10.946724 6.611133 0.777821
v 10.873299 6.776570 0.777820
v 10.906189 6.750317 0.612250
v 10.947421 6.657416 0.612250
v 10.947421 6.657416 0.756503
v 10.906189 6.750317 0.756503
vn 0.342389 -0.574113 -0.743750
vn -0.342389 0.574112 -0.743751
vn -0.132100 0.668697 -0.731706
vn 0.534435 -0.464625 -0.706047
vn 0.534435 -0.464625 -0.706047
vn -0.132100 0.668697 -0.731706
vn 0.260321 0.730831 -0.630967
vn 0.779345 -0.224552 -0.584977
vn 0.519604 -0.484974 0.703429
vn -0.160408 0.668018 0.726651
vn -0.342389 0.574113 0.743750
vn 0.342389 -0.574112 0.743751
vn 0.342389 -0.574113 -0.743750
vn 0.534435 -0.464625 -0.706047
vn 0.519604 -0.484974 0.703429
vn 0.342389 -0.574112 0.743751
vn -0.132100 0.668697 -0.731706
vn -0.342389 0.574112 -0.743751
vn -0.342389 0.574113 0.743750
vn -0.160408 0.668018 0.726651
vn 0.228118 0.712112 0.663972
vn 0.749261 -0.236567 0.618583
vn 0.850117 0.008964 0.526518
vn 0.535972 0.630581 0.561338
vn -0.160408 0.668018 0.726651
vn 0.519604 -0.484974 0.703429
vn 0.749261 -0.236567 0.618583
vn 0.228118 0.712112 0.663972
vn 0.519604 -0.484974 0.703429
vn 0.534435 -0.464625 -0.706047
vn 0.779345 -0.224552 -0.584977
vn 0.749261 -0.236567 0.618583
vn -0.132100 0.668697 -0.731706
vn -0.160408 0.668018 0.726651
vn 0.228118 0.712112 0.663972
vn 0.260321 0.730831 -0.630967
vn 0.533071 0.630405 -0.564291
vn 0.535972 0.630581 0.561338
vn 0.791141 0.529083 0.306867
vn 0.789308 0.527797 -0.313725
vn 0.749261 -0.236567 0.618583
vn 0.779345 -0.224552 -0.584977
vn 0.848403 0.007150 -0.529303
vn 0.850117 0.008964 0.526518
vn 0.260321 0.730831 -0.630967
vn 0.228118 0.712112 0.663972
vn 0.535972 0.630581 0.561338
vn 0.533071 0.630405 -0.564291
vn 0.779345 -0.224552 -0.584977
vn 0.260321 0.730831 -0.630967
vn 0.533071 0.630405 -0.564291
vn 0.848403 0.007150 -0.529303
vn 0.922821 0.238379 -0.302617
vn 0.789308 0.527797 -0.313725
vn 0.791141 0.529083 0.306867
vn 0.924857 0.238856 0.295951
vn 0.848403 0.007150 -0.529303
vn 0.533071 0.630405 -0.564291
vn 0.789308 0.527797 -0.313725
vn 0.922821 0.238379 -0.302617
vn 0.535972 0.630581 0.561338
vn 0.850117 0.008964 0.526518
vn 0.924857 0.238856 0.295951
vn 0.791141 0.529083 0.306867
vn 0.850117 0.008964 0.526518
vn 0.848403 0.007150 -0.529303
vn 0.922821 0.238379 -0.302617
vn 0.924857 0.238856 0.295951
s off
g lightTower lightTowerGrp lightGrp2 light2 polySurface12
usemtl SM_Light_Tower_1_JFGSG
f 1423//4477 1424//4478 1428//4479 1427//4480
f 1427//4481 1428//4482 1429//4483 1430//4484
f 1425//4485 1426//4486 1422//4487 1421//4488
f 1423//4489 1427//4490 1425//4491 1421//4492
f 1428//4493 1424//4494 1422//4495 1426//4496
f 1432//4497 1431//4498 1435//4499 1436//4500
f 1426//4501 1425//4502 1431//4503 1432//4504
f 1425//4505 1427//4506 1430//4507 1431//4508
f 1428//4509 1426//4510 1432//4511 1429//4512
f 1433//4513 1436//4514 1440//4515 1437//4516
f 1431//4517 1430//4518 1434//4519 1435//4520
f 1429//4521 1432//4522 1436//4523 1433//4524
f 1430//4525 1429//4526 1433//4527 1434//4528
f 1438//4529 1437//4530 1440//4531 1439//4532
f 1434//4533 1433//4534 1437//4535 1438//4536
f 1436//4537 1435//4538 1439//4539 1440//4540
f 1435//4541 1434//4542 1438//4543 1439//4544
g default
v 10.893528 6.520044 0.704031
v 10.891926 6.523653 0.704031
v 10.893528 6.520044 0.660760
v 10.891926 6.523653 0.660760
v 10.906989 6.528118 0.703437
v 10.907352 6.532947 0.703437
v 10.906358 6.527742 0.661325
v 10.906722 6.532570 0.661325
vn -0.258500 -0.727867 0.635128
vn -0.623097 -0.284719 0.728481
vn -0.623123 -0.284697 -0.728468
vn -0.258587 -0.727869 -0.635090
vn -0.258587 -0.727869 -0.635090
vn -0.623123 -0.284697 -0.728468
vn 0.843382 -0.059072 -0.534057
vn 0.685206 -0.388632 -0.616002
vn 0.685206 -0.388632 -0.616002
vn 0.843382 -0.059072 -0.534057
vn 0.851304 -0.059558 0.521281
vn 0.693009 -0.385446 0.609238
vn 0.693009 -0.385446 0.609238
vn 0.851304 -0.059558 0.521281
vn -0.623097 -0.284719 0.728481
vn -0.258500 -0.727867 0.635128
vn -0.258587 -0.727869 -0.635090
vn 0.685206 -0.388632 -0.616002
vn 0.693009 -0.385446 0.609238
vn -0.258500 -0.727867 0.635128
s off
g lightTower lightTowerGrp lightGrp2 light2 polySurface10
usemtl SM_Light_Tower_1_JFGSG
f 1441//4545 1442//4546 1444//4547 1443//4548
f 1443//4549 1444//4550 1448//4551 1447//4552
f 1447//4553 1448//4554 1446//4555 1445//4556
f 1445//4557 1446//4558 1442//4559 1441//4560
f 1443//4561 1447//4562 1445//4563 1441//4564
g default
v 10.641251 6.865005 0.518060
v 10.669946 6.882118 0.518060
v 10.648403 6.848891 0.527142
v 10.677098 6.866004 0.527142
v 10.648403 6.848891 0.545307
v 10.677098 6.866004 0.545307
v 10.641251 6.865005 0.554390
v 10.669946 6.882118 0.554390
v 10.634099 6.881119 0.545307
v 10.662794 6.898233 0.545307
v 10.634099 6.881119 0.527142
v 10.662794 6.898233 0.527142
vn -0.550095 -0.244148 -0.798615
vn 0.550097 0.244149 -0.798614
vn 0.869507 -0.290064 -0.399776
vn -0.256118 -0.859993 -0.441379
vn -0.256118 -0.859993 -0.441379
vn 0.869507 -0.290064 -0.399776
vn 0.869506 -0.290064 0.399777
vn -0.256119 -0.859993 0.441379
vn -0.256119 -0.859993 0.441379
vn 0.869506 -0.290064 0.399777
vn 0.550096 0.244148 0.798615
vn -0.550097 -0.244148 0.798614
vn -0.550097 -0.244148 0.798614
vn 0.550096 0.244148 0.798615
vn 0.256117 0.859993 0.441379
vn -0.869507 0.290063 0.399776
vn 0.869507 -0.290064 -0.399776
vn 0.550097 0.244149 -0.798614
vn 0.256118 0.859993 -0.441379
vn 0.256117 0.859993 0.441379
vn 0.550096 0.244148 0.798615
vn 0.869506 -0.290064 0.399777
vn -0.869507 0.290063 0.399776
vn 0.256117 0.859993 0.441379
vn 0.256118 0.859993 -0.441379
vn -0.869507 0.290064 -0.399777
vn -0.869507 0.290064 -0.399777
vn 0.256118 0.859993 -0.441379
vn 0.550097 0.244149 -0.798614
vn -0.550095 -0.244148 -0.798615
vn -0.550095 -0.244148 -0.798615
vn -0.256118 -0.859993 -0.441379
vn -0.256119 -0.859993 0.441379
vn -0.550097 -0.244148 0.798614
vn -0.869507 0.290063 0.399776
vn -0.869507 0.290064 -0.399777
s off
g lightTower lightTowerGrp lightGrp2 light2 polySurface54
usemtl SM_Light_Tower_1_JFGSG
f 1449//4565 1450//4566 1452//4567 1451//4568
f 1451//4569 1452//4570 1454//4571 1453//4572
f 1453//4573 1454//4574 1456//4575 1455//4576
f 1455//4577 1456//4578 1458//4579 1457//4580
f 1452//4581 1450//4582 1460//4583 1458//4584 1456//4585 1454//4586
f 1457//4587 1458//4588 1460//4589 1459//4590
f 1459//4591 1460//4592 1450//4593 1449//4594
f 1449//4595 1451//4596 1453//4597 1455//4598 1457//4599 1459//4600
g default
v 10.828105 6.710081 0.798051
v 10.827933 6.710469 0.787149
v 10.869207 6.622907 0.799639
v 10.869235 6.622845 0.787897
v 10.869306 6.736565 0.792253
v 10.868902 6.736244 0.784628
v 10.910967 6.650656 0.794202
v 10.910563 6.650335 0.785356
vn -0.763881 0.203222 0.612525
vn -0.962333 0.271572 0.012811
vn -0.293644 -0.955907 0.003730
vn -0.216754 -0.712182 0.667694
vn -0.216754 -0.712182 0.667694
vn -0.293644 -0.955907 0.003730
vn 0.971985 -0.231861 -0.038552
vn 0.830511 -0.166231 0.531618
vn 0.830511 -0.166231 0.531618
vn 0.971985 -0.231861 -0.038552
vn 0.310395 0.950032 -0.033078
vn 0.286516 0.768947 0.571514
vn 0.286516 0.768947 0.571514
vn 0.310395 0.950032 -0.033078
vn -0.962333 0.271572 0.012811
vn -0.763881 0.203222 0.612525
vn -0.216754 -0.712182 0.667694
vn 0.830511 -0.166231 0.531618
vn 0.286516 0.768947 0.571514
vn -0.763881 0.203222 0.612525
s off
g lightTower lightTowerGrp lightGrp2 light2 polySurface13
usemtl SM_Light_Tower_1_JFGSG
f 1461//4601 1462//4602 1464//4603 1463//4604
f 1463//4605 1464//4606 1468//4607 1467//4608
f 1467//4609 1468//4610 1466//4611 1465//4612
f 1465//4613 1466//4614 1462//4615 1461//4616
f 1463//4617 1467//4618 1465//4619 1461//4620
g default
v 10.893319 6.523535 1.229151
v 10.780764 6.777133 1.229151
v 10.893319 6.523535 1.000818
v 10.780764 6.777133 1.000818
v 10.914076 6.535914 1.229151
v 10.801522 6.789512 1.229151
v 10.914076 6.535914 1.000818
v 10.801522 6.789512 1.000818
v 10.830927 6.791993 1.009729
v 10.932914 6.562204 1.009729
v 10.932914 6.562204 1.223237
v 10.830927 6.791993 1.223237
v 10.873299 6.776570 1.023221
v 10.946724 6.611133 1.023221
v 10.946724 6.611133 1.209502
v 10.873299 6.776570 1.209502
v 10.906189 6.750317 1.043932
v 10.947421 6.657416 1.043932
v 10.947421 6.657416 1.188185
v 10.906189 6.750317 1.188185
vn 0.342389 -0.574113 -0.743750
vn -0.342389 0.574112 -0.743751
vn -0.132101 0.668697 -0.731706
vn 0.534436 -0.464624 -0.706047
vn 0.534436 -0.464624 -0.706047
vn -0.132101 0.668697 -0.731706
vn 0.260320 0.730832 -0.630967
vn 0.779346 -0.224551 -0.584976
vn 0.519605 -0.484973 0.703429
vn -0.160410 0.668018 0.726651
vn -0.342389 0.574113 0.743750
vn 0.342389 -0.574112 0.743751
vn 0.342389 -0.574113 -0.743750
vn 0.534436 -0.464624 -0.706047
vn 0.519605 -0.484973 0.703429
vn 0.342389 -0.574112 0.743751
vn -0.132101 0.668697 -0.731706
vn -0.342389 0.574112 -0.743751
vn -0.342389 0.574113 0.743750
vn -0.160410 0.668018 0.726651
vn 0.228116 0.712113 0.663972
vn 0.749261 -0.236565 0.618582
vn 0.850116 0.008964 0.526518
vn 0.535972 0.630581 0.561339
vn -0.160410 0.668018 0.726651
vn 0.519605 -0.484973 0.703429
vn 0.749261 -0.236565 0.618582
vn 0.228116 0.712113 0.663972
vn 0.519605 -0.484973 0.703429
vn 0.534436 -0.464624 -0.706047
vn 0.779346 -0.224551 -0.584976
vn 0.749261 -0.236565 0.618582
vn -0.132101 0.668697 -0.731706
vn -0.160410 0.668018 0.726651
vn 0.228116 0.712113 0.663972
vn 0.260320 0.730832 -0.630967
vn 0.533071 0.630405 -0.564292
vn 0.535972 0.630581 0.561339
vn 0.791141 0.529083 0.306867
vn 0.789309 0.527796 -0.313725
vn 0.749261 -0.236565 0.618582
vn 0.779346 -0.224551 -0.584976
vn 0.848403 0.007150 -0.529303
vn 0.850116 0.008964 0.526518
vn 0.260320 0.730832 -0.630967
vn 0.228116 0.712113 0.663972
vn 0.535972 0.630581 0.561339
vn 0.533071 0.630405 -0.564292
vn 0.779346 -0.224551 -0.584976
vn 0.260320 0.730832 -0.630967
vn 0.533071 0.630405 -0.564292
vn 0.848403 0.007150 -0.529303
vn 0.922821 0.238378 -0.302617
vn 0.789309 0.527796 -0.313725
vn 0.791141 0.529083 0.306867
vn 0.924857 0.238856 0.295951
vn 0.848403 0.007150 -0.529303
vn 0.533071 0.630405 -0.564292
vn 0.789309 0.527796 -0.313725
vn 0.922821 0.238378 -0.302617
vn 0.535972 0.630581 0.561339
vn 0.850116 0.008964 0.526518
vn 0.924857 0.238856 0.295951
vn 0.791141 0.529083 0.306867
vn 0.850116 0.008964 0.526518
vn 0.848403 0.007150 -0.529303
vn 0.922821 0.238378 -0.302617
vn 0.924857 0.238856 0.295951
s off
g lightTower lightTowerGrp lightGrp2 polySurface5 light1
usemtl SM_Light_Tower_1_JFGSG
f 1471//4621 1472//4622 1476//4623 1475//4624
f 1475//4625 1476//4626 1477//4627 1478//4628
f 1473//4629 1474//4630 1470//4631 1469//4632
f 1471//4633 1475//4634 1473//4635 1469//4636
f 1476//4637 1472//4638 1470//4639 1474//4640
f 1480//4641 1479//4642 1483//4643 1484//4644
f 1474//4645 1473//4646 1479//4647 1480//4648
f 1473//4649 1475//4650 1478//4651 1479//4652
f 1476//4653 1474//4654 1480//4655 1477//4656
f 1481//4657 1484//4658 1488//4659 1485//4660
f 1479//4661 1478//4662 1482//4663 1483//4664
f 1477//4665 1480//4666 1484//4667 1481//4668
f 1478//4669 1477//4670 1481//4671 1482//4672
f 1486//4673 1485//4674 1488//4675 1487//4676
f 1482//4677 1481//4678 1485//4679 1486//4680
f 1484//4681 1483//4682 1487//4683 1488//4684
f 1483//4685 1482//4686 1486//4687 1487//4688
g default
v 10.865200 6.519209 1.227395
v 10.758845 6.758839 1.227395
v 10.865200 6.519209 0.994949
v 10.758845 6.758839 0.994949
v 10.894839 6.518003 1.241971
v 10.775232 6.787494 1.241971
v 10.894839 6.518003 0.980374
v 10.775232 6.787493 0.980374
v 10.871826 6.504278 0.980374
v 10.871826 6.504279 1.241971
v 10.752219 6.773769 1.241971
v 10.752219 6.773769 0.980374
v 10.882453 6.529498 0.994949
v 10.882453 6.529498 1.227395
v 10.776098 6.769128 1.227395
v 10.776098 6.769128 0.994949
vn -0.710406 -0.627130 -0.319423
vn -0.710406 -0.627130 0.319423
vn -0.271769 -0.731311 0.625560
vn -0.271769 -0.731312 -0.625560
vn -0.271769 -0.731312 -0.625560
vn -0.785427 0.217218 -0.579587
vn 0.271769 0.731311 -0.625560
vn 0.785427 -0.217218 -0.579587
vn 0.785427 -0.217218 -0.579587
vn 0.271769 0.731311 -0.625560
vn 0.271769 0.731312 0.625560
vn 0.785427 -0.217218 0.579587
vn 0.785427 -0.217218 0.579587
vn 0.271769 0.731312 0.625560
vn -0.785427 0.217218 0.579587
vn -0.271769 -0.731311 0.625560
vn -0.271769 -0.731312 -0.625560
vn 0.785427 -0.217218 -0.579587
vn 0.785427 -0.217218 0.579587
vn -0.271769 -0.731311 0.625560
vn 0.271769 0.731311 -0.625560
vn -0.785427 0.217218 -0.579587
vn -0.785427 0.217218 0.579587
vn 0.271769 0.731312 0.625560
vn -0.945370 -0.126107 -0.300620
vn -0.945370 -0.126107 0.300620
vn -0.271769 -0.731312 -0.625560
vn -0.271769 -0.731311 0.625560
vn -0.710406 -0.627130 -0.319423
vn -0.945370 -0.126107 -0.300620
vn -0.271769 -0.731311 0.625560
vn -0.785427 0.217218 0.579587
vn -0.710406 -0.627130 0.319423
vn -0.710406 -0.627130 -0.319423
vn -0.785427 0.217218 0.579587
vn -0.785427 0.217218 -0.579587
vn -0.945370 -0.126107 0.300620
vn -0.710406 -0.627130 0.319423
vn -0.785427 0.217218 -0.579587
vn -0.271769 -0.731312 -0.625560
vn -0.785427 0.217218 -0.579587
vn -0.271769 -0.731312 -0.625560
vn -0.271769 -0.731311 0.625560
vn -0.785427 0.217218 0.579587
vn -0.945370 -0.126107 0.300620
vn -0.945370 -0.126107 -0.300620
vn -0.785427 0.217218 -0.579587
vn -0.785427 0.217218 0.579587
vn -0.710406 -0.627130 0.319423
vn -0.945370 -0.126107 0.300620
vn -0.785427 0.217218 0.579587
vn -0.271769 -0.731311 0.625560
vn -0.945370 -0.126107 -0.300620
vn -0.710406 -0.627130 -0.319423
vn -0.271769 -0.731312 -0.625560
vn -0.785427 0.217218 -0.579587
s off
g lightTower lightTowerGrp lightGrp2 light1 polySurface4
usemtl SM_Light_Tower_1_JFGSG
f 1490//4689 1492//4690 1504//4691 1503//4692
f 1497//4693 1500//4694 1496//4695 1495//4696
f 1495//4697 1496//4698 1494//4699 1493//4700
f 1493//4701 1494//4702 1499//4703 1498//4704
f 1497//4705 1495//4706 1493//4707 1498//4708
f 1496//4709 1500//4710 1499//4711 1494//4712
f 1489//4713 1491//4714 1497//4715 1498//4716
f 1490//4717 1489//4718 1498//4719 1499//4720
f 1492//4721 1490//4722 1499//4723 1500//4724
f 1491//4725 1492//4726 1500//4727 1497//4728
f 1502//4729 1503//4730 1504//4731 1501//4732
f 1491//4733 1489//4734 1502//4735 1501//4736
f 1492//4737 1491//4738 1501//4739 1504//4740
f 1489//4741 1490//4742 1503//4743 1502//4744
g default
v 10.639913 6.864207 0.954404
v 10.669946 6.882118 0.954162
v 10.647065 6.848093 0.963487
v 10.677098 6.866004 0.963244
v 10.647065 6.848093 0.981651
v 10.677098 6.866004 0.981409
v 10.639913 6.864207 0.990734
v 10.669946 6.882118 0.990492
v 10.632761 6.880321 0.981651
v 10.662794 6.898233 0.981409
v 10.632761 6.880321 0.963487
v 10.662794 6.898233 0.963244
vn -0.552548 -0.245236 -0.796587
vn 0.547644 0.243060 -0.800630
vn 0.868409 -0.290714 -0.401685
vn -0.257540 -0.860601 -0.439362
vn -0.257540 -0.860601 -0.439362
vn 0.868409 -0.290714 -0.401685
vn 0.870596 -0.289421 0.397868
vn -0.254686 -0.859381 0.443395
vn -0.254686 -0.859381 0.443395
vn 0.870596 -0.289421 0.397868
vn 0.552548 0.245236 0.796587
vn -0.547644 -0.243060 0.800630
vn -0.547644 -0.243060 0.800630
vn 0.552548 0.245236 0.796587
vn 0.257539 0.860601 0.439362
vn -0.868410 0.290713 0.401685
vn 0.868409 -0.290714 -0.401685
vn 0.547644 0.243060 -0.800630
vn 0.254686 0.859381 -0.443395
vn 0.257539 0.860601 0.439362
vn 0.552548 0.245236 0.796587
vn 0.870596 -0.289421 0.397868
vn -0.868410 0.290713 0.401685
vn 0.257539 0.860601 0.439362
vn 0.254686 0.859381 -0.443395
vn -0.870596 0.289421 -0.397868
vn -0.870596 0.289421 -0.397868
vn 0.254686 0.859381 -0.443395
vn 0.547644 0.243060 -0.800630
vn -0.552548 -0.245236 -0.796587
vn -0.552548 -0.245236 -0.796587
vn -0.257540 -0.860601 -0.439362
vn -0.254686 -0.859381 0.443395
vn -0.547644 -0.243060 0.800630
vn -0.868410 0.290713 0.401685
vn -0.870596 0.289421 -0.397868
s off
g lightTower lightTowerGrp lightGrp2 light1 polySurface56
usemtl SM_Light_Tower_1_JFGSG
f 1505//4745 1506//4746 1508//4747 1507//4748
f 1507//4749 1508//4750 1510//4751 1509//4752
f 1509//4753 1510//4754 1512//4755 1511//4756
f 1511//4757 1512//4758 1514//4759 1513//4760
f 1508//4761 1506//4762 1516//4763 1514//4764 1512//4765 1510//4766
f 1513//4767 1514//4768 1516//4769 1515//4770
f 1515//4771 1516//4772 1506//4773 1505//4774
f 1505//4775 1507//4776 1509//4777 1511//4778 1513//4779 1515//4780
g default
v 10.641251 6.865005 1.234126
v 10.669946 6.882118 1.234126
v 10.648403 6.848891 1.243208
v 10.677098 6.866004 1.243208
v 10.648403 6.848891 1.261373
v 10.677098 6.866004 1.261373
v 10.641251 6.865005 1.270456
v 10.669946 6.882118 1.270456
v 10.634099 6.881120 1.261373
v 10.662794 6.898233 1.261373
v 10.634099 6.881120 1.243208
v 10.662794 6.898233 1.243208
vn -0.550095 -0.244148 -0.798616
vn 0.550098 0.244149 -0.798613
vn 0.869506 -0.290064 -0.399777
vn -0.256118 -0.859993 -0.441379
vn -0.256118 -0.859993 -0.441379
vn 0.869506 -0.290064 -0.399777
vn 0.869506 -0.290064 0.399777
vn -0.256119 -0.859993 0.441379
vn -0.256119 -0.859993 0.441379
vn 0.869506 -0.290064 0.399777
vn 0.550096 0.244148 0.798615
vn -0.550097 -0.244149 0.798614
vn -0.550097 -0.244149 0.798614
vn 0.550096 0.244148 0.798615
vn 0.256119 0.859993 0.441379
vn -0.869506 0.290065 0.399777
vn 0.869506 -0.290064 -0.399777
vn 0.550098 0.244149 -0.798613
vn 0.256119 0.859993 -0.441379
vn 0.256119 0.859993 0.441379
vn 0.550096 0.244148 0.798615
vn 0.869506 -0.290064 0.399777
vn -0.869506 0.290065 0.399777
vn 0.256119 0.859993 0.441379
vn 0.256119 0.859993 -0.441379
vn -0.869506 0.290064 -0.399777
vn -0.869506 0.290064 -0.399777
vn 0.256119 0.859993 -0.441379
vn 0.550098 0.244149 -0.798613
vn -0.550095 -0.244148 -0.798616
vn -0.550095 -0.244148 -0.798616
vn -0.256118 -0.859993 -0.441379
vn -0.256119 -0.859993 0.441379
vn -0.550097 -0.244149 0.798614
vn -0.869506 0.290065 0.399777
vn -0.869506 0.290064 -0.399777
s off
g lightTower lightTowerGrp lightGrp2 light1 polySurface53
usemtl SM_Light_Tower_1_JFGSG
f 1517//4781 1518//4782 1520//4783 1519//4784
f 1519//4785 1520//4786 1522//4787 1521//4788
f 1521//4789 1522//4790 1524//4791 1523//4792
f 1523//4793 1524//4794 1526//4795 1525//4796
f 1520//4797 1518//4798 1528//4799 1526//4800 1524//4801 1522//4802
f 1525//4803 1526//4804 1528//4805 1527//4806
f 1527//4807 1528//4808 1518//4809 1517//4810
f 1517//4811 1519//4812 1521//4813 1523//4814 1525//4815 1527//4816
g default
v 10.668761 6.881411 0.986100
v 10.668761 6.881411 1.233601
v 10.668075 6.865012 0.986100
v 10.668075 6.865012 1.233601
v 10.655480 6.857500 0.986100
v 10.655480 6.857501 1.233601
v 10.643571 6.866389 0.986100
v 10.643571 6.866389 1.233601
v 10.644257 6.882788 0.986100
v 10.644257 6.882788 1.233601
v 10.656852 6.890300 0.986100
v 10.656852 6.890300 1.233601
vn 0.999127 -0.041778 0.000000
vn 0.999127 -0.041778 0.000000
vn 0.999127 -0.041778 0.000000
vn 0.999127 -0.041778 0.000000
vn 0.512207 -0.858862 0.000000
vn 0.512207 -0.858862 0.000000
vn 0.512207 -0.858862 0.000000
vn 0.512207 -0.858862 0.000000
vn -0.598118 -0.801408 0.000000
vn -0.598118 -0.801408 0.000000
vn -0.598118 -0.801408 0.000000
vn -0.598118 -0.801408 0.000000
vn -0.999127 0.041778 -0.000000
vn -0.999127 0.041778 -0.000000
vn -0.999127 0.041778 -0.000000
vn -0.999127 0.041778 -0.000000
vn -0.512207 0.858862 -0.000000
vn -0.512207 0.858862 -0.000000
vn -0.512207 0.858862 -0.000000
vn -0.512207 0.858862 -0.000000
vn 0.598118 0.801408 -0.000000
vn 0.598118 0.801408 -0.000000
vn 0.598118 0.801408 -0.000000
vn 0.598118 0.801408 -0.000000
s off
g lightTower lightTowerGrp lightGrp2 light1 polySurface103
usemtl SM_Light_Tower_1_JFGSG
f 1529//4817 1530//4818 1532//4819 1531//4820
f 1531//4821 1532//4822 1534//4823 1533//4824
f 1533//4825 1534//4826 1536//4827 1535//4828
f 1535//4829 1536//4830 1538//4831 1537//4832
f 1537//4833 1538//4834 1540//4835 1539//4836
f 1539//4837 1540//4838 1530//4839 1529//4840
g default
v 10.707059 6.761692 0.976178
v 10.797305 6.815513 0.976178
v 10.708836 6.757689 0.969410
v 10.799081 6.811510 0.969410
v 10.712389 6.749683 0.969410
v 10.802635 6.803504 0.969410
v 10.714165 6.745681 0.976178
v 10.804411 6.799501 0.976178
v 10.712389 6.749683 0.982946
v 10.802635 6.803504 0.982946
v 10.708836 6.757689 0.982946
v 10.799081 6.811510 0.982946
vn -0.512207 0.858862 -0.000000
vn 0.207389 0.978258 -0.000000
vn 0.382365 0.576638 -0.722001
vn -0.235912 0.395575 -0.887618
vn -0.235912 0.395575 -0.887618
vn 0.382365 0.576638 -0.722001
vn 0.726304 -0.063422 -0.684441
vn 0.235918 -0.395584 -0.887612
vn 0.235918 -0.395584 -0.887612
vn 0.726304 -0.063422 -0.684441
vn 0.926650 -0.375926 -0.000000
vn 0.512207 -0.858862 0.000000
vn 0.512207 -0.858862 0.000000
vn 0.926650 -0.375926 -0.000000
vn 0.726304 -0.063422 0.684441
vn 0.235918 -0.395584 0.887612
vn 0.235918 -0.395584 0.887612
vn 0.726304 -0.063422 0.684441
vn 0.382365 0.576639 0.722001
vn -0.235912 0.395575 0.887618
vn -0.235912 0.395575 0.887618
vn 0.382365 0.576639 0.722001
vn 0.207389 0.978258 -0.000000
vn -0.512207 0.858862 -0.000000
vn 0.382365 0.576638 -0.722001
vn 0.207389 0.978258 -0.000000
vn 0.382365 0.576639 0.722001
vn 0.726304 -0.063422 0.684441
vn 0.926650 -0.375926 -0.000000
vn 0.726304 -0.063422 -0.684441
s off
g lightTower lightTowerGrp lightGrp2 light1 polySurface64
usemtl SM_Light_Tower_1_JFGSG
f 1541//4841 1542//4842 1544//4843 1543//4844
f 1543//4845 1544//4846 1546//4847 1545//4848
f 1545//4849 1546//4850 1548//4851 1547//4852
f 1547//4853 1548//4854 1550//4855 1549//4856
f 1549//4857 1550//4858 1552//4859 1551//4860
f 1551//4861 1552//4862 1542//4863 1541//4864
f 1544//4865 1542//4866 1552//4867 1550//4868 1548//4869 1546//4870
g default
v 10.799199 6.817649 0.976495
v 10.799199 6.817649 1.245765
v 10.807728 6.817170 0.976495
v 10.807728 6.817170 1.245765
v 10.811634 6.808368 0.976495
v 10.811634 6.808368 1.245765
v 10.807012 6.800045 0.976495
v 10.807012 6.800045 1.245765
v 10.798483 6.800525 0.976495
v 10.798483 6.800525 1.245765
v 10.794576 6.809326 0.976495
v 10.794576 6.809326 1.245765
vn -0.512207 0.858862 -0.000000
vn -0.389019 0.652302 0.650512
vn 0.456801 0.612063 0.645533
vn 0.598117 0.801409 -0.000000
vn 0.598117 0.801409 -0.000000
vn 0.456801 0.612063 0.645533
vn 0.793462 -0.033179 0.607714
vn 0.999127 -0.041779 0.000000
vn 0.999127 -0.041779 0.000000
vn 0.793462 -0.033179 0.607714
vn 0.389019 -0.652302 0.650513
vn 0.512207 -0.858862 0.000000
vn 0.512207 -0.858862 0.000000
vn 0.389019 -0.652302 0.650513
vn -0.456802 -0.612061 0.645533
vn -0.598117 -0.801409 0.000000
vn -0.598117 -0.801409 0.000000
vn -0.456802 -0.612061 0.645533
vn -0.793463 0.033180 0.607714
vn -0.999127 0.041779 -0.000000
vn -0.999127 0.041779 -0.000000
vn -0.793463 0.033180 0.607714
vn -0.389019 0.652302 0.650512
vn -0.512207 0.858862 -0.000000
vn 0.456801 0.612063 0.645533
vn -0.389019 0.652302 0.650512
vn -0.793463 0.033180 0.607714
vn -0.456802 -0.612061 0.645533
vn 0.389019 -0.652302 0.650513
vn 0.793462 -0.033179 0.607714
s off
g lightTower lightTowerGrp lightGrp2 light1 polySurface65
usemtl SM_Light_Tower_1_JFGSG
f 1553//4871 1554//4872 1556//4873 1555//4874
f 1555//4875 1556//4876 1558//4877 1557//4878
f 1557//4879 1558//4880 1560//4881 1559//4882
f 1559//4883 1560//4884 1562//4885 1561//4886
f 1561//4887 1562//4888 1564//4889 1563//4890
f 1563//4891 1564//4892 1554//4893 1553//4894
f 1556//4895 1554//4896 1564//4897 1562//4898 1560//4899 1558//4900
g default
v 10.964042 6.342157 1.252029
v 10.985057 6.358586 1.252029
v 10.966547 6.336511 1.242482
v 10.988287 6.351308 1.239722
v 10.971559 6.325219 1.242482
v 10.994747 6.336752 1.239722
v 10.974065 6.319574 1.252029
v 10.997978 6.329474 1.252029
v 10.971559 6.325219 1.261575
v 10.994747 6.336752 1.264335
v 10.966547 6.336511 1.261575
v 10.988287 6.351308 1.264335
v 10.663175 6.890326 1.252029
v 10.730120 6.930421 1.252029
v 10.665356 6.885411 1.243718
v 10.732331 6.925439 1.243605
v 10.669719 6.875582 1.243718
v 10.736754 6.915475 1.243605
v 10.671900 6.870667 1.252029
v 10.738965 6.910493 1.252029
v 10.669719 6.875582 1.260339
v 10.736754 6.915475 1.260452
v 10.665356 6.885411 1.260339
v 10.732331 6.925439 1.260452
v 10.982268 6.366560 1.252029
v 10.742564 6.906644 1.252029
v 10.987968 6.369960 1.240857
v 10.748264 6.910044 1.240857
v 10.999368 6.376758 1.240857
v 10.759663 6.916842 1.240857
v 11.005068 6.380157 1.252029
v 10.765363 6.920241 1.252029
v 10.999368 6.376758 1.263201
v 10.759663 6.916842 1.263201
v 10.987968 6.369960 1.263201
v 10.748264 6.910044 1.263201
v 10.987842 6.357995 1.252029
v 10.994492 6.356756 1.263768
v 11.013079 6.352118 1.263768
v 11.019729 6.350879 1.252029
v 11.013079 6.352118 1.240290
v 10.994492 6.356756 1.240290
v 10.753804 6.938104 1.242231
v 10.743626 6.916581 1.242231
v 10.741881 6.912390 1.252029
v 10.743626 6.916581 1.261826
v 10.753804 6.938104 1.261826
v 10.755549 6.942294 1.252029
vn -0.615890 0.787832 -0.000000
vn -0.542306 0.840181 -0.000000
vn -0.264406 0.379169 -0.886747
vn -0.344047 0.342421 -0.874288
vn -0.344047 0.342421 -0.874288
vn -0.264406 0.379169 -0.886747
vn 0.248152 -0.415341 -0.875164
vn 0.116278 -0.446157 -0.887369
vn 0.116278 -0.446157 -0.887369
vn 0.248152 -0.415341 -0.875164
vn 0.543044 -0.839704 -0.000001
vn 0.382525 -0.923945 -0.000001
vn 0.382525 -0.923945 -0.000001
vn 0.543044 -0.839704 -0.000001
vn 0.248153 -0.415341 0.875164
vn 0.116281 -0.446157 0.887368
vn 0.116281 -0.446157 0.887368
vn 0.248153 -0.415341 0.875164
vn -0.264405 0.379170 0.886747
vn -0.344046 0.342420 0.874289
vn -0.344046 0.342420 0.874289
vn -0.264405 0.379170 0.886747
vn -0.542306 0.840181 -0.000000
vn -0.615890 0.787832 -0.000000
vn -0.513811 0.857903 -0.000000
vn -0.493718 0.869622 0.000000
vn -0.272538 0.430098 -0.860662
vn -0.237475 0.394833 -0.887532
vn -0.237475 0.394833 -0.887532
vn -0.272538 0.430098 -0.860662
vn 0.131216 -0.414833 -0.900387
vn 0.234355 -0.396323 -0.887697
vn 0.234355 -0.396323 -0.887697
vn 0.131216 -0.414833 -0.900387
vn 0.372811 -0.927907 0.000000
vn 0.510603 -0.859816 0.000000
vn 0.510603 -0.859816 0.000000
vn 0.372811 -0.927907 0.000000
vn 0.131215 -0.414832 0.900387
vn 0.234356 -0.396323 0.887697
vn 0.234356 -0.396323 0.887697
vn 0.131215 -0.414832 0.900387
vn -0.272538 0.430099 0.860661
vn -0.237475 0.394833 0.887532
vn -0.237475 0.394833 0.887532
vn -0.272538 0.430099 0.860661
vn -0.493718 0.869622 0.000000
vn -0.513811 0.857903 -0.000000
vn -0.897872 -0.440256 0.000000
vn -0.924759 -0.380552 0.000000
vn -0.461641 -0.156788 -0.873101
vn -0.459528 -0.217849 -0.861032
vn -0.459528 -0.217849 -0.861032
vn -0.461641 -0.156788 -0.873101
vn 0.426875 0.208472 -0.879953
vn 0.440720 0.223983 -0.869251
vn 0.440720 0.223983 -0.869251
vn 0.426875 0.208472 -0.879953
vn 0.925476 0.378806 -0.000000
vn 0.898638 0.438691 0.000000
vn 0.898638 0.438691 0.000000
vn 0.925476 0.378806 -0.000000
vn 0.426875 0.208473 0.879953
vn 0.440720 0.223984 0.869251
vn 0.440720 0.223984 0.869251
vn 0.426875 0.208473 0.879953
vn -0.461641 -0.156787 0.873101
vn -0.459528 -0.217849 0.861032
vn -0.459528 -0.217849 0.861032
vn -0.461641 -0.156787 0.873101
vn -0.924759 -0.380552 0.000000
vn -0.897872 -0.440256 0.000000
vn 0.211945 0.557362 -0.802762
vn -0.270618 -0.223408 -0.936405
vn 0.131216 -0.414833 -0.900387
vn -0.272538 0.430098 -0.860662
vn -0.270618 -0.223408 -0.936405
vn -0.513777 -0.857924 0.000000
vn 0.372811 -0.927907 0.000000
vn 0.131216 -0.414833 -0.900387
vn -0.513777 -0.857924 0.000000
vn -0.270619 -0.223406 0.936405
vn 0.131215 -0.414832 0.900387
vn 0.372811 -0.927907 0.000000
vn -0.270619 -0.223406 0.936405
vn 0.211944 0.557362 0.802762
vn -0.272538 0.430099 0.860661
vn 0.131215 -0.414832 0.900387
vn 0.211944 0.557362 0.802762
vn 0.414642 0.909985 0.000000
vn -0.493718 0.869622 0.000000
vn -0.272538 0.430099 0.860661
vn 0.414642 0.909985 0.000000
vn 0.211945 0.557362 -0.802762
vn -0.272538 0.430098 -0.860662
vn -0.493718 0.869622 0.000000
vn -0.459528 -0.217849 -0.861032
vn 0.440720 0.223983 -0.869251
vn 0.605577 -0.087313 -0.790983
vn -0.231347 0.097036 -0.968020
vn 0.440720 0.223983 -0.869251
vn 0.898638 0.438691 0.000000
vn 0.989299 -0.145903 -0.000000
vn 0.605577 -0.087313 -0.790983
vn 0.898638 0.438691 0.000000
vn 0.440720 0.223984 0.869251
vn 0.605577 -0.087313 0.790983
vn 0.989299 -0.145903 -0.000000
vn 0.440720 0.223984 0.869251
vn -0.459528 -0.217849 0.861032
vn -0.231347 0.097036 0.968020
vn 0.605577 -0.087313 0.790983
vn -0.459528 -0.217849 0.861032
vn -0.897872 -0.440256 0.000000
vn -0.951890 0.306439 -0.000000
vn -0.231347 0.097036 0.968020
vn -0.897872 -0.440256 0.000000
vn -0.459528 -0.217849 -0.861032
vn -0.231347 0.097036 -0.968020
vn -0.951890 0.306439 -0.000000
vn -0.231347 0.097036 0.968020
vn -0.951890 0.306439 -0.000000
vn -0.542306 0.840181 -0.000000
vn -0.264405 0.379170 0.886747
vn 0.605577 -0.087313 0.790983
vn -0.231347 0.097036 0.968020
vn -0.264405 0.379170 0.886747
vn 0.248153 -0.415341 0.875164
vn 0.989299 -0.145903 -0.000000
vn 0.605577 -0.087313 0.790983
vn 0.248153 -0.415341 0.875164
vn 0.543044 -0.839704 -0.000001
vn 0.605577 -0.087313 -0.790983
vn 0.989299 -0.145903 -0.000000
vn 0.543044 -0.839704 -0.000001
vn 0.248152 -0.415341 -0.875164
vn -0.231347 0.097036 -0.968020
vn 0.605577 -0.087313 -0.790983
vn 0.248152 -0.415341 -0.875164
vn -0.264406 0.379169 -0.886747
vn -0.951890 0.306439 -0.000000
vn -0.231347 0.097036 -0.968020
vn -0.264406 0.379169 -0.886747
vn -0.542306 0.840181 -0.000000
vn 0.925476 0.378806 -0.000000
vn 0.426875 0.208472 -0.879953
vn 0.211945 0.557362 -0.802762
vn 0.414642 0.909985 0.000000
vn 0.426875 0.208473 0.879953
vn 0.925476 0.378806 -0.000000
vn 0.414642 0.909985 0.000000
vn 0.211944 0.557362 0.802762
vn -0.461641 -0.156787 0.873101
vn 0.426875 0.208473 0.879953
vn 0.211944 0.557362 0.802762
vn -0.270619 -0.223406 0.936405
vn -0.924759 -0.380552 0.000000
vn -0.461641 -0.156787 0.873101
vn -0.270619 -0.223406 0.936405
vn -0.513777 -0.857924 0.000000
vn -0.461641 -0.156788 -0.873101
vn -0.924759 -0.380552 0.000000
vn -0.513777 -0.857924 0.000000
vn -0.270618 -0.223408 -0.936405
vn 0.426875 0.208472 -0.879953
vn -0.461641 -0.156788 -0.873101
vn -0.270618 -0.223408 -0.936405
vn 0.211945 0.557362 -0.802762
s off
g lightTower lightTowerGrp lightGrp2 light1 polySurface97
usemtl SM_Light_Tower_1_JFGSG
f 1565//4901 1566//4902 1568//4903 1567//4904
f 1567//4905 1568//4906 1570//4907 1569//4908
f 1569//4909 1570//4910 1572//4911 1571//4912
f 1571//4913 1572//4914 1574//4915 1573//4916
f 1573//4917 1574//4918 1576//4919 1575//4920
f 1575//4921 1576//4922 1566//4923 1565//4924
f 1577//4925 1578//4926 1580//4927 1579//4928
f 1579//4929 1580//4930 1582//4931 1581//4932
f 1581//4933 1582//4934 1584//4935 1583//4936
f 1583//4937 1584//4938 1586//4939 1585//4940
f 1585//4941 1586//4942 1588//4943 1587//4944
f 1587//4945 1588//4946 1578//4947 1577//4948
f 1589//4949 1590//4950 1592//4951 1591//4952
f 1591//4953 1592//4954 1594//4955 1593//4956
f 1593//4957 1594//4958 1596//4959 1595//4960
f 1595//4961 1596//4962 1598//4963 1597//4964
f 1597//4965 1598//4966 1600//4967 1599//4968
f 1599//4969 1600//4970 1590//4971 1589//4972
f 1607//4973 1608//4974 1582//4975 1580//4976
f 1608//4977 1609//4978 1584//4979 1582//4980
f 1609//4981 1610//4982 1586//4983 1584//4984
f 1610//4985 1611//4986 1588//4987 1586//4988
f 1611//4989 1612//4990 1578//4991 1588//4992
f 1612//4993 1607//4994 1580//4995 1578//4996
f 1591//4997 1593//4998 1605//4999 1606//5000
f 1593//5001 1595//5002 1604//5003 1605//5004
f 1595//5005 1597//5006 1603//5007 1604//5008
f 1597//5009 1599//5010 1602//5011 1603//5012
f 1599//5013 1589//5014 1601//5015 1602//5016
f 1589//5017 1591//5018 1606//5019 1601//5020
f 1602//5021 1601//5022 1566//5023 1576//5024
f 1603//5025 1602//5026 1576//5027 1574//5028
f 1604//5029 1603//5030 1574//5031 1572//5032
f 1605//5033 1604//5034 1572//5035 1570//5036
f 1606//5037 1605//5038 1570//5039 1568//5040
f 1601//5041 1606//5042 1568//5043 1566//5044
f 1596//5045 1594//5046 1607//5047 1612//5048
f 1598//5049 1596//5050 1612//5051 1611//5052
f 1600//5053 1598//5054 1611//5055 1610//5056
f 1590//5057 1600//5058 1610//5059 1609//5060
f 1592//5061 1590//5062 1609//5063 1608//5064
f 1594//5065 1592//5066 1608//5067 1607//5068
g default
v 10.724291 6.770623 1.244376
v 10.793918 6.812147 1.244376
v 10.725994 6.766786 1.237888
v 10.795621 6.808310 1.237888
v 10.729400 6.759113 1.237888
v 10.799027 6.800637 1.237888
v 10.731102 6.755276 1.244376
v 10.800729 6.796800 1.244376
v 10.729399 6.759113 1.250864
v 10.799027 6.800637 1.250864
v 10.725994 6.766786 1.250864
v 10.795621 6.808310 1.250864
vn -0.512207 0.858862 -0.000000
vn 0.207391 0.978258 -0.000000
vn 0.382363 0.576641 -0.722000
vn -0.235914 0.395578 -0.887616
vn -0.235914 0.395578 -0.887616
vn 0.382363 0.576641 -0.722000
vn 0.726304 -0.063421 -0.684442
vn 0.235917 -0.395583 -0.887613
vn 0.235917 -0.395583 -0.887613
vn 0.726304 -0.063421 -0.684442
vn 0.926650 -0.375926 0.000003
vn 0.512207 -0.858862 0.000004
vn 0.512207 -0.858862 0.000004
vn 0.926650 -0.375926 0.000003
vn 0.726303 -0.063420 0.684443
vn 0.235916 -0.395580 0.887615
vn 0.235916 -0.395580 0.887615
vn 0.726303 -0.063420 0.684443
vn 0.382363 0.576642 0.722000
vn -0.235914 0.395578 0.887616
vn -0.235914 0.395578 0.887616
vn 0.382363 0.576642 0.722000
vn 0.207391 0.978258 -0.000000
vn -0.512207 0.858862 -0.000000
vn 0.382363 0.576641 -0.722000
vn 0.207391 0.978258 -0.000000
vn 0.382363 0.576642 0.722000
vn 0.726303 -0.063420 0.684443
vn 0.926650 -0.375926 0.000003
vn 0.726304 -0.063421 -0.684442
s off
g lightTower lightTowerGrp lightGrp2 light1 polySurface61
usemtl SM_Light_Tower_1_JFGSG
f 1613//5069 1614//5070 1616//5071 1615//5072
f 1615//5073 1616//5074 1618//5075 1617//5076
f 1617//5077 1618//5078 1620//5079 1619//5080
f 1619//5081 1620//5082 1622//5083 1621//5084
f 1621//5085 1622//5086 1624//5087 1623//5088
f 1623//5089 1624//5090 1614//5091 1613//5092
f 1616//5093 1614//5094 1624//5095 1622//5096 1620//5097 1618//5098
g default
v 10.893528 6.520044 1.130729
v 10.891926 6.523653 1.130729
v 10.893528 6.520044 1.087458
v 10.891926 6.523653 1.087458
v 10.906989 6.528118 1.130135
v 10.907352 6.532947 1.130135
v 10.906358 6.527742 1.088023
v 10.906722 6.532570 1.088023
vn -0.258493 -0.727868 0.635129
vn -0.623096 -0.284721 0.728481
vn -0.623123 -0.284697 -0.728468
vn -0.258581 -0.727869 -0.635093
vn -0.258581 -0.727869 -0.635093
vn -0.623123 -0.284697 -0.728468
vn 0.843383 -0.059072 -0.534056
vn 0.685209 -0.388629 -0.616000
vn 0.685209 -0.388629 -0.616000
vn 0.843383 -0.059072 -0.534056
vn 0.851305 -0.059560 0.521280
vn 0.693012 -0.385444 0.609236
vn 0.693012 -0.385444 0.609236
vn 0.851305 -0.059560 0.521280
vn -0.623096 -0.284721 0.728481
vn -0.258493 -0.727868 0.635129
vn -0.258581 -0.727869 -0.635093
vn 0.685209 -0.388629 -0.616000
vn 0.693012 -0.385444 0.609236
vn -0.258493 -0.727868 0.635129
s off
g lightTower lightTowerGrp lightGrp2 light1 polySurface9
usemtl SM_Light_Tower_1_JFGSG
f 1625//5099 1626//5100 1628//5101 1627//5102
f 1627//5103 1628//5104 1632//5105 1631//5106
f 1631//5107 1632//5108 1630//5109 1629//5110
f 1629//5111 1630//5112 1626//5113 1625//5114
f 1627//5115 1631//5116 1629//5117 1625//5118
g default
v 10.691990 6.757005 0.976290
v 10.709268 6.767309 0.976290
v 10.694715 6.750865 0.965909
v 10.711993 6.761169 0.965909
v 10.700165 6.738586 0.965909
v 10.717443 6.748890 0.965909
v 10.702890 6.732446 0.976290
v 10.720168 6.742750 0.976290
v 10.700165 6.738586 0.986672
v 10.717443 6.748890 0.986672
v 10.694715 6.750865 0.986672
v 10.711993 6.761169 0.986672
vn -0.926649 0.375929 0.000000
vn 0.207392 0.978258 -0.000000
vn 0.382362 0.576642 -0.722000
vn -0.726303 0.063418 -0.684443
vn -0.726303 0.063418 -0.684443
vn 0.382362 0.576642 -0.722000
vn 0.726302 -0.063418 -0.684443
vn -0.382362 -0.576642 -0.721999
vn -0.382362 -0.576642 -0.721999
vn 0.726302 -0.063418 -0.684443
vn 0.926649 -0.375929 -0.000000
vn -0.207392 -0.978258 0.000000
vn -0.207392 -0.978258 0.000000
vn 0.926649 -0.375929 -0.000000
vn 0.726303 -0.063418 0.684443
vn -0.382362 -0.576642 0.722000
vn 0.382362 0.576642 -0.722000
vn 0.207392 0.978258 -0.000000
vn 0.382362 0.576642 0.721999
vn 0.726303 -0.063418 0.684443
vn 0.926649 -0.375929 -0.000000
vn 0.726302 -0.063418 -0.684443
vn -0.382362 -0.576642 0.722000
vn 0.726303 -0.063418 0.684443
vn 0.382362 0.576642 0.721999
vn -0.726302 0.063418 0.684444
vn -0.726302 0.063418 0.684444
vn 0.382362 0.576642 0.721999
vn 0.207392 0.978258 -0.000000
vn -0.926649 0.375929 0.000000
vn -0.926649 0.375929 0.000000
vn -0.726303 0.063418 -0.684443
vn -0.382362 -0.576642 -0.721999
vn -0.207392 -0.978258 0.000000
vn -0.382362 -0.576642 0.722000
vn -0.726302 0.063418 0.684444
s off
g lightTower lightTowerGrp lightGrp2 light1 polySurface63
usemtl SM_Light_Tower_1_JFGSG
f 1633//5119 1634//5120 1636//5121 1635//5122
f 1635//5123 1636//5124 1638//5125 1637//5126
f 1637//5127 1638//5128 1640//5129 1639//5130
f 1639//5131 1640//5132 1642//5133 1641//5134
f 1636//5135 1634//5136 1644//5137 1642//5138 1640//5139 1638//5140
f 1641//5141 1642//5142 1644//5143 1643//5144
f 1643//5145 1644//5146 1634//5147 1633//5148
f 1633//5149 1635//5150 1637//5151 1639//5152 1641//5153 1643//5154
g default
v 10.877654 6.541843 1.211400
v 10.781659 6.758131 1.211400
v 10.877654 6.541843 1.016661
v 10.781659 6.758131 1.016661
v 10.859950 6.531285 1.211400
v 10.763955 6.747573 1.211400
v 10.859950 6.531285 1.016661
v 10.763955 6.747573 1.016661
v 10.747889 6.725151 1.024260
v 10.834871 6.529169 1.024260
v 10.834871 6.529169 1.206356
v 10.747889 6.725151 1.206356
v 10.736111 6.683421 1.035767
v 10.798734 6.542323 1.035767
v 10.798734 6.542323 1.194642
v 10.736111 6.683421 1.194642
v 10.735516 6.643947 1.053431
v 10.770682 6.564714 1.053431
v 10.770682 6.564714 1.176461
v 10.735516 6.643947 1.176461
vn 0.342389 -0.574113 -0.743750
vn 0.132102 -0.668697 -0.731706
vn -0.534436 0.464624 -0.706048
vn -0.342389 0.574112 -0.743751
vn 0.132102 -0.668697 -0.731706
vn -0.260319 -0.730832 -0.630967
vn -0.779346 0.224550 -0.584976
vn -0.534436 0.464624 -0.706048
vn 0.160410 -0.668017 0.726651
vn 0.342389 -0.574112 0.743751
vn -0.342389 0.574113 0.743750
vn -0.519605 0.484973 0.703429
vn 0.342389 -0.574113 -0.743750
vn 0.342389 -0.574112 0.743751
vn 0.160410 -0.668017 0.726651
vn 0.132102 -0.668697 -0.731706
vn -0.534436 0.464624 -0.706048
vn -0.519605 0.484973 0.703429
vn -0.342389 0.574113 0.743750
vn -0.342389 0.574112 -0.743751
vn -0.749262 0.236565 0.618582
vn -0.850117 -0.008964 0.526518
vn -0.535973 -0.630581 0.561339
vn -0.228116 -0.712113 0.663972
vn -0.519605 0.484973 0.703429
vn -0.749262 0.236565 0.618582
vn -0.228116 -0.712113 0.663972
vn 0.160410 -0.668017 0.726651
vn 0.160410 -0.668017 0.726651
vn -0.228116 -0.712113 0.663972
vn -0.260319 -0.730832 -0.630967
vn 0.132102 -0.668697 -0.731706
vn -0.534436 0.464624 -0.706048
vn -0.779346 0.224550 -0.584976
vn -0.749262 0.236565 0.618582
vn -0.519605 0.484973 0.703429
vn -0.848403 -0.007150 -0.529303
vn -0.922821 -0.238378 -0.302617
vn -0.924857 -0.238856 0.295952
vn -0.850117 -0.008964 0.526518
vn -0.228116 -0.712113 0.663972
vn -0.535973 -0.630581 0.561339
vn -0.533071 -0.630405 -0.564292
vn -0.260319 -0.730832 -0.630967
vn -0.779346 0.224550 -0.584976
vn -0.848403 -0.007150 -0.529303
vn -0.850117 -0.008964 0.526518
vn -0.749262 0.236565 0.618582
vn -0.260319 -0.730832 -0.630967
vn -0.533071 -0.630405 -0.564292
vn -0.848403 -0.007150 -0.529303
vn -0.779346 0.224550 -0.584976
vn -0.789308 -0.527797 -0.313725
vn -0.791140 -0.529083 0.306868
vn -0.924857 -0.238856 0.295952
vn -0.922821 -0.238378 -0.302617
vn -0.533071 -0.630405 -0.564292
vn -0.789308 -0.527797 -0.313725
vn -0.922821 -0.238378 -0.302617
vn -0.848403 -0.007150 -0.529303
vn -0.850117 -0.008964 0.526518
vn -0.924857 -0.238856 0.295952
vn -0.791140 -0.529083 0.306868
vn -0.535973 -0.630581 0.561339
vn -0.535973 -0.630581 0.561339
vn -0.791140 -0.529083 0.306868
vn -0.789308 -0.527797 -0.313725
vn -0.533071 -0.630405 -0.564292
s off
g lightTower lightTowerGrp lightGrp2 light1 polySurface8
usemtl SM_Light_Tower_1_JFGSG
f 1647//5155 1651//5156 1652//5157 1648//5158
f 1651//5159 1654//5160 1653//5161 1652//5162
f 1649//5163 1645//5164 1646//5165 1650//5166
f 1647//5167 1645//5168 1649//5169 1651//5170
f 1652//5171 1650//5172 1646//5173 1648//5174
f 1656//5175 1660//5176 1659//5177 1655//5178
f 1650//5179 1656//5180 1655//5181 1649//5182
f 1649//5183 1655//5184 1654//5185 1651//5186
f 1652//5187 1653//5188 1656//5189 1650//5190
f 1657//5191 1661//5192 1664//5193 1660//5194
f 1655//5195 1659//5196 1658//5197 1654//5198
f 1653//5199 1657//5200 1660//5201 1656//5202
f 1654//5203 1658//5204 1657//5205 1653//5206
f 1662//5207 1663//5208 1664//5209 1661//5210
f 1658//5211 1662//5212 1661//5213 1657//5214
f 1660//5215 1664//5216 1663//5217 1659//5218
f 1659//5219 1663//5220 1662//5221 1658//5222
g default
v 10.962341 6.341759 0.971755
v 10.985057 6.358586 0.971755
v 10.964996 6.335778 0.961641
v 10.988287 6.351308 0.959449
v 10.970306 6.323815 0.961641
v 10.994747 6.336752 0.959449
v 10.972960 6.317833 0.971755
v 10.997978 6.329474 0.971755
v 10.970306 6.323815 0.981869
v 10.994747 6.336752 0.984061
v 10.964996 6.335778 0.981869
v 10.988287 6.351308 0.984061
v 10.663175 6.890326 0.971755
v 10.730120 6.930421 0.971755
v 10.665356 6.885411 0.963445
v 10.732331 6.925439 0.963331
v 10.669719 6.875582 0.963445
v 10.736754 6.915475 0.963331
v 10.671900 6.870667 0.971755
v 10.738965 6.910493 0.971755
v 10.669719 6.875582 0.980066
v 10.736754 6.915475 0.980179
v 10.665356 6.885411 0.980066
v 10.732331 6.925439 0.980179
v 10.982268 6.366560 0.971755
v 10.742564 6.906644 0.971755
v 10.987968 6.369959 0.960583
v 10.748264 6.910043 0.960583
v 10.999368 6.376758 0.960583
v 10.759663 6.916842 0.960583
v 11.005068 6.380157 0.971755
v 10.765363 6.920241 0.971755
v 10.999368 6.376758 0.982927
v 10.759663 6.916842 0.982927
v 10.987968 6.369959 0.982927
v 10.748264 6.910043 0.982927
v 10.987842 6.357995 0.971755
v 10.994492 6.356756 0.983494
v 11.013079 6.352118 0.983494
v 11.019729 6.350879 0.971755
v 11.013079 6.352118 0.960016
v 10.994492 6.356756 0.960016
v 10.753804 6.938104 0.961957
v 10.743626 6.916581 0.961957
v 10.741881 6.912390 0.971755
v 10.743626 6.916581 0.981553
v 10.753804 6.938104 0.981553
v 10.755549 6.942294 0.971755
vn -0.595221 0.803562 -0.000001
vn -0.530626 0.847606 0.000000
vn -0.252589 0.385796 -0.887333
vn -0.318814 0.354049 -0.879208
vn -0.318814 0.354049 -0.879208
vn -0.252589 0.385796 -0.887333
vn 0.263123 -0.407088 -0.874669
vn 0.150080 -0.434059 -0.888295
vn 0.150080 -0.434059 -0.888295
vn 0.263123 -0.407088 -0.874669
vn 0.559539 -0.828804 0.000001
vn 0.421868 -0.906657 0.000000
vn 0.421868 -0.906657 0.000000
vn 0.559539 -0.828804 0.000001
vn 0.263120 -0.407089 0.874670
vn 0.150078 -0.434060 0.888295
vn 0.150078 -0.434060 0.888295
vn 0.263120 -0.407089 0.874670
vn -0.252585 0.385798 0.887334
vn -0.318818 0.354048 0.879207
vn -0.318818 0.354048 0.879207
vn -0.252585 0.385798 0.887334
vn -0.530626 0.847606 0.000000
vn -0.595221 0.803562 -0.000001
vn -0.513813 0.857902 0.000000
vn -0.493715 0.869624 0.000000
vn -0.272537 0.430099 -0.860662
vn -0.237475 0.394832 -0.887532
vn -0.237475 0.394832 -0.887532
vn -0.272537 0.430099 -0.860662
vn 0.131206 -0.414836 -0.900387
vn 0.234356 -0.396324 -0.887697
vn 0.234356 -0.396324 -0.887697
vn 0.131206 -0.414836 -0.900387
vn 0.372791 -0.927915 0.000000
vn 0.510604 -0.859816 0.000000
vn 0.510604 -0.859816 0.000000
vn 0.372791 -0.927915 0.000000
vn 0.131206 -0.414835 0.900387
vn 0.234356 -0.396322 0.887697
vn 0.234356 -0.396322 0.887697
vn 0.131206 -0.414835 0.900387
vn -0.272537 0.430099 0.860661
vn -0.237476 0.394833 0.887532
vn -0.237476 0.394833 0.887532
vn -0.272537 0.430099 0.860661
vn -0.493715 0.869624 0.000000
vn -0.513813 0.857902 0.000000
vn -0.897873 -0.440255 0.000000
vn -0.924759 -0.380553 0.000000
vn -0.461641 -0.156788 -0.873101
vn -0.459528 -0.217849 -0.861032
vn -0.459528 -0.217849 -0.861032
vn -0.461641 -0.156788 -0.873101
vn 0.426875 0.208472 -0.879953
vn 0.440720 0.223983 -0.869251
vn 0.440720 0.223983 -0.869251
vn 0.426875 0.208472 -0.879953
vn 0.925476 0.378806 0.000000
vn 0.898638 0.438691 0.000000
vn 0.898638 0.438691 0.000000
vn 0.925476 0.378806 0.000000
vn 0.426875 0.208472 0.879953
vn 0.440720 0.223984 0.869251
vn 0.440720 0.223984 0.869251
vn 0.426875 0.208472 0.879953
vn -0.461640 -0.156788 0.873101
vn -0.459528 -0.217848 0.861032
vn -0.459528 -0.217848 0.861032
vn -0.461640 -0.156788 0.873101
vn -0.924759 -0.380553 0.000000
vn -0.897873 -0.440255 0.000000
vn 0.211947 0.557362 -0.802761
vn -0.270626 -0.223408 -0.936403
vn 0.131206 -0.414836 -0.900387
vn -0.272537 0.430099 -0.860662
vn -0.270626 -0.223408 -0.936403
vn -0.513793 -0.857914 0.000000
vn 0.372791 -0.927915 0.000000
vn 0.131206 -0.414836 -0.900387
vn -0.513793 -0.857914 0.000000
vn -0.270626 -0.223408 0.936403
vn 0.131206 -0.414835 0.900387
vn 0.372791 -0.927915 0.000000
vn -0.270626 -0.223408 0.936403
vn 0.211948 0.557362 0.802761
vn -0.272537 0.430099 0.860661
vn 0.131206 -0.414835 0.900387
vn 0.211948 0.557362 0.802761
vn 0.414646 0.909983 0.000000
vn -0.493715 0.869624 0.000000
vn -0.272537 0.430099 0.860661
vn 0.414646 0.909983 0.000000
vn 0.211947 0.557362 -0.802761
vn -0.272537 0.430099 -0.860662
vn -0.493715 0.869624 0.000000
vn -0.459528 -0.217849 -0.861032
vn 0.440720 0.223983 -0.869251
vn 0.605577 -0.087313 -0.790982
vn -0.231347 0.097036 -0.968020
vn 0.440720 0.223983 -0.869251
vn 0.898638 0.438691 0.000000
vn 0.989299 -0.145904 0.000000
vn 0.605577 -0.087313 -0.790982
vn 0.898638 0.438691 0.000000
vn 0.440720 0.223984 0.869251
vn 0.605575 -0.087314 0.790984
vn 0.989299 -0.145904 0.000000
vn 0.440720 0.223984 0.869251
vn -0.459528 -0.217848 0.861032
vn -0.231342 0.097038 0.968021
vn 0.605575 -0.087314 0.790984
vn -0.459528 -0.217848 0.861032
vn -0.897873 -0.440255 0.000000
vn -0.951888 0.306446 -0.000000
vn -0.231342 0.097038 0.968021
vn -0.897873 -0.440255 0.000000
vn -0.459528 -0.217849 -0.861032
vn -0.231347 0.097036 -0.968020
vn -0.951888 0.306446 -0.000000
vn -0.231342 0.097038 0.968021
vn -0.951888 0.306446 -0.000000
vn -0.530626 0.847606 0.000000
vn -0.252585 0.385798 0.887334
vn 0.605575 -0.087314 0.790984
vn -0.231342 0.097038 0.968021
vn -0.252585 0.385798 0.887334
vn 0.263120 -0.407089 0.874670
vn 0.989299 -0.145904 0.000000
vn 0.605575 -0.087314 0.790984
vn 0.263120 -0.407089 0.874670
vn 0.559539 -0.828804 0.000001
vn 0.605577 -0.087313 -0.790982
vn 0.989299 -0.145904 0.000000
vn 0.559539 -0.828804 0.000001
vn 0.263123 -0.407088 -0.874669
vn -0.231347 0.097036 -0.968020
vn 0.605577 -0.087313 -0.790982
vn 0.263123 -0.407088 -0.874669
vn -0.252589 0.385796 -0.887333
vn -0.951888 0.306446 -0.000000
vn -0.231347 0.097036 -0.968020
vn -0.252589 0.385796 -0.887333
vn -0.530626 0.847606 0.000000
vn 0.925476 0.378806 0.000000
vn 0.426875 0.208472 -0.879953
vn 0.211947 0.557362 -0.802761
vn 0.414646 0.909983 0.000000
vn 0.426875 0.208472 0.879953
vn 0.925476 0.378806 0.000000
vn 0.414646 0.909983 0.000000
vn 0.211948 0.557362 0.802761
vn -0.461640 -0.156788 0.873101
vn 0.426875 0.208472 0.879953
vn 0.211948 0.557362 0.802761
vn -0.270626 -0.223408 0.936403
vn -0.924759 -0.380553 0.000000
vn -0.461640 -0.156788 0.873101
vn -0.270626 -0.223408 0.936403
vn -0.513793 -0.857914 0.000000
vn -0.461641 -0.156788 -0.873101
vn -0.924759 -0.380553 0.000000
vn -0.513793 -0.857914 0.000000
vn -0.270626 -0.223408 -0.936403
vn 0.426875 0.208472 -0.879953
vn -0.461641 -0.156788 -0.873101
vn -0.270626 -0.223408 -0.936403
vn 0.211947 0.557362 -0.802761
s off
g lightTower lightTowerGrp lightGrp2 light1 polySurface95
usemtl SM_Light_Tower_1_JFGSG
f 1665//5223 1666//5224 1668//5225 1667//5226
f 1667//5227 1668//5228 1670//5229 1669//5230
f 1669//5231 1670//5232 1672//5233 1671//5234
f 1671//5235 1672//5236 1674//5237 1673//5238
f 1673//5239 1674//5240 1676//5241 1675//5242
f 1675//5243 1676//5244 1666//5245 1665//5246
f 1677//5247 1678//5248 1680//5249 1679//5250
f 1679//5251 1680//5252 1682//5253 1681//5254
f 1681//5255 1682//5256 1684//5257 1683//5258
f 1683//5259 1684//5260 1686//5261 1685//5262
f 1685//5263 1686//5264 1688//5265 1687//5266
f 1687//5267 1688//5268 1678//5269 1677//5270
f 1689//5271 1690//5272 1692//5273 1691//5274
f 1691//5275 1692//5276 1694//5277 1693//5278
f 1693//5279 1694//5280 1696//5281 1695//5282
f 1695//5283 1696//5284 1698//5285 1697//5286
f 1697//5287 1698//5288 1700//5289 1699//5290
f 1699//5291 1700//5292 1690//5293 1689//5294
f 1707//5295 1708//5296 1682//5297 1680//5298
f 1708//5299 1709//5300 1684//5301 1682//5302
f 1709//5303 1710//5304 1686//5305 1684//5306
f 1710//5307 1711//5308 1688//5309 1686//5310
f 1711//5311 1712//5312 1678//5313 1688//5314
f 1712//5315 1707//5316 1680//5317 1678//5318
f 1691//5319 1693//5320 1705//5321 1706//5322
f 1693//5323 1695//5324 1704//5325 1705//5326
f 1695//5327 1697//5328 1703//5329 1704//5330
f 1697//5331 1699//5332 1702//5333 1703//5334
f 1699//5335 1689//5336 1701//5337 1702//5338
f 1689//5339 1691//5340 1706//5341 1701//5342
f 1702//5343 1701//5344 1666//5345 1676//5346
f 1703//5347 1702//5348 1676//5349 1674//5350
f 1704//5351 1703//5352 1674//5353 1672//5354
f 1705//5355 1704//5356 1672//5357 1670//5358
f 1706//5359 1705//5360 1670//5361 1668//5362
f 1701//5363 1706//5364 1668//5365 1666//5366
f 1696//5367 1694//5368 1707//5369 1712//5370
f 1698//5371 1696//5372 1712//5373 1711//5374
f 1700//5375 1698//5376 1711//5377 1710//5378
f 1690//5379 1700//5380 1710//5381 1709//5382
f 1692//5383 1690//5384 1709//5385 1708//5386
f 1694//5387 1692//5388 1708//5389 1707//5390
g default
v 10.709574 6.766167 1.244658
v 10.725378 6.775592 1.244658
v 10.712067 6.760551 1.235161
v 10.727871 6.769976 1.235161
v 10.717052 6.749318 1.235161
v 10.732856 6.758744 1.235161
v 10.719544 6.743702 1.244658
v 10.735349 6.753128 1.244658
v 10.717052 6.749318 1.254154
v 10.732856 6.758744 1.254154
v 10.712067 6.760551 1.254154
v 10.727871 6.769976 1.254154
vn -0.926649 0.375927 -0.000000
vn 0.207394 0.978257 -0.000000
vn 0.382360 0.576645 -0.721998
vn -0.726304 0.063421 -0.684442
vn -0.726304 0.063421 -0.684442
vn 0.382360 0.576645 -0.721998
vn 0.726303 -0.063418 -0.684443
vn -0.382362 -0.576643 -0.721999
vn -0.382362 -0.576643 -0.721999
vn 0.726303 -0.063418 -0.684443
vn 0.926649 -0.375928 0.000000
vn -0.207392 -0.978258 0.000000
vn -0.207392 -0.978258 0.000000
vn 0.926649 -0.375928 0.000000
vn 0.726303 -0.063418 0.684443
vn -0.382362 -0.576642 0.721999
vn 0.382360 0.576645 -0.721998
vn 0.207394 0.978257 -0.000000
vn 0.382360 0.576645 0.721998
vn 0.726303 -0.063418 0.684443
vn 0.926649 -0.375928 0.000000
vn 0.726303 -0.063418 -0.684443
vn -0.382362 -0.576642 0.721999
vn 0.726303 -0.063418 0.684443
vn 0.382360 0.576645 0.721998
vn -0.726304 0.063421 0.684442
vn -0.726304 0.063421 0.684442
vn 0.382360 0.576645 0.721998
vn 0.207394 0.978257 -0.000000
vn -0.926649 0.375927 -0.000000
vn -0.926649 0.375927 -0.000000
vn -0.726304 0.063421 -0.684442
vn -0.382362 -0.576643 -0.721999
vn -0.207392 -0.978258 0.000000
vn -0.382362 -0.576642 0.721999
vn -0.726304 0.063421 0.684442
s off
g lightTower lightTowerGrp lightGrp2 light1 polySurface62
usemtl SM_Light_Tower_1_JFGSG
f 1713//5391 1714//5392 1716//5393 1715//5394
f 1715//5395 1716//5396 1718//5397 1717//5398
f 1717//5399 1718//5400 1720//5401 1719//5402
f 1719//5403 1720//5404 1722//5405 1721//5406
f 1716//5407 1714//5408 1724//5409 1722//5410 1720//5411 1718//5412
f 1721//5413 1722//5414 1724//5415 1723//5416
f 1723//5417 1724//5418 1714//5419 1713//5420
f 1713//5421 1715//5422 1717//5423 1719//5424 1721//5425 1723//5426
g default
v 10.925551 6.334368 0.971237
v 10.957792 6.353596 0.971237
v 10.929800 6.324794 0.955048
v 10.962041 6.344022 0.955048
v 10.938299 6.305646 0.955048
v 10.970539 6.324874 0.955048
v 10.942548 6.296073 0.971237
v 10.974788 6.315300 0.971237
v 10.938299 6.305646 0.987425
v 10.970539 6.324874 0.987425
v 10.929800 6.324794 0.987425
v 10.962041 6.344022 0.987425
vn -0.926649 0.375929 -0.000000
vn 0.207391 0.978258 -0.000000
vn 0.382363 0.576641 -0.722000
vn -0.726302 0.063417 -0.684444
vn -0.726302 0.063417 -0.684444
vn 0.382363 0.576641 -0.722000
vn 0.726303 -0.063419 -0.684443
vn -0.382361 -0.576643 -0.721999
vn -0.382361 -0.576643 -0.721999
vn 0.726303 -0.063419 -0.684443
vn 0.926649 -0.375928 -0.000000
vn -0.207393 -0.978258 0.000000
vn -0.207393 -0.978258 0.000000
vn 0.926649 -0.375928 -0.000000
vn 0.726303 -0.063419 0.684443
vn -0.382361 -0.576643 0.721999
vn 0.382363 0.576641 -0.722000
vn 0.207391 0.978258 -0.000000
vn 0.382363 0.576642 0.721999
vn 0.726303 -0.063419 0.684443
vn 0.926649 -0.375928 -0.000000
vn 0.726303 -0.063419 -0.684443
vn -0.382361 -0.576643 0.721999
vn 0.726303 -0.063419 0.684443
vn 0.382363 0.576642 0.721999
vn -0.726302 0.063417 0.684444
vn -0.726302 0.063417 0.684444
vn 0.382363 0.576642 0.721999
vn 0.207391 0.978258 -0.000000
vn -0.926649 0.375929 -0.000000
vn -0.926649 0.375929 -0.000000
vn -0.726302 0.063417 -0.684444
vn -0.382361 -0.576643 -0.721999
vn -0.207393 -0.978258 0.000000
vn -0.382361 -0.576643 0.721999
vn -0.726302 0.063417 0.684444
s off
g lightTower lightTowerGrp lightGrp2 light1 polySurface38
usemtl SM_Light_Tower_1_JFGSG
f 1725//5427 1726//5428 1728//5429 1727//5430
f 1727//5431 1728//5432 1730//5433 1729//5434
f 1729//5435 1730//5436 1732//5437 1731//5438
f 1731//5439 1732//5440 1734//5441 1733//5442
f 1728//5443 1726//5444 1736//5445 1734//5446 1732//5447 1730//5448
f 1733//5449 1734//5450 1736//5451 1735//5452
f 1735//5453 1736//5454 1726//5455 1725//5456
f 1725//5457 1727//5458 1729//5459 1731//5460 1733//5461 1735//5462
g default
v 10.964505 6.334388 0.052434
v 10.964505 6.334389 1.311607
v 10.963767 6.316725 0.052434
v 10.963767 6.316726 1.311607
v 10.950201 6.308635 0.052434
v 10.950201 6.308635 1.311607
v 10.937375 6.318208 0.052434
v 10.937375 6.318208 1.311607
v 10.938113 6.335871 0.052434
v 10.938113 6.335872 1.311607
v 10.951679 6.343961 0.052434
v 10.951679 6.343962 1.311607
vn 0.818429 0.363242 -0.445231
vn 0.818429 0.363242 0.445230
vn 0.780987 -0.433780 0.449327
vn 0.780987 -0.433780 -0.449327
vn 0.780987 -0.433780 -0.449327
vn 0.780987 -0.433780 0.449327
vn -0.048936 -0.870939 0.488949
vn -0.048936 -0.870939 -0.488949
vn -0.048936 -0.870939 -0.488949
vn -0.048936 -0.870939 0.488949
vn -0.818429 -0.363241 0.445231
vn -0.818429 -0.363242 -0.445230
vn -0.818429 -0.363242 -0.445230
vn -0.818429 -0.363241 0.445231
vn -0.780987 0.433780 0.449326
vn -0.780987 0.433780 -0.449326
vn 0.780987 -0.433780 0.449327
vn 0.818429 0.363242 0.445230
vn 0.048935 0.870939 0.488948
vn -0.780987 0.433780 0.449326
vn -0.818429 -0.363241 0.445231
vn -0.048936 -0.870939 0.488949
vn -0.780987 0.433780 -0.449326
vn -0.780987 0.433780 0.449326
vn 0.048935 0.870939 0.488948
vn 0.048936 0.870939 -0.488948
vn 0.048936 0.870939 -0.488948
vn 0.048935 0.870939 0.488948
vn 0.818429 0.363242 0.445230
vn 0.818429 0.363242 -0.445231
vn 0.818429 0.363242 -0.445231
vn 0.780987 -0.433780 -0.449327
vn -0.048936 -0.870939 -0.488949
vn -0.818429 -0.363242 -0.445230
vn -0.780987 0.433780 -0.449326
vn 0.048936 0.870939 -0.488948
s off
g lightTower lightTowerGrp lightGrp2 polySurface31 base1
usemtl SM_Light_Tower_1_JFGSG
f 1737//5463 1738//5464 1740//5465 1739//5466
f 1739//5467 1740//5468 1742//5469 1741//5470
f 1741//5471 1742//5472 1744//5473 1743//5474
f 1743//5475 1744//5476 1746//5477 1745//5478
f 1740//5479 1738//5480 1748//5481 1746//5482 1744//5483 1742//5484
f 1745//5485 1746//5486 1748//5487 1747//5488
f 1747//5489 1748//5490 1738//5491 1737//5492
f 1737//5493 1739//5494 1741//5495 1743//5496 1745//5497 1747//5498
g default
v 10.925551 6.334368 1.314338
v 10.957792 6.353596 1.314338
v 10.929800 6.324794 1.298150
v 10.962041 6.344022 1.298150
v 10.938299 6.305646 1.298150
v 10.970539 6.324874 1.298150
v 10.942548 6.296073 1.314338
v 10.974788 6.315300 1.314338
v 10.938299 6.305646 1.330527
v 10.970539 6.324874 1.330527
v 10.929800 6.324794 1.330527
v 10.962041 6.344022 1.330527
vn -0.926649 0.375929 -0.000001
vn 0.207391 0.978258 -0.000001
vn 0.382363 0.576641 -0.722000
vn -0.726302 0.063417 -0.684444
vn -0.726302 0.063417 -0.684444
vn 0.382363 0.576641 -0.722000
vn 0.726303 -0.063420 -0.684443
vn -0.382361 -0.576644 -0.721999
vn -0.382361 -0.576644 -0.721999
vn 0.726303 -0.063420 -0.684443
vn 0.926649 -0.375928 -0.000001
vn -0.207393 -0.978258 -0.000000
vn -0.207393 -0.978258 -0.000000
vn 0.926649 -0.375928 -0.000001
vn 0.726303 -0.063420 0.684442
vn -0.382360 -0.576644 0.721999
vn 0.382363 0.576641 -0.722000
vn 0.207391 0.978258 -0.000001
vn 0.382363 0.576642 0.721999
vn 0.726303 -0.063420 0.684442
vn 0.926649 -0.375928 -0.000001
vn 0.726303 -0.063420 -0.684443
vn -0.382360 -0.576644 0.721999
vn 0.726303 -0.063420 0.684442
vn 0.382363 0.576642 0.721999
vn -0.726303 0.063417 0.684443
vn -0.726303 0.063417 0.684443
vn 0.382363 0.576642 0.721999
vn 0.207391 0.978258 -0.000001
vn -0.926649 0.375929 -0.000001
vn -0.926649 0.375929 -0.000001
vn -0.726302 0.063417 -0.684444
vn -0.382361 -0.576644 -0.721999
vn -0.207393 -0.978258 -0.000000
vn -0.382360 -0.576644 0.721999
vn -0.726303 0.063417 0.684443
s off
g lightTower lightTowerGrp lightGrp2 base1 polySurface39
usemtl SM_Light_Tower_1_JFGSG
f 1749//5499 1750//5500 1752//5501 1751//5502
f 1751//5503 1752//5504 1754//5505 1753//5506
f 1753//5507 1754//5508 1756//5509 1755//5510
f 1755//5511 1756//5512 1758//5513 1757//5514
f 1752//5515 1750//5516 1760//5517 1758//5518 1756//5519 1754//5520
f 1757//5521 1758//5522 1760//5523 1759//5524
f 1759//5525 1760//5526 1750//5527 1749//5528
f 1749//5529 1751//5530 1753//5531 1755//5532 1757//5533 1759//5534
g default
v 10.925551 6.334368 0.041516
v 10.957792 6.353596 0.041516
v 10.929800 6.324794 0.025328
v 10.962041 6.344022 0.025328
v 10.938299 6.305646 0.025328
v 10.970539 6.324874 0.025328
v 10.942548 6.296073 0.041516
v 10.974788 6.315300 0.041516
v 10.938299 6.305646 0.057704
v 10.970539 6.324874 0.057704
v 10.929800 6.324794 0.057704
v 10.962041 6.344022 0.057704
vn -0.926649 0.375929 -0.000001
vn 0.207391 0.978258 -0.000001
vn 0.382363 0.576641 -0.722000
vn -0.726302 0.063417 -0.684444
vn -0.726302 0.063417 -0.684444
vn 0.382363 0.576641 -0.722000
vn 0.726303 -0.063420 -0.684443
vn -0.382361 -0.576644 -0.721999
vn -0.382361 -0.576644 -0.721999
vn 0.726303 -0.063420 -0.684443
vn 0.926649 -0.375928 -0.000001
vn -0.207393 -0.978258 -0.000000
vn -0.207393 -0.978258 -0.000000
vn 0.926649 -0.375928 -0.000001
vn 0.726303 -0.063420 0.684442
vn -0.382360 -0.576644 0.721999
vn 0.382363 0.576641 -0.722000
vn 0.207391 0.978258 -0.000001
vn 0.382363 0.576642 0.721999
vn 0.726303 -0.063420 0.684442
vn 0.926649 -0.375928 -0.000001
vn 0.726303 -0.063420 -0.684443
vn -0.382360 -0.576644 0.721999
vn 0.726303 -0.063420 0.684442
vn 0.382363 0.576642 0.721999
vn -0.726303 0.063417 0.684443
vn -0.726303 0.063417 0.684443
vn 0.382363 0.576642 0.721999
vn 0.207391 0.978258 -0.000001
vn -0.926649 0.375929 -0.000001
vn -0.926649 0.375929 -0.000001
vn -0.726302 0.063417 -0.684444
vn -0.382361 -0.576644 -0.721999
vn -0.207393 -0.978258 -0.000000
vn -0.382360 -0.576644 0.721999
vn -0.726303 0.063417 0.684443
s off
g lightTower lightTowerGrp lightGrp2 base1 polySurface149
usemtl SM_Light_Tower_1_JFGSG
f 1761//5535 1762//5536 1764//5537 1763//5538
f 1763//5539 1764//5540 1766//5541 1765//5542
f 1765//5543 1766//5544 1768//5545 1767//5546
f 1767//5547 1768//5548 1770//5549 1769//5550
f 1764//5551 1762//5552 1772//5553 1770//5554 1768//5555 1766//5556
f 1769//5557 1770//5558 1772//5559 1771//5560
f 1771//5561 1772//5562 1762//5563 1761//5564
f 1761//5565 1763//5566 1765//5567 1767//5568 1769//5569 1771//5570
g default
v 10.962341 5.704742 -1.022767
v 10.985057 5.721568 -1.022767
v 10.964996 5.698761 -1.032881
v 10.988287 5.714290 -1.035073
v 10.970306 5.686798 -1.032881
v 10.994747 5.699735 -1.035073
v 10.972960 5.680816 -1.022767
v 10.997978 5.692457 -1.022767
v 10.970306 5.686798 -1.012653
v 10.994747 5.699735 -1.010461
v 10.964996 5.698761 -1.012653
v 10.988287 5.714290 -1.010461
v 10.663175 6.253309 -1.022767
v 10.730120 6.293404 -1.022767
v 10.665356 6.248394 -1.031077
v 10.732331 6.288422 -1.031191
v 10.669719 6.238564 -1.031077
v 10.736754 6.278458 -1.031191
v 10.671900 6.233650 -1.022767
v 10.738965 6.273476 -1.022767
v 10.669719 6.238564 -1.014457
v 10.736754 6.278458 -1.014343
v 10.665356 6.248394 -1.014457
v 10.732331 6.288422 -1.014343
v 10.982268 5.729543 -1.022767
v 10.742564 6.269627 -1.022767
v 10.987968 5.732942 -1.033939
v 10.748264 6.273026 -1.033939
v 10.999368 5.739741 -1.033939
v 10.759663 6.279825 -1.033939
v 11.005068 5.743140 -1.022767
v 10.765363 6.283224 -1.022767
v 10.999368 5.739741 -1.011595
v 10.759663 6.279825 -1.011595
v 10.987968 5.732942 -1.011595
v 10.748264 6.273026 -1.011595
v 10.987842 5.720978 -1.022767
v 10.994492 5.719739 -1.011028
v 11.013079 5.715101 -1.011028
v 11.019729 5.713862 -1.022767
v 11.013079 5.715101 -1.034506
v 10.994492 5.719739 -1.034506
v 10.753804 6.301087 -1.032565
v 10.743626 6.279564 -1.032565
v 10.741881 6.275373 -1.022767
v 10.743626 6.279564 -1.012969
v 10.753804 6.301087 -1.012969
v 10.755549 6.305277 -1.022767
vn -0.503276 0.679438 -0.533926
vn -0.503276 0.679438 -0.533926
vn -0.503276 0.679438 -0.533926
vn -0.503276 0.679438 -0.533926
vn -0.072393 -0.032130 -0.996858
vn -0.072393 -0.032130 -0.996859
vn -0.072393 -0.032130 -0.996859
vn -0.072393 -0.032130 -0.996858
vn 0.354212 -0.761243 -0.543179
vn 0.354212 -0.761243 -0.543179
vn 0.354212 -0.761243 -0.543179
vn 0.354212 -0.761243 -0.543179
vn 0.354207 -0.761245 0.543179
vn 0.354207 -0.761245 0.543179
vn 0.354207 -0.761245 0.543179
vn 0.354207 -0.761245 0.543179
vn -0.072398 -0.032132 0.996858
vn -0.072398 -0.032132 0.996858
vn -0.072398 -0.032132 0.996858
vn -0.072398 -0.032132 0.996858
vn -0.503278 0.679437 0.533926
vn -0.503278 0.679437 0.533926
vn -0.503278 0.679437 0.533926
vn -0.503278 0.679437 0.533926
vn -0.432325 0.721848 -0.540399
vn -0.432325 0.721848 -0.540399
vn -0.432325 0.721848 -0.540399
vn -0.432325 0.721848 -0.540399
vn -0.001340 -0.000595 -0.999999
vn -0.001340 -0.000595 -0.999999
vn -0.001340 -0.000595 -0.999999
vn -0.001340 -0.000595 -0.999999
vn 0.429576 -0.723373 -0.540552
vn 0.429576 -0.723373 -0.540552
vn 0.429576 -0.723373 -0.540552
vn 0.429576 -0.723373 -0.540552
vn 0.429578 -0.723372 0.540552
vn 0.429578 -0.723372 0.540552
vn 0.429578 -0.723372 0.540552
vn 0.429578 -0.723372 0.540552
vn -0.001339 -0.000594 0.999999
vn -0.001339 -0.000594 0.999999
vn -0.001339 -0.000594 0.999999
vn -0.001339 -0.000594 0.999999
vn -0.432326 0.721848 0.540398
vn -0.432326 0.721848 0.540398
vn -0.432326 0.721848 0.540398
vn -0.432326 0.721848 0.540398
vn -0.787302 -0.349427 -0.507993
vn -0.787302 -0.349427 -0.507993
vn -0.787302 -0.349427 -0.507993
vn -0.787302 -0.349427 -0.507993
vn -0.000000 -0.000000 -1.000000
vn -0.000000 -0.000000 -1.000000
vn -0.000000 -0.000000 -1.000000
vn -0.000000 -0.000000 -1.000000
vn 0.787302 0.349427 -0.507993
vn 0.787302 0.349427 -0.507993
vn 0.787302 0.349427 -0.507993
vn 0.787302 0.349427 -0.507993
vn 0.787302 0.349427 0.507993
vn 0.787302 0.349427 0.507993
vn 0.787302 0.349427 0.507993
vn 0.787302 0.349427 0.507993
vn 0.000000 0.000000 1.000000
vn 0.000000 0.000000 1.000000
vn 0.000000 0.000000 1.000000
vn 0.000000 0.000000 1.000000
vn -0.787302 -0.349427 0.507993
vn -0.787302 -0.349427 0.507993
vn -0.787302 -0.349427 0.507993
vn -0.787302 -0.349427 0.507993
vn -0.105785 0.019340 -0.994201
vn -0.105785 0.019340 -0.994201
vn -0.105785 0.019340 -0.994201
vn -0.105785 0.019340 -0.994201
vn 0.205180 -0.872094 -0.444245
vn 0.205180 -0.872094 -0.444245
vn 0.205180 -0.872094 -0.444245
vn 0.205180 -0.872094 -0.444245
vn 0.205171 -0.872097 0.444244
vn 0.205171 -0.872097 0.444244
vn 0.205171 -0.872097 0.444244
vn 0.205171 -0.872097 0.444244
vn -0.105785 0.019340 0.994201
vn -0.105785 0.019340 0.994201
vn -0.105785 0.019340 0.994201
vn -0.105785 0.019340 0.994201
vn -0.431387 0.801345 0.414431
vn -0.431386 0.801344 0.414431
vn -0.431387 0.801345 0.414431
vn -0.431386 0.801345 0.414431
vn -0.431385 0.801345 -0.414431
vn -0.431385 0.801345 -0.414431
vn -0.431385 0.801345 -0.414431
vn -0.431385 0.801345 -0.414431
vn -0.002079 0.028846 -0.999582
vn -0.002079 0.028846 -0.999582
vn -0.002079 0.028846 -0.999582
vn -0.002079 0.028846 -0.999582
vn 0.783104 0.416930 -0.461430
vn 0.783104 0.416930 -0.461430
vn 0.783104 0.416930 -0.461430
vn 0.783104 0.416930 -0.461430
vn 0.783103 0.416929 0.461433
vn 0.783103 0.416929 0.461433
vn 0.783103 0.416929 0.461433
vn 0.783103 0.416929 0.461433
vn -0.002078 0.028846 0.999582
vn -0.002078 0.028846 0.999582
vn -0.002078 0.028846 0.999582
vn -0.002078 0.028846 0.999582
vn -0.780854 -0.421935 0.460693
vn -0.780854 -0.421935 0.460693
vn -0.780854 -0.421935 0.460693
vn -0.780854 -0.421935 0.460693
vn -0.780854 -0.421935 -0.460694
vn -0.780854 -0.421935 -0.460694
vn -0.780854 -0.421935 -0.460694
vn -0.780853 -0.421935 -0.460694
vn -0.402990 0.797935 0.448217
vn -0.402990 0.797935 0.448217
vn -0.402990 0.797935 0.448217
vn -0.402990 0.797935 0.448217
vn 0.021924 0.028610 0.999350
vn 0.021924 0.028610 0.999350
vn 0.021924 0.028610 0.999350
vn 0.021924 0.028610 0.999350
vn 0.598684 -0.645270 0.474556
vn 0.598684 -0.645270 0.474556
vn 0.598684 -0.645270 0.474556
vn 0.598684 -0.645270 0.474556
vn 0.598682 -0.645272 -0.474556
vn 0.598682 -0.645272 -0.474556
vn 0.598682 -0.645272 -0.474556
vn 0.598682 -0.645272 -0.474556
vn 0.021924 0.028609 -0.999350
vn 0.021924 0.028609 -0.999350
vn 0.021924 0.028609 -0.999350
vn 0.021924 0.028609 -0.999350
vn -0.402982 0.797939 -0.448217
vn -0.402982 0.797939 -0.448217
vn -0.402982 0.797939 -0.448217
vn -0.402982 0.797939 -0.448217
vn 0.849982 0.320818 -0.417859
vn 0.849982 0.320818 -0.417859
vn 0.849982 0.320818 -0.417859
vn 0.849982 0.320818 -0.417859
vn 0.849982 0.320818 0.417860
vn 0.849982 0.320818 0.417860
vn 0.849982 0.320818 0.417860
vn 0.849982 0.320818 0.417860
vn -0.086238 0.065708 0.994105
vn -0.086238 0.065708 0.994105
vn -0.086238 0.065708 0.994105
vn -0.086238 0.065708 0.994105
vn -0.849741 -0.321324 0.417961
vn -0.849741 -0.321324 0.417961
vn -0.849741 -0.321324 0.417961
vn -0.849741 -0.321324 0.417961
vn -0.849742 -0.321325 -0.417959
vn -0.849742 -0.321325 -0.417959
vn -0.849742 -0.321324 -0.417959
vn -0.849742 -0.321324 -0.417959
vn -0.086238 0.065707 -0.994105
vn -0.086238 0.065707 -0.994105
vn -0.086238 0.065707 -0.994105
vn -0.086238 0.065707 -0.994105
s off
g lightTower lightTowerGrp polySurface127 light3 lightGrp3
usemtl SM_Light_Tower_1_JFGSG
f 1773//5571 1774//5572 1776//5573 1775//5574
f 1775//5575 1776//5576 1778//5577 1777//5578
f 1777//5579 1778//5580 1780//5581 1779//5582
f 1779//5583 1780//5584 1782//5585 1781//5586
f 1781//5587 1782//5588 1784//5589 1783//5590
f 1783//5591 1784//5592 1774//5593 1773//5594
f 1785//5595 1786//5596 1788//5597 1787//5598
f 1787//5599 1788//5600 1790//5601 1789//5602
f 1789//5603 1790//5604 1792//5605 1791//5606
f 1791//5607 1792//5608 1794//5609 1793//5610
f 1793//5611 1794//5612 1796//5613 1795//5614
f 1795//5615 1796//5616 1786//5617 1785//5618
f 1797//5619 1798//5620 1800//5621 1799//5622
f 1799//5623 1800//5624 1802//5625 1801//5626
f 1801//5627 1802//5628 1804//5629 1803//5630
f 1803//5631 1804//5632 1806//5633 1805//5634
f 1805//5635 1806//5636 1808//5637 1807//5638
f 1807//5639 1808//5640 1798//5641 1797//5642
f 1815//5643 1816//5644 1790//5645 1788//5646
f 1816//5647 1817//5648 1792//5649 1790//5650
f 1817//5651 1818//5652 1794//5653 1792//5654
f 1818//5655 1819//5656 1796//5657 1794//5658
f 1819//5659 1820//5660 1786//5661 1796//5662
f 1820//5663 1815//5664 1788//5665 1786//5666
f 1799//5667 1801//5668 1813//5669 1814//5670
f 1801//5671 1803//5672 1812//5673 1813//5674
f 1803//5675 1805//5676 1811//5677 1812//5678
f 1805//5679 1807//5680 1810//5681 1811//5682
f 1807//5683 1797//5684 1809//5685 1810//5686
f 1797//5687 1799//5688 1814//5689 1809//5690
f 1810//5691 1809//5692 1774//5693 1784//5694
f 1811//5695 1810//5696 1784//5697 1782//5698
f 1812//5699 1811//5700 1782//5701 1780//5702
f 1813//5703 1812//5704 1780//5705 1778//5706
f 1814//5707 1813//5708 1778//5709 1776//5710
f 1809//5711 1814//5712 1776//5713 1774//5714
f 1804//5715 1802//5716 1815//5717 1820//5718
f 1806//5719 1804//5720 1820//5721 1819//5722
f 1808//5723 1806//5724 1819//5725 1818//5726
f 1798//5727 1808//5728 1818//5729 1817//5730
f 1800//5731 1798//5732 1817//5733 1816//5734
f 1802//5735 1800//5736 1816//5737 1815//5738
g default
v 10.723745 6.134835 -1.292774
v 10.799444 6.179980 -1.292774
v 10.725448 6.130998 -1.299262
v 10.801147 6.176143 -1.299262
v 10.728854 6.123324 -1.299262
v 10.804553 6.168470 -1.299262
v 10.730557 6.119487 -1.292774
v 10.806256 6.164633 -1.292774
v 10.728854 6.123324 -1.286286
v 10.804553 6.168470 -1.286286
v 10.725448 6.130998 -1.286286
v 10.801147 6.176143 -1.286286
vn -0.430950 0.722611 -0.540478
vn -0.430950 0.722611 -0.540478
vn -0.430950 0.722611 -0.540478
vn -0.430950 0.722611 -0.540478
vn 0.000000 -0.000000 -1.000000
vn 0.000000 -0.000000 -1.000000
vn 0.000000 -0.000000 -1.000000
vn 0.000000 -0.000000 -1.000000
vn 0.430954 -0.722618 -0.540465
vn 0.430954 -0.722618 -0.540465
vn 0.430954 -0.722618 -0.540465
vn 0.430954 -0.722618 -0.540465
vn 0.430953 -0.722616 0.540468
vn 0.430953 -0.722616 0.540468
vn 0.430953 -0.722616 0.540468
vn 0.430953 -0.722616 0.540468
vn 0.000000 0.000000 1.000000
vn 0.000000 0.000000 1.000000
vn 0.000000 0.000000 1.000000
vn 0.000000 0.000000 1.000000
vn -0.430951 0.722613 0.540474
vn -0.430951 0.722613 0.540474
vn -0.430951 0.722613 0.540474
vn -0.430951 0.722613 0.540474
vn 0.914020 0.405668 -0.000000
vn 0.914020 0.405668 -0.000000
vn 0.914020 0.405668 -0.000000
vn 0.914020 0.405668 -0.000000
vn 0.914020 0.405668 -0.000000
vn 0.914020 0.405668 -0.000000
s off
g lightTower lightTowerGrp light3 lightGrp3 polySurface113
usemtl SM_Light_Tower_1_JFGSG
f 1821//5739 1822//5740 1824//5741 1823//5742
f 1823//5743 1824//5744 1826//5745 1825//5746
f 1825//5747 1826//5748 1828//5749 1827//5750
f 1827//5751 1828//5752 1830//5753 1829//5754
f 1829//5755 1830//5756 1832//5757 1831//5758
f 1831//5759 1832//5760 1822//5761 1821//5762
f 1824//5763 1822//5764 1832//5765 1830//5766 1828//5767 1826//5768
g default
v 10.893528 5.883027 -1.135615
v 10.891926 5.886636 -1.135615
v 10.893528 5.883027 -1.178886
v 10.891926 5.886636 -1.178886
v 10.906989 5.891101 -1.136209
v 10.907352 5.895929 -1.136209
v 10.906358 5.890724 -1.178321
v 10.906722 5.895553 -1.178321
vn -0.914020 -0.405668 0.000000
vn -0.914020 -0.405668 0.000000
vn -0.914020 -0.405668 0.000000
vn -0.914020 -0.405668 0.000000
vn 0.037583 0.005517 -0.999278
vn 0.037583 0.005517 -0.999278
vn 0.037583 0.005517 -0.999278
vn 0.037583 0.005517 -0.999278
vn 0.997082 -0.074993 -0.014263
vn 0.997082 -0.074993 -0.014263
vn 0.997082 -0.074993 -0.014263
vn 0.997082 -0.074993 -0.014263
vn 0.037739 0.005541 0.999272
vn 0.037739 0.005541 0.999272
vn 0.037739 0.005541 0.999272
vn 0.037739 0.005541 0.999272
vn 0.514386 -0.857558 -0.000022
vn 0.514386 -0.857558 -0.000022
vn 0.514386 -0.857558 -0.000022
vn 0.514386 -0.857559 -0.000022
s off
g lightTower lightTowerGrp light3 lightGrp3 polySurface134
usemtl SM_Light_Tower_1_JFGSG
f 1833//5769 1834//5770 1836//5771 1835//5772
f 1835//5773 1836//5774 1840//5775 1839//5776
f 1839//5777 1840//5778 1838//5779 1837//5780
f 1837//5781 1838//5782 1834//5783 1833//5784
f 1835//5785 1839//5786 1837//5787 1833//5788
g default
v 10.706529 6.124358 -1.025341
v 10.796774 6.178179 -1.025341
v 10.708305 6.120355 -1.032110
v 10.798551 6.174176 -1.032110
v 10.711858 6.112350 -1.032110
v 10.802104 6.166170 -1.032110
v 10.713635 6.108347 -1.025341
v 10.803881 6.162168 -1.025341
v 10.711858 6.112350 -1.018573
v 10.802104 6.166170 -1.018573
v 10.708305 6.120356 -1.018573
v 10.798551 6.174176 -1.018573
vn -0.430948 0.722606 -0.540486
vn -0.430948 0.722606 -0.540486
vn -0.430948 0.722606 -0.540486
vn -0.430948 0.722605 -0.540486
vn -0.000000 -0.000000 -1.000000
vn -0.000000 -0.000000 -1.000000
vn -0.000000 -0.000000 -1.000000
vn -0.000000 -0.000000 -1.000000
vn 0.430955 -0.722619 -0.540463
vn 0.430955 -0.722619 -0.540463
vn 0.430955 -0.722619 -0.540463
vn 0.430955 -0.722619 -0.540463
vn 0.430955 -0.722619 0.540463
vn 0.430955 -0.722619 0.540463
vn 0.430955 -0.722619 0.540463
vn 0.430955 -0.722619 0.540463
vn 0.000000 0.000000 1.000000
vn 0.000000 0.000000 1.000000
vn 0.000000 0.000000 1.000000
vn 0.000000 0.000000 1.000000
vn -0.430946 0.722607 0.540486
vn -0.430946 0.722607 0.540486
vn -0.430946 0.722607 0.540486
vn -0.430946 0.722607 0.540486
vn 0.914020 0.405668 -0.000000
vn 0.914020 0.405668 -0.000000
vn 0.914020 0.405668 -0.000000
vn 0.914020 0.405668 -0.000000
vn 0.914020 0.405668 -0.000000
vn 0.914020 0.405668 -0.000000
s off
g lightTower lightTowerGrp light3 lightGrp3 polySurface139
usemtl SM_Light_Tower_1_JFGSG
f 1841//5789 1842//5790 1844//5791 1843//5792
f 1843//5793 1844//5794 1846//5795 1845//5796
f 1845//5797 1846//5798 1848//5799 1847//5800
f 1847//5801 1848//5802 1850//5803 1849//5804
f 1849//5805 1850//5806 1852//5807 1851//5808
f 1851//5809 1852//5810 1842//5811 1841//5812
f 1844//5813 1842//5814 1852//5815 1850//5816 1848//5817 1846//5818
g default
v 10.893319 5.886517 -1.042177
v 10.780764 6.140116 -1.042177
v 10.893319 5.886517 -1.270509
v 10.780764 6.140116 -1.270509
v 10.914076 5.898897 -1.042177
v 10.801522 6.152495 -1.042177
v 10.914076 5.898897 -1.270509
v 10.801522 6.152495 -1.270509
v 10.830927 6.154976 -1.261599
v 10.932914 5.925187 -1.261599
v 10.932914 5.925187 -1.048091
v 10.830927 6.154976 -1.048091
v 10.873299 6.139553 -1.248107
v 10.946724 5.974116 -1.248107
v 10.946724 5.974116 -1.061825
v 10.873299 6.139553 -1.061826
v 10.906189 6.113300 -1.227396
v 10.947421 6.020399 -1.227396
v 10.947421 6.020399 -1.083143
v 10.906189 6.113300 -1.083143
vn 0.000000 -0.000000 -1.000000
vn 0.000000 -0.000000 -1.000000
vn 0.000000 -0.000000 -1.000000
vn 0.000000 -0.000000 -1.000000
vn 0.278228 0.123485 -0.952544
vn 0.278228 0.123485 -0.952544
vn 0.278228 0.123485 -0.952544
vn 0.278228 0.123485 -0.952544
vn 0.000000 0.000000 1.000000
vn 0.000000 0.000000 1.000000
vn 0.000000 0.000000 1.000000
vn 0.000000 0.000000 1.000000
vn 0.512207 -0.858862 0.000000
vn 0.512207 -0.858862 0.000000
vn 0.512207 -0.858862 0.000000
vn 0.512207 -0.858862 0.000000
vn -0.512207 0.858862 -0.000000
vn -0.512207 0.858862 -0.000000
vn -0.512207 0.858862 -0.000000
vn -0.512207 0.858862 -0.000000
vn 0.356064 0.158032 0.921002
vn 0.356064 0.158032 0.921002
vn 0.356064 0.158032 0.921002
vn 0.356064 0.158032 0.921002
vn 0.189647 0.084171 0.978238
vn 0.189647 0.084171 0.978238
vn 0.189647 0.084171 0.978238
vn 0.189647 0.084171 0.978238
vn 0.812865 -0.582452 0.000000
vn 0.812865 -0.582452 0.000000
vn 0.812865 -0.582452 0.000000
vn 0.812865 -0.582452 0.000000
vn -0.084064 0.996460 -0.000000
vn -0.084064 0.996460 -0.000000
vn -0.084064 0.996460 -0.000000
vn -0.084064 0.996460 -0.000000
vn 0.623835 0.781556 -0.000000
vn 0.623835 0.781556 -0.000000
vn 0.623835 0.781556 -0.000000
vn 0.623835 0.781556 -0.000000
vn 0.962399 -0.271641 0.000000
vn 0.962399 -0.271641 0.000000
vn 0.962399 -0.271641 0.000000
vn 0.962399 -0.271641 0.000000
vn 0.342042 0.939685 -0.000000
vn 0.342042 0.939685 -0.000000
vn 0.342042 0.939685 -0.000000
vn 0.342042 0.939685 -0.000000
vn 0.350708 0.155654 -0.923459
vn 0.350708 0.155654 -0.923459
vn 0.350708 0.155654 -0.923459
vn 0.350708 0.155654 -0.923459
vn 0.914020 0.405668 -0.000000
vn 0.914020 0.405668 -0.000000
vn 0.914020 0.405668 -0.000000
vn 0.914020 0.405668 -0.000000
vn 0.666882 0.295981 -0.683860
vn 0.666882 0.295981 -0.683860
vn 0.666882 0.295981 -0.683860
vn 0.666882 0.295981 -0.683860
vn 0.675795 0.299937 0.673305
vn 0.675795 0.299937 0.673305
vn 0.675795 0.299937 0.673305
vn 0.675795 0.299937 0.673305
vn 0.999887 -0.015049 0.000000
vn 0.999887 -0.015049 0.000000
vn 0.999887 -0.015049 0.000000
vn 0.999887 -0.015049 0.000000
s off
g lightTower lightTowerGrp light3 lightGrp3 polySurface118
usemtl SM_Light_Tower_1_JFGSG
f 1855//5819 1856//5820 1860//5821 1859//5822
f 1859//5823 1860//5824 1861//5825 1862//5826
f 1857//5827 1858//5828 1854//5829 1853//5830
f 1855//5831 1859//5832 1857//5833 1853//5834
f 1860//5835 1856//5836 1854//5837 1858//5838
f 1864//5839 1863//5840 1867//5841 1868//5842
f 1858//5843 1857//5844 1863//5845 1864//5846
f 1857//5847 1859//5848 1862//5849 1863//5850
f 1860//5851 1858//5852 1864//5853 1861//5854
f 1865//5855 1868//5856 1872//5857 1869//5858
f 1863//5859 1862//5860 1866//5861 1867//5862
f 1861//5863 1864//5864 1868//5865 1865//5866
f 1862//5867 1861//5868 1865//5869 1866//5870
f 1870//5871 1869//5872 1872//5873 1871//5874
f 1866//5875 1865//5876 1869//5877 1870//5878
f 1868//5879 1867//5880 1871//5881 1872//5882
f 1867//5883 1866//5884 1870//5885 1871//5886
g default
v 10.641251 6.227988 -1.321586
v 10.669946 6.245101 -1.321586
v 10.648403 6.211874 -1.312504
v 10.677098 6.228987 -1.312504
v 10.648403 6.211874 -1.294339
v 10.677098 6.228987 -1.294339
v 10.641251 6.227988 -1.285256
v 10.669946 6.245101 -1.285256
v 10.634099 6.244102 -1.294339
v 10.662794 6.261215 -1.294339
v 10.634099 6.244102 -1.312504
v 10.662794 6.261215 -1.312504
vn 0.235918 -0.395578 -0.887616
vn 0.235918 -0.395578 -0.887616
vn 0.235918 -0.395578 -0.887616
vn 0.235918 -0.395578 -0.887616
vn 0.512207 -0.858862 0.000000
vn 0.512207 -0.858862 0.000000
vn 0.512207 -0.858862 0.000000
vn 0.512207 -0.858862 0.000000
vn 0.235915 -0.395579 0.887616
vn 0.235915 -0.395579 0.887616
vn 0.235915 -0.395579 0.887616
vn 0.235915 -0.395579 0.887616
vn -0.235918 0.395578 0.887616
vn -0.235918 0.395578 0.887616
vn -0.235918 0.395578 0.887616
vn -0.235918 0.395578 0.887616
vn 0.914020 0.405668 -0.000000
vn 0.914021 0.405668 -0.000000
vn 0.914020 0.405668 -0.000000
vn 0.914020 0.405668 -0.000000
vn 0.914021 0.405668 -0.000000
vn 0.914020 0.405668 -0.000000
vn -0.512213 0.858859 -0.000000
vn -0.512213 0.858859 -0.000000
vn -0.512213 0.858859 -0.000000
vn -0.512213 0.858859 -0.000000
vn -0.235915 0.395579 -0.887616
vn -0.235915 0.395579 -0.887616
vn -0.235915 0.395579 -0.887616
vn -0.235915 0.395579 -0.887616
vn -0.914020 -0.405668 0.000000
vn -0.914020 -0.405668 0.000000
vn -0.914020 -0.405668 0.000000
vn -0.914020 -0.405668 0.000000
vn -0.914020 -0.405668 0.000000
vn -0.914020 -0.405668 0.000000
s off
g lightTower lightTowerGrp light3 lightGrp3 polySurface148
usemtl SM_Light_Tower_1_JFGSG
f 1873//5887 1874//5888 1876//5889 1875//5890
f 1875//5891 1876//5892 1878//5893 1877//5894
f 1877//5895 1878//5896 1880//5897 1879//5898
f 1879//5899 1880//5900 1882//5901 1881//5902
f 1876//5903 1874//5904 1884//5905 1882//5906 1880//5907 1878//5908
f 1881//5909 1882//5910 1884//5911 1883//5912
f 1883//5913 1884//5914 1874//5915 1873//5916
f 1873//5917 1875//5918 1877//5919 1879//5920 1881//5921 1883//5922
g default
v 10.925551 5.697351 -1.300784
v 10.958390 5.716936 -1.300784
v 10.929800 5.687777 -1.316972
v 10.962640 5.707362 -1.316972
v 10.938299 5.668629 -1.316972
v 10.971138 5.688214 -1.316972
v 10.942548 5.659055 -1.300784
v 10.975387 5.678640 -1.300784
v 10.938299 5.668629 -1.284595
v 10.971138 5.688214 -1.284595
v 10.929800 5.687777 -1.284595
v 10.962640 5.707362 -1.284595
vn -0.430950 0.722611 -0.540478
vn -0.430950 0.722611 -0.540478
vn -0.430950 0.722611 -0.540478
vn -0.430950 0.722611 -0.540478
vn -0.000001 0.000001 -1.000000
vn -0.000001 0.000001 -1.000000
vn -0.000001 0.000001 -1.000000
vn -0.000001 0.000001 -1.000000
vn 0.430952 -0.722614 -0.540472
vn 0.430952 -0.722614 -0.540472
vn 0.430952 -0.722614 -0.540472
vn 0.430952 -0.722614 -0.540472
vn 0.430952 -0.722614 0.540472
vn 0.430952 -0.722614 0.540472
vn 0.430952 -0.722614 0.540472
vn 0.430952 -0.722614 0.540472
vn 0.914020 0.405668 -0.000000
vn 0.914020 0.405668 -0.000000
vn 0.914020 0.405668 -0.000000
vn 0.914020 0.405668 -0.000000
vn 0.914020 0.405668 -0.000000
vn 0.914020 0.405668 -0.000000
vn 0.000001 -0.000001 1.000000
vn 0.000001 -0.000001 1.000000
vn 0.000001 -0.000001 1.000000
vn 0.000001 -0.000001 1.000000
vn -0.430950 0.722612 0.540476
vn -0.430950 0.722612 0.540476
vn -0.430950 0.722612 0.540476
vn -0.430950 0.722612 0.540476
vn -0.914020 -0.405668 0.000000
vn -0.914020 -0.405668 0.000000
vn -0.914020 -0.405668 0.000000
vn -0.914020 -0.405668 0.000000
vn -0.914020 -0.405668 0.000000
vn -0.914020 -0.405668 0.000000
s off
g lightTower lightTowerGrp light3 lightGrp3 polySurface137
usemtl SM_Light_Tower_1_JFGSG
f 1885//5923 1886//5924 1888//5925 1887//5926
f 1887//5927 1888//5928 1890//5929 1889//5930
f 1889//5931 1890//5932 1892//5933 1891//5934
f 1891//5935 1892//5936 1894//5937 1893//5938
f 1888//5939 1886//5940 1896//5941 1894//5942 1892//5943 1890//5944
f 1893//5945 1894//5946 1896//5947 1895//5948
f 1895//5949 1896//5950 1886//5951 1885//5952
f 1885//5953 1887//5954 1889//5955 1891//5956 1893//5957 1895//5958
g default
v 10.708243 6.132149 -1.291926
v 10.724047 6.141575 -1.291926
v 10.710735 6.126533 -1.301422
v 10.726540 6.135958 -1.301422
v 10.715721 6.115301 -1.301422
v 10.731525 6.124726 -1.301422
v 10.718213 6.109684 -1.291926
v 10.734018 6.119110 -1.291926
v 10.715721 6.115301 -1.282429
v 10.731525 6.124726 -1.282429
v 10.710735 6.126533 -1.282429
v 10.726540 6.135958 -1.282429
vn -0.430953 0.722616 -0.540468
vn -0.430953 0.722616 -0.540468
vn -0.430953 0.722616 -0.540468
vn -0.430953 0.722616 -0.540468
vn 0.000000 -0.000000 -1.000000
vn 0.000000 -0.000000 -1.000000
vn 0.000000 -0.000000 -1.000000
vn 0.000000 -0.000000 -1.000000
vn 0.430950 -0.722611 -0.540476
vn 0.430950 -0.722611 -0.540476
vn 0.430950 -0.722611 -0.540476
vn 0.430950 -0.722611 -0.540476
vn 0.430951 -0.722612 0.540475
vn 0.430951 -0.722612 0.540475
vn 0.430951 -0.722612 0.540475
vn 0.430951 -0.722612 0.540475
vn 0.914021 0.405668 -0.000000
vn 0.914020 0.405668 -0.000000
vn 0.914020 0.405668 -0.000000
vn 0.914020 0.405668 -0.000000
vn 0.914021 0.405668 -0.000000
vn 0.914020 0.405668 -0.000000
vn 0.000000 0.000000 1.000000
vn 0.000000 0.000000 1.000000
vn 0.000000 0.000000 1.000000
vn 0.000000 0.000000 1.000000
vn -0.430953 0.722617 0.540466
vn -0.430953 0.722617 0.540466
vn -0.430953 0.722617 0.540466
vn -0.430953 0.722617 0.540466
vn -0.914020 -0.405668 -0.000000
vn -0.914020 -0.405668 -0.000000
vn -0.914021 -0.405668 -0.000000
vn -0.914020 -0.405668 -0.000000
vn -0.914020 -0.405668 -0.000000
vn -0.914020 -0.405668 -0.000000
s off
g lightTower lightTowerGrp light3 lightGrp3 polySurface131
usemtl SM_Light_Tower_1_JFGSG
f 1897//5959 1898//5960 1900//5961 1899//5962
f 1899//5963 1900//5964 1902//5965 1901//5966
f 1901//5967 1902//5968 1904//5969 1903//5970
f 1903//5971 1904//5972 1906//5973 1905//5974
f 1900//5975 1898//5976 1908//5977 1906//5978 1904//5979 1902//5980
f 1905//5981 1906//5982 1908//5983 1907//5984
f 1907//5985 1908//5986 1898//5987 1897//5988
f 1897//5989 1899//5990 1901//5991 1903//5992 1905//5993 1907//5994
g default
v 10.865200 5.882191 -1.043932
v 10.758845 6.121822 -1.043932
v 10.865200 5.882191 -1.276378
v 10.758845 6.121822 -1.276378
v 10.894839 5.880986 -1.029357
v 10.775232 6.150476 -1.029357
v 10.894839 5.880986 -1.290954
v 10.775232 6.150476 -1.290954
v 10.871826 5.867261 -1.290954
v 10.871826 5.867261 -1.029357
v 10.752219 6.136752 -1.029357
v 10.752219 6.136752 -1.290954
v 10.882453 5.892481 -1.276378
v 10.882453 5.892481 -1.043932
v 10.776098 6.132111 -1.043932
v 10.776098 6.132111 -1.276378
vn 0.512207 -0.858862 0.000000
vn 0.512207 -0.858862 0.000000
vn 0.512207 -0.858862 0.000000
vn 0.512207 -0.858862 0.000000
vn 0.000000 -0.000000 -1.000000
vn 0.000000 -0.000000 -1.000000
vn 0.000000 -0.000000 -1.000000
vn 0.000000 -0.000000 -1.000000
vn 0.914020 0.405668 -0.000000
vn 0.914020 0.405668 -0.000000
vn 0.914020 0.405668 -0.000000
vn 0.914020 0.405668 -0.000000
vn 0.000000 0.000000 1.000000
vn 0.000000 0.000000 1.000000
vn 0.000000 0.000000 1.000000
vn 0.000000 0.000000 1.000000
vn 0.512207 -0.858862 0.000000
vn 0.512207 -0.858862 0.000000
vn 0.512207 -0.858862 0.000000
vn 0.512207 -0.858862 0.000000
vn -0.512207 0.858862 -0.000000
vn -0.512207 0.858862 -0.000000
vn -0.512207 0.858862 -0.000000
vn -0.512207 0.858862 -0.000000
vn -0.914020 -0.405668 0.000000
vn -0.914020 -0.405668 0.000000
vn -0.914020 -0.405668 0.000000
vn -0.914020 -0.405668 0.000000
vn -0.914020 -0.405668 0.000000
vn -0.914020 -0.405668 0.000000
vn -0.914020 -0.405668 0.000000
vn -0.914020 -0.405668 0.000000
vn -0.914020 -0.405668 0.000000
vn -0.914020 -0.405668 0.000000
vn -0.914020 -0.405668 0.000000
vn -0.914020 -0.405668 0.000000
vn -0.914020 -0.405668 0.000000
vn -0.914020 -0.405668 0.000000
vn -0.914021 -0.405668 0.000000
vn -0.914021 -0.405668 0.000000
vn -0.914020 -0.405668 0.000000
vn -0.914020 -0.405668 0.000000
vn -0.914020 -0.405668 0.000000
vn -0.914020 -0.405668 0.000000
vn -0.512207 0.858862 -0.000000
vn -0.512207 0.858862 -0.000000
vn -0.512207 0.858862 -0.000000
vn -0.512207 0.858862 -0.000000
vn 0.000000 0.000000 1.000000
vn 0.000000 0.000000 1.000000
vn 0.000000 0.000000 1.000000
vn 0.000000 0.000000 1.000000
vn 0.000000 -0.000000 -1.000000
vn 0.000000 -0.000000 -1.000000
vn 0.000000 -0.000000 -1.000000
vn 0.000000 -0.000000 -1.000000
s off
g lightTower lightTowerGrp light3 lightGrp3 polySurface146
usemtl SM_Light_Tower_1_JFGSG
f 1910//5995 1912//5996 1924//5997 1923//5998
f 1917//5999 1920//6000 1916//6001 1915//6002
f 1915//6003 1916//6004 1914//6005 1913//6006
f 1913//6007 1914//6008 1919//6009 1918//6010
f 1917//6011 1915//6012 1913//6013 1918//6014
f 1916//6015 1920//6016 1919//6017 1914//6018
f 1909//6019 1911//6020 1917//6021 1918//6022
f 1910//6023 1909//6024 1918//6025 1919//6026
f 1912//6027 1910//6028 1919//6029 1920//6030
f 1911//6031 1912//6032 1920//6033 1917//6034
f 1922//6035 1923//6036 1924//6037 1921//6038
f 1911//6039 1909//6040 1922//6041 1921//6042
f 1912//6043 1911//6044 1921//6045 1924//6046
f 1909//6047 1910//6048 1923//6049 1922//6050
g default
v 10.964042 5.705139 -1.302647
v 10.985057 5.721568 -1.302647
v 10.966547 5.699494 -1.312193
v 10.988287 5.714290 -1.314953
v 10.971559 5.688202 -1.312193
v 10.994747 5.699735 -1.314953
v 10.974065 5.682556 -1.302647
v 10.997978 5.692457 -1.302647
v 10.971559 5.688202 -1.293100
v 10.994747 5.699735 -1.290341
v 10.966547 5.699494 -1.293100
v 10.988287 5.714290 -1.290341
v 10.663175 6.253309 -1.302647
v 10.730120 6.293404 -1.302647
v 10.665356 6.248394 -1.310957
v 10.732331 6.288422 -1.311071
v 10.669719 6.238564 -1.310957
v 10.736754 6.278458 -1.311071
v 10.671900 6.233650 -1.302647
v 10.738965 6.273476 -1.302647
v 10.669719 6.238564 -1.294337
v 10.736754 6.278458 -1.294223
v 10.665356 6.248394 -1.294337
v 10.732331 6.288422 -1.294223
v 10.982268 5.729543 -1.302647
v 10.742564 6.269627 -1.302647
v 10.987968 5.732942 -1.313819
v 10.748264 6.273026 -1.313819
v 10.999368 5.739741 -1.313819
v 10.759663 6.279825 -1.313819
v 11.005068 5.743140 -1.302647
v 10.765363 6.283224 -1.302647
v 10.999368 5.739741 -1.291475
v 10.759663 6.279825 -1.291475
v 10.987968 5.732942 -1.291475
v 10.748264 6.273026 -1.291475
v 10.987842 5.720978 -1.302647
v 10.994492 5.719739 -1.290908
v 11.013079 5.715101 -1.290908
v 11.019729 5.713862 -1.302647
v 11.013079 5.715101 -1.314386
v 10.994492 5.719739 -1.314386
v 10.753804 6.301087 -1.312445
v 10.743626 6.279564 -1.312445
v 10.741881 6.275373 -1.302647
v 10.743626 6.279564 -1.292849
v 10.753804 6.301087 -1.292849
v 10.755549 6.305277 -1.302647
vn -0.521665 0.667301 -0.531578
vn -0.521665 0.667301 -0.531578
vn -0.521665 0.667301 -0.531578
vn -0.521666 0.667301 -0.531578
vn -0.096942 -0.043025 -0.994360
vn -0.096942 -0.043025 -0.994360
vn -0.096942 -0.043025 -0.994360
vn -0.096942 -0.043025 -0.994360
vn 0.321190 -0.775793 -0.543123
vn 0.321190 -0.775793 -0.543123
vn 0.321190 -0.775793 -0.543123
vn 0.321190 -0.775793 -0.543123
vn 0.321191 -0.775794 0.543121
vn 0.321191 -0.775794 0.543121
vn 0.321191 -0.775794 0.543121
vn 0.321191 -0.775794 0.543121
vn -0.096943 -0.043023 0.994360
vn -0.096943 -0.043023 0.994360
vn -0.096943 -0.043023 0.994360
vn -0.096943 -0.043023 0.994360
vn -0.521663 0.667304 0.531576
vn -0.521663 0.667304 0.531576
vn -0.521663 0.667304 0.531576
vn -0.521663 0.667304 0.531576
vn -0.432328 0.721847 -0.540398
vn -0.432328 0.721847 -0.540398
vn -0.432328 0.721847 -0.540398
vn -0.432328 0.721847 -0.540398
vn -0.001339 -0.000595 -0.999999
vn -0.001339 -0.000595 -0.999999
vn -0.001339 -0.000595 -0.999999
vn -0.001339 -0.000595 -0.999999
vn 0.429578 -0.723372 -0.540552
vn 0.429578 -0.723372 -0.540552
vn 0.429578 -0.723372 -0.540552
vn 0.429578 -0.723372 -0.540552
vn 0.429578 -0.723372 0.540552
vn 0.429578 -0.723372 0.540552
vn 0.429578 -0.723372 0.540552
vn 0.429578 -0.723372 0.540552
vn -0.001339 -0.000594 0.999999
vn -0.001339 -0.000594 0.999999
vn -0.001339 -0.000594 0.999999
vn -0.001339 -0.000594 0.999999
vn -0.432326 0.721848 0.540398
vn -0.432326 0.721848 0.540398
vn -0.432326 0.721848 0.540398
vn -0.432326 0.721848 0.540398
vn -0.787302 -0.349427 -0.507993
vn -0.787302 -0.349427 -0.507993
vn -0.787302 -0.349427 -0.507993
vn -0.787302 -0.349427 -0.507993
vn 0.000000 -0.000000 -1.000000
vn 0.000000 -0.000000 -1.000000
vn 0.000000 -0.000000 -1.000000
vn 0.000000 -0.000000 -1.000000
vn 0.787302 0.349427 -0.507993
vn 0.787302 0.349427 -0.507993
vn 0.787302 0.349427 -0.507993
vn 0.787302 0.349427 -0.507993
vn 0.787302 0.349427 0.507992
vn 0.787302 0.349427 0.507992
vn 0.787302 0.349427 0.507992
vn 0.787302 0.349427 0.507992
vn 0.000000 0.000000 1.000000
vn 0.000000 0.000000 1.000000
vn 0.000000 0.000000 1.000000
vn 0.000000 0.000000 1.000000
vn -0.787302 -0.349427 0.507992
vn -0.787302 -0.349427 0.507992
vn -0.787302 -0.349427 0.507992
vn -0.787302 -0.349427 0.507992
vn -0.105785 0.019339 -0.994201
vn -0.105785 0.019339 -0.994201
vn -0.105785 0.019339 -0.994201
vn -0.105785 0.019339 -0.994201
vn 0.205180 -0.872094 -0.444244
vn 0.205180 -0.872094 -0.444244
vn 0.205180 -0.872094 -0.444244
vn 0.205180 -0.872094 -0.444244
vn 0.205170 -0.872096 0.444245
vn 0.205170 -0.872096 0.444245
vn 0.205170 -0.872096 0.444244
vn 0.205170 -0.872096 0.444245
vn -0.105785 0.019340 0.994201
vn -0.105785 0.019340 0.994201
vn -0.105785 0.019340 0.994201
vn -0.105785 0.019340 0.994201
vn -0.431387 0.801345 0.414430
vn -0.431387 0.801345 0.414430
vn -0.431387 0.801345 0.414430
vn -0.431387 0.801345 0.414430
vn -0.431385 0.801345 -0.414431
vn -0.431385 0.801345 -0.414431
vn -0.431385 0.801345 -0.414431
vn -0.431385 0.801345 -0.414431
vn -0.002078 0.028845 -0.999582
vn -0.002078 0.028845 -0.999582
vn -0.002078 0.028845 -0.999582
vn -0.002078 0.028845 -0.999582
vn 0.783105 0.416929 -0.461430
vn 0.783105 0.416929 -0.461430
vn 0.783105 0.416929 -0.461430
vn 0.783105 0.416929 -0.461430
vn 0.783104 0.416929 0.461430
vn 0.783104 0.416929 0.461430
vn 0.783104 0.416929 0.461430
vn 0.783104 0.416930 0.461431
vn -0.002077 0.028846 0.999582
vn -0.002077 0.028846 0.999582
vn -0.002077 0.028846 0.999582
vn -0.002077 0.028846 0.999582
vn -0.780856 -0.421936 0.460688
vn -0.780856 -0.421936 0.460688
vn -0.780856 -0.421936 0.460688
vn -0.780856 -0.421936 0.460688
vn -0.780855 -0.421937 -0.460689
vn -0.780855 -0.421937 -0.460689
vn -0.780855 -0.421937 -0.460689
vn -0.780855 -0.421937 -0.460689
vn -0.402964 0.797948 0.448217
vn -0.402964 0.797948 0.448217
vn -0.402964 0.797948 0.448217
vn -0.402964 0.797948 0.448217
vn 0.021923 0.028612 0.999350
vn 0.021923 0.028612 0.999350
vn 0.021923 0.028612 0.999350
vn 0.021923 0.028612 0.999350
vn 0.598688 -0.645267 0.474556
vn 0.598688 -0.645267 0.474556
vn 0.598688 -0.645267 0.474556
vn 0.598688 -0.645266 0.474556
vn 0.598686 -0.645268 -0.474556
vn 0.598686 -0.645268 -0.474556
vn 0.598686 -0.645268 -0.474556
vn 0.598686 -0.645268 -0.474556
vn 0.021924 0.028609 -0.999350
vn 0.021924 0.028609 -0.999350
vn 0.021924 0.028609 -0.999350
vn 0.021924 0.028609 -0.999350
vn -0.402955 0.797952 -0.448219
vn -0.402955 0.797952 -0.448219
vn -0.402955 0.797952 -0.448219
vn -0.402955 0.797952 -0.448219
vn 0.849982 0.320819 -0.417859
vn 0.849982 0.320819 -0.417859
vn 0.849982 0.320819 -0.417859
vn 0.849982 0.320819 -0.417859
vn 0.849982 0.320817 0.417860
vn 0.849982 0.320817 0.417860
vn 0.849982 0.320817 0.417860
vn 0.849982 0.320817 0.417860
vn -0.086238 0.065707 0.994105
vn -0.086238 0.065707 0.994105
vn -0.086238 0.065707 0.994105
vn -0.086238 0.065707 0.994106
vn -0.849740 -0.321325 0.417961
vn -0.849740 -0.321325 0.417961
vn -0.849740 -0.321325 0.417961
vn -0.849740 -0.321325 0.417961
vn -0.849742 -0.321323 -0.417959
vn -0.849742 -0.321323 -0.417959
vn -0.849742 -0.321323 -0.417959
vn -0.849742 -0.321323 -0.417959
vn -0.086238 0.065707 -0.994105
vn -0.086238 0.065707 -0.994105
vn -0.086238 0.065707 -0.994105
vn -0.086238 0.065707 -0.994105
s off
g lightTower lightTowerGrp light3 lightGrp3 polySurface130
usemtl SM_Light_Tower_1_JFGSG
f 1925//6051 1926//6052 1928//6053 1927//6054
f 1927//6055 1928//6056 1930//6057 1929//6058
f 1929//6059 1930//6060 1932//6061 1931//6062
f 1931//6063 1932//6064 1934//6065 1933//6066
f 1933//6067 1934//6068 1936//6069 1935//6070
f 1935//6071 1936//6072 1926//6073 1925//6074
f 1937//6075 1938//6076 1940//6077 1939//6078
f 1939//6079 1940//6080 1942//6081 1941//6082
f 1941//6083 1942//6084 1944//6085 1943//6086
f 1943//6087 1944//6088 1946//6089 1945//6090
f 1945//6091 1946//6092 1948//6093 1947//6094
f 1947//6095 1948//6096 1938//6097 1937//6098
f 1949//6099 1950//6100 1952//6101 1951//6102
f 1951//6103 1952//6104 1954//6105 1953//6106
f 1953//6107 1954//6108 1956//6109 1955//6110
f 1955//6111 1956//6112 1958//6113 1957//6114
f 1957//6115 1958//6116 1960//6117 1959//6118
f 1959//6119 1960//6120 1950//6121 1949//6122
f 1967//6123 1968//6124 1942//6125 1940//6126
f 1968//6127 1969//6128 1944//6129 1942//6130
f 1969//6131 1970//6132 1946//6133 1944//6134
f 1970//6135 1971//6136 1948//6137 1946//6138
f 1971//6139 1972//6140 1938//6141 1948//6142
f 1972//6143 1967//6144 1940//6145 1938//6146
f 1951//6147 1953//6148 1965//6149 1966//6150
f 1953//6151 1955//6152 1964//6153 1965//6154
f 1955//6155 1957//6156 1963//6157 1964//6158
f 1957//6159 1959//6160 1962//6161 1963//6162
f 1959//6163 1949//6164 1961//6165 1962//6166
f 1949//6167 1951//6168 1966//6169 1961//6170
f 1962//6171 1961//6172 1926//6173 1936//6174
f 1963//6175 1962//6176 1936//6177 1934//6178
f 1964//6179 1963//6180 1934//6181 1932//6182
f 1965//6183 1964//6184 1932//6185 1930//6186
f 1966//6187 1965//6188 1930//6189 1928//6190
f 1961//6191 1966//6192 1928//6193 1926//6194
f 1956//6195 1954//6196 1967//6197 1972//6198
f 1958//6199 1956//6200 1972//6201 1971//6202
f 1960//6203 1958//6204 1971//6205 1970//6206
f 1950//6207 1960//6208 1970//6209 1969//6210
f 1952//6211 1950//6212 1969//6213 1968//6214
f 1954//6215 1952//6216 1968//6217 1967//6218
g default
v 10.828105 6.073064 -1.041595
v 10.827933 6.073452 -1.052497
v 10.869207 5.985890 -1.040007
v 10.869235 5.985828 -1.051749
v 10.869306 6.099547 -1.047393
v 10.868902 6.099227 -1.055018
v 10.910967 6.013639 -1.045444
v 10.910563 6.013318 -1.054290
vn -0.904525 -0.426420 -0.000359
vn -0.904525 -0.426420 -0.000359
vn -0.904525 -0.426420 -0.000359
vn -0.904525 -0.426420 -0.000359
vn 0.553982 -0.832511 0.005367
vn 0.553982 -0.832511 0.005367
vn 0.553982 -0.832511 0.005367
vn 0.553982 -0.832511 0.005367
vn 0.898478 0.434763 -0.060975
vn 0.898478 0.434763 -0.060975
vn 0.898478 0.434763 -0.060975
vn 0.898478 0.434763 -0.060975
vn -0.535115 0.844548 0.019740
vn -0.535115 0.844548 0.019740
vn -0.535116 0.844548 0.019740
vn -0.535115 0.844548 0.019740
vn 0.092403 0.064490 0.993631
vn 0.092403 0.064490 0.993631
vn 0.092403 0.064490 0.993631
vn 0.092403 0.064490 0.993631
s off
g lightTower lightTowerGrp light3 lightGrp3 polySurface112
usemtl SM_Light_Tower_1_JFGSG
f 1973//6219 1974//6220 1976//6221 1975//6222
f 1975//6223 1976//6224 1980//6225 1979//6226
f 1979//6227 1980//6228 1978//6229 1977//6230
f 1977//6231 1978//6232 1974//6233 1973//6234
f 1975//6235 1979//6236 1977//6237 1973//6238
g default
v 10.877654 5.904826 -1.059927
v 10.781659 6.121114 -1.059927
v 10.877654 5.904826 -1.254667
v 10.781659 6.121114 -1.254667
v 10.859950 5.894268 -1.059927
v 10.763955 6.110556 -1.059927
v 10.859950 5.894268 -1.254667
v 10.763955 6.110556 -1.254667
v 10.747889 6.088134 -1.247068
v 10.834871 5.892152 -1.247068
v 10.834871 5.892152 -1.064971
v 10.747889 6.088134 -1.064971
v 10.736111 6.046404 -1.235561
v 10.798734 5.905306 -1.235560
v 10.798734 5.905306 -1.076685
v 10.736111 6.046404 -1.076685
v 10.735516 6.006929 -1.217896
v 10.770682 5.927696 -1.217896
v 10.770682 5.927696 -1.094866
v 10.735516 6.006929 -1.094866
vn 0.000000 -0.000000 -1.000000
vn 0.000000 -0.000000 -1.000000
vn 0.000000 -0.000000 -1.000000
vn 0.000000 -0.000000 -1.000000
vn -0.278229 -0.123486 -0.952544
vn -0.278229 -0.123486 -0.952544
vn -0.278229 -0.123486 -0.952544
vn -0.278229 -0.123486 -0.952544
vn 0.000000 0.000000 1.000000
vn 0.000000 0.000000 1.000000
vn 0.000000 0.000000 1.000000
vn 0.000000 0.000000 1.000000
vn 0.512207 -0.858862 0.000000
vn 0.512207 -0.858862 0.000000
vn 0.512207 -0.858862 0.000000
vn 0.512207 -0.858862 0.000000
vn -0.512207 0.858862 -0.000000
vn -0.512207 0.858862 -0.000000
vn -0.512207 0.858862 -0.000000
vn -0.512207 0.858862 -0.000000
vn -0.356064 -0.158031 0.921002
vn -0.356064 -0.158031 0.921002
vn -0.356064 -0.158031 0.921002
vn -0.356064 -0.158031 0.921002
vn -0.189648 -0.084171 0.978238
vn -0.189648 -0.084171 0.978238
vn -0.189648 -0.084171 0.978238
vn -0.189648 -0.084171 0.978238
vn 0.084075 -0.996459 0.000000
vn 0.084075 -0.996459 0.000000
vn 0.084075 -0.996459 0.000000
vn 0.084075 -0.996459 0.000000
vn -0.812868 0.582447 -0.000000
vn -0.812868 0.582447 -0.000000
vn -0.812868 0.582447 -0.000000
vn -0.812868 0.582447 -0.000000
vn -0.999887 0.015049 -0.000000
vn -0.999887 0.015049 -0.000000
vn -0.999887 0.015049 -0.000000
vn -0.999887 0.015049 -0.000000
vn -0.342047 -0.939683 0.000000
vn -0.342047 -0.939683 0.000000
vn -0.342047 -0.939683 0.000000
vn -0.342047 -0.939683 0.000000
vn -0.962398 0.271643 -0.000000
vn -0.962398 0.271642 -0.000000
vn -0.962398 0.271642 -0.000000
vn -0.962398 0.271643 -0.000000
vn -0.350707 -0.155654 -0.923459
vn -0.350707 -0.155654 -0.923459
vn -0.350707 -0.155654 -0.923459
vn -0.350707 -0.155654 -0.923459
vn -0.914020 -0.405668 0.000000
vn -0.914020 -0.405668 0.000000
vn -0.914020 -0.405668 0.000000
vn -0.914020 -0.405668 0.000000
vn -0.666882 -0.295981 -0.683860
vn -0.666882 -0.295981 -0.683860
vn -0.666882 -0.295981 -0.683860
vn -0.666882 -0.295981 -0.683860
vn -0.675795 -0.299937 0.673305
vn -0.675795 -0.299937 0.673305
vn -0.675795 -0.299937 0.673305
vn -0.675795 -0.299937 0.673305
vn -0.623833 -0.781558 0.000000
vn -0.623833 -0.781558 0.000000
vn -0.623833 -0.781558 0.000000
vn -0.623833 -0.781558 0.000000
s off
g lightTower lightTowerGrp light3 lightGrp3 polySurface126
usemtl SM_Light_Tower_1_JFGSG
f 1983//6239 1987//6240 1988//6241 1984//6242
f 1987//6243 1990//6244 1989//6245 1988//6246
f 1985//6247 1981//6248 1982//6249 1986//6250
f 1983//6251 1981//6252 1985//6253 1987//6254
f 1988//6255 1986//6256 1982//6257 1984//6258
f 1992//6259 1996//6260 1995//6261 1991//6262
f 1986//6263 1992//6264 1991//6265 1985//6266
f 1985//6267 1991//6268 1990//6269 1987//6270
f 1988//6271 1989//6272 1992//6273 1986//6274
f 1993//6275 1997//6276 2000//6277 1996//6278
f 1991//6279 1995//6280 1994//6281 1990//6282
f 1989//6283 1993//6284 1996//6285 1992//6286
f 1990//6287 1994//6288 1993//6289 1989//6290
f 1998//6291 1999//6292 2000//6293 1997//6294
f 1994//6295 1998//6296 1997//6297 1993//6298
f 1996//6299 2000//6300 1999//6301 1995//6302
f 1995//6303 1999//6304 1998//6305 1994//6306
g default
v 10.668761 6.244394 -1.287313
v 10.668761 6.244394 -1.039812
v 10.668075 6.227994 -1.287313
v 10.668075 6.227995 -1.039812
v 10.655480 6.220483 -1.287313
v 10.655480 6.220483 -1.039812
v 10.643571 6.229371 -1.287313
v 10.643571 6.229371 -1.039812
v 10.644257 6.245771 -1.287313
v 10.644257 6.245771 -1.039812
v 10.656852 6.253282 -1.287313
v 10.656852 6.253282 -1.039812
vn 0.999127 -0.041778 0.000000
vn 0.999127 -0.041778 0.000000
vn 0.999127 -0.041778 0.000000
vn 0.999127 -0.041778 0.000000
vn 0.512207 -0.858862 0.000000
vn 0.512207 -0.858862 0.000000
vn 0.512207 -0.858862 0.000000
vn 0.512207 -0.858862 0.000000
vn -0.598118 -0.801408 0.000000
vn -0.598118 -0.801408 0.000000
vn -0.598118 -0.801408 0.000000
vn -0.598118 -0.801408 0.000000
vn -0.999127 0.041778 -0.000000
vn -0.999127 0.041778 -0.000000
vn -0.999127 0.041778 -0.000000
vn -0.999127 0.041778 -0.000000
vn 0.000000 -0.000000 1.000000
vn 0.000000 -0.000000 1.000000
vn 0.000000 -0.000000 1.000000
vn 0.000000 -0.000000 1.000000
vn 0.000000 -0.000000 1.000000
vn 0.000000 -0.000000 1.000000
vn -0.512207 0.858862 -0.000000
vn -0.512207 0.858862 -0.000000
vn -0.512207 0.858862 -0.000000
vn -0.512207 0.858862 -0.000000
vn 0.598118 0.801408 -0.000000
vn 0.598118 0.801408 -0.000000
vn 0.598118 0.801408 -0.000000
vn 0.598118 0.801408 -0.000000
vn -0.000000 0.000001 -1.000000
vn -0.000000 0.000001 -1.000000
vn -0.000000 0.000001 -1.000000
vn -0.000000 0.000001 -1.000000
vn -0.000000 0.000001 -1.000000
vn -0.000000 0.000001 -1.000000
s off
g lightTower lightTowerGrp light3 lightGrp3 polySurface133
usemtl SM_Light_Tower_1_JFGSG
f 2001//6307 2002//6308 2004//6309 2003//6310
f 2003//6311 2004//6312 2006//6313 2005//6314
f 2005//6315 2006//6316 2008//6317 2007//6318
f 2007//6319 2008//6320 2010//6321 2009//6322
f 2004//6323 2002//6324 2012//6325 2010//6326 2008//6327 2006//6328
f 2009//6329 2010//6330 2012//6331 2011//6332
f 2011//6333 2012//6334 2002//6335 2001//6336
f 2001//6337 2003//6338 2005//6339 2007//6340 2009//6341 2011//6342
g default
v 10.799199 6.180632 -1.298214
v 10.799199 6.180632 -1.028944
v 10.807728 6.180153 -1.298214
v 10.807728 6.180153 -1.028944
v 10.811634 6.171351 -1.298214
v 10.811634 6.171351 -1.028944
v 10.807012 6.163028 -1.298214
v 10.807012 6.163028 -1.028944
v 10.798483 6.163507 -1.298214
v 10.798483 6.163507 -1.028944
v 10.794576 6.172309 -1.298214
v 10.794576 6.172309 -1.028944
vn 0.056100 0.998425 -0.000000
vn 0.056100 0.998425 -0.000000
vn 0.056100 0.998425 -0.000000
vn 0.056100 0.998425 -0.000000
vn 0.914020 0.405668 -0.000000
vn 0.914020 0.405668 -0.000000
vn 0.914020 0.405668 -0.000000
vn 0.914020 0.405668 -0.000000
vn 0.874206 -0.485555 0.000000
vn 0.874206 -0.485555 0.000000
vn 0.874206 -0.485555 0.000000
vn 0.874206 -0.485555 0.000000
vn -0.056100 -0.998425 0.000000
vn -0.056100 -0.998425 0.000000
vn -0.056100 -0.998425 0.000000
vn -0.056100 -0.998425 0.000000
vn -0.914020 -0.405668 0.000000
vn -0.914020 -0.405668 0.000000
vn -0.914020 -0.405668 0.000000
vn -0.914020 -0.405668 0.000000
vn -0.874206 0.485555 -0.000000
vn -0.874206 0.485555 -0.000000
vn -0.874206 0.485555 -0.000000
vn -0.874206 0.485555 -0.000000
vn 0.000000 -0.000000 1.000000
vn 0.000000 -0.000000 1.000000
vn 0.000000 -0.000000 1.000000
vn 0.000000 -0.000000 1.000000
vn 0.000000 -0.000000 1.000000
vn 0.000000 -0.000000 1.000000
s off
g lightTower lightTowerGrp light3 lightGrp3 polySurface138
usemtl SM_Light_Tower_1_JFGSG
f 2013//6343 2014//6344 2016//6345 2015//6346
f 2015//6347 2016//6348 2018//6349 2017//6350
f 2017//6351 2018//6352 2020//6353 2019//6354
f 2019//6355 2020//6356 2022//6357 2021//6358
f 2021//6359 2022//6360 2024//6361 2023//6362
f 2023//6363 2024//6364 2014//6365 2013//6366
f 2016//6367 2014//6368 2024//6369 2022//6370 2020//6371 2018//6372
g default
v 10.691460 6.119671 -1.025229
v 10.708738 6.129975 -1.025229
v 10.694185 6.113531 -1.035611
v 10.711463 6.123836 -1.035611
v 10.699635 6.101252 -1.035611
v 10.716913 6.111556 -1.035611
v 10.702360 6.095112 -1.025229
v 10.719638 6.105416 -1.025229
v 10.699635 6.101252 -1.014847
v 10.716913 6.111556 -1.014847
v 10.694185 6.113531 -1.014847
v 10.711463 6.123836 -1.014847
vn -0.430950 0.722611 -0.540476
vn -0.430950 0.722611 -0.540476
vn -0.430950 0.722611 -0.540476
vn -0.430950 0.722611 -0.540476
vn -0.000000 0.000000 -1.000000
vn -0.000000 0.000000 -1.000000
vn -0.000000 0.000000 -1.000000
vn -0.000000 0.000000 -1.000000
vn 0.430950 -0.722612 -0.540476
vn 0.430950 -0.722612 -0.540476
vn 0.430950 -0.722612 -0.540476
vn 0.430950 -0.722612 -0.540476
vn 0.430950 -0.722611 0.540476
vn 0.430950 -0.722611 0.540476
vn 0.430950 -0.722611 0.540476
vn 0.430950 -0.722611 0.540476
vn 0.914021 0.405668 -0.000000
vn 0.914021 0.405668 -0.000000
vn 0.914021 0.405668 -0.000000
vn 0.914021 0.405668 -0.000000
vn 0.914021 0.405668 -0.000000
vn 0.914021 0.405668 -0.000000
vn 0.000000 0.000000 1.000000
vn 0.000000 0.000000 1.000000
vn 0.000000 0.000000 1.000000
vn 0.000000 0.000000 1.000000
vn -0.430950 0.722612 0.540476
vn -0.430950 0.722612 0.540476
vn -0.430950 0.722612 0.540476
vn -0.430950 0.722612 0.540476
vn -0.914021 -0.405668 0.000000
vn -0.914021 -0.405668 0.000000
vn -0.914021 -0.405668 0.000000
vn -0.914021 -0.405668 0.000000
vn -0.914021 -0.405668 0.000000
vn -0.914021 -0.405668 0.000000
s off
g lightTower lightTowerGrp light3 lightGrp3 polySurface136
usemtl SM_Light_Tower_1_JFGSG
f 2025//6373 2026//6374 2028//6375 2027//6376
f 2027//6377 2028//6378 2030//6379 2029//6380
f 2029//6381 2030//6382 2032//6383 2031//6384
f 2031//6385 2032//6386 2034//6387 2033//6388
f 2028//6389 2026//6390 2036//6391 2034//6392 2032//6393 2030//6394
f 2033//6395 2034//6396 2036//6397 2035//6398
f 2035//6399 2036//6400 2026//6401 2025//6402
f 2025//6403 2027//6404 2029//6405 2031//6406 2033//6407 2035//6408
g default
v 10.639532 6.226963 -1.041183
v 10.669946 6.245101 -1.041183
v 10.646684 6.210848 -1.032101
v 10.677098 6.228987 -1.032101
v 10.646684 6.210848 -1.013936
v 10.677098 6.228987 -1.013936
v 10.639532 6.226963 -1.004853
v 10.669946 6.245101 -1.004853
v 10.632380 6.243077 -1.013936
v 10.662794 6.261215 -1.013936
v 10.632380 6.243077 -1.032101
v 10.662794 6.261215 -1.032101
vn 0.235915 -0.395579 -0.887616
vn 0.235915 -0.395579 -0.887616
vn 0.235915 -0.395579 -0.887616
vn 0.235915 -0.395579 -0.887616
vn 0.512207 -0.858862 0.000000
vn 0.512207 -0.858862 0.000000
vn 0.512207 -0.858862 0.000000
vn 0.512207 -0.858862 0.000000
vn 0.235915 -0.395579 0.887616
vn 0.235915 -0.395579 0.887616
vn 0.235915 -0.395579 0.887616
vn 0.235915 -0.395579 0.887616
vn -0.235918 0.395578 0.887615
vn -0.235918 0.395578 0.887615
vn -0.235918 0.395578 0.887615
vn -0.235918 0.395578 0.887615
vn 0.914020 0.405668 -0.000000
vn 0.914021 0.405668 -0.000000
vn 0.914020 0.405668 -0.000000
vn 0.914020 0.405668 -0.000000
vn 0.914021 0.405668 -0.000000
vn 0.914020 0.405668 -0.000000
vn -0.512207 0.858862 -0.000000
vn -0.512207 0.858862 -0.000000
vn -0.512207 0.858862 -0.000000
vn -0.512207 0.858862 -0.000000
vn -0.235912 0.395580 -0.887616
vn -0.235912 0.395580 -0.887616
vn -0.235912 0.395580 -0.887616
vn -0.235912 0.395580 -0.887616
vn -0.914020 -0.405668 0.000000
vn -0.914020 -0.405668 0.000000
vn -0.914020 -0.405668 0.000000
vn -0.914020 -0.405668 0.000000
vn -0.914020 -0.405668 0.000000
vn -0.914020 -0.405668 0.000000
s off
g lightTower lightTowerGrp light3 lightGrp3 polySurface142
usemtl SM_Light_Tower_1_JFGSG
f 2037//6409 2038//6410 2040//6411 2039//6412
f 2039//6413 2040//6414 2042//6415 2041//6416
f 2041//6417 2042//6418 2044//6419 2043//6420
f 2043//6421 2044//6422 2046//6423 2045//6424
f 2040//6425 2038//6426 2048//6427 2046//6428 2044//6429 2042//6430
f 2045//6431 2046//6432 2048//6433 2047//6434
f 2047//6435 2048//6436 2038//6437 2037//6438
f 2037//6439 2039//6440 2041//6441 2043//6442 2045//6443 2047//6444
g default
v 10.925551 5.697351 -1.024318
v 10.957792 5.716579 -1.024318
v 10.929800 5.687777 -1.040506
v 10.962041 5.707005 -1.040506
v 10.938299 5.668629 -1.040506
v 10.970539 5.687857 -1.040506
v 10.942548 5.659055 -1.024318
v 10.974788 5.678283 -1.024318
v 10.938299 5.668629 -1.008129
v 10.970539 5.687857 -1.008129
v 10.929800 5.687777 -1.008129
v 10.962041 5.707005 -1.008129
vn -0.430950 0.722611 -0.540477
vn -0.430950 0.722611 -0.540477
vn -0.430950 0.722611 -0.540477
vn -0.430950 0.722611 -0.540477
vn -0.000000 0.000000 -1.000000
vn -0.000000 0.000000 -1.000000
vn -0.000000 0.000000 -1.000000
vn -0.000000 0.000000 -1.000000
vn 0.430952 -0.722614 -0.540472
vn 0.430952 -0.722614 -0.540472
vn 0.430952 -0.722614 -0.540472
vn 0.430952 -0.722614 -0.540472
vn 0.430951 -0.722614 0.540473
vn 0.430951 -0.722614 0.540473
vn 0.430951 -0.722614 0.540473
vn 0.430951 -0.722614 0.540473
vn 0.914021 0.405668 -0.000000
vn 0.914020 0.405668 -0.000000
vn 0.914021 0.405668 -0.000000
vn 0.914020 0.405668 -0.000000
vn 0.914020 0.405668 -0.000000
vn 0.914020 0.405668 -0.000000
vn -0.000000 0.000000 1.000000
vn -0.000000 0.000000 1.000000
vn -0.000000 0.000000 1.000000
vn -0.000000 0.000000 1.000000
vn -0.430950 0.722611 0.540477
vn -0.430950 0.722611 0.540477
vn -0.430950 0.722611 0.540477
vn -0.430950 0.722611 0.540477
vn -0.914020 -0.405668 0.000000
vn -0.914021 -0.405668 0.000000
vn -0.914020 -0.405668 0.000000
vn -0.914020 -0.405668 0.000000
vn -0.914020 -0.405668 0.000000
vn -0.914021 -0.405668 0.000000
s off
g lightTower lightTowerGrp light3 lightGrp3 polySurface115
usemtl SM_Light_Tower_1_JFGSG
f 2049//6445 2050//6446 2052//6447 2051//6448
f 2051//6449 2052//6450 2054//6451 2053//6452
f 2053//6453 2054//6454 2056//6455 2055//6456
f 2055//6457 2056//6458 2058//6459 2057//6460
f 2052//6461 2050//6462 2060//6463 2058//6464 2056//6465 2054//6466
f 2057//6467 2058//6468 2060//6469 2059//6470
f 2059//6471 2060//6472 2050//6473 2049//6474
f 2049//6475 2051//6476 2053//6477 2055//6478 2057//6479 2059//6480
g default
v 10.925551 5.697351 -0.860585
v 10.958390 5.716936 -0.860585
v 10.929800 5.687777 -0.876774
v 10.962640 5.707362 -0.876774
v 10.938299 5.668629 -0.876774
v 10.971138 5.688214 -0.876774
v 10.942548 5.659055 -0.860585
v 10.975387 5.678640 -0.860585
v 10.938299 5.668629 -0.844397
v 10.971138 5.688214 -0.844397
v 10.929800 5.687777 -0.844397
v 10.962640 5.707362 -0.844397
vn -0.926649 0.375929 -0.000001
vn 0.207391 0.978258 -0.000001
vn 0.382362 0.576642 -0.722000
vn -0.726303 0.063417 -0.684443
vn -0.726303 0.063417 -0.684443
vn 0.382362 0.576642 -0.722000
vn 0.726303 -0.063419 -0.684443
vn -0.382362 -0.576643 -0.721999
vn -0.382362 -0.576643 -0.721999
vn 0.726303 -0.063419 -0.684443
vn 0.926649 -0.375928 -0.000000
vn -0.207392 -0.978258 -0.000000
vn -0.207392 -0.978258 -0.000000
vn 0.926649 -0.375928 -0.000000
vn 0.726303 -0.063420 0.684443
vn -0.382361 -0.576644 0.721999
vn 0.382362 0.576642 -0.722000
vn 0.207391 0.978258 -0.000001
vn 0.382363 0.576642 0.721999
vn 0.726303 -0.063420 0.684443
vn 0.926649 -0.375928 -0.000000
vn 0.726303 -0.063419 -0.684443
vn -0.382361 -0.576644 0.721999
vn 0.726303 -0.063420 0.684443
vn 0.382363 0.576642 0.721999
vn -0.726303 0.063417 0.684443
vn -0.726303 0.063417 0.684443
vn 0.382363 0.576642 0.721999
vn 0.207391 0.978258 -0.000001
vn -0.926649 0.375929 -0.000001
vn -0.926649 0.375929 -0.000001
vn -0.726303 0.063417 -0.684443
vn -0.382362 -0.576643 -0.721999
vn -0.207392 -0.978258 -0.000000
vn -0.382361 -0.576644 0.721999
vn -0.726303 0.063417 0.684443
s off
g lightTower lightTowerGrp lightGrp3 polySurface35 light2
usemtl SM_Light_Tower_1_JFGSG
f 2061//6481 2062//6482 2064//6483 2063//6484
f 2063//6485 2064//6486 2066//6487 2065//6488
f 2065//6489 2066//6490 2068//6491 2067//6492
f 2067//6493 2068//6494 2070//6495 2069//6496
f 2064//6497 2062//6498 2072//6499 2070//6500 2068//6501 2066//6502
f 2069//6503 2070//6504 2072//6505 2071//6506
f 2071//6507 2072//6508 2062//6509 2061//6510
f 2061//6511 2063//6512 2065//6513 2067//6514 2069//6515 2071//6516
g default
v 10.925551 5.697351 -0.584119
v 10.957792 5.716579 -0.584119
v 10.929800 5.687777 -0.600308
v 10.962041 5.707005 -0.600308
v 10.938299 5.668629 -0.600308
v 10.970539 5.687857 -0.600308
v 10.942548 5.659055 -0.584119
v 10.974788 5.678283 -0.584119
v 10.938299 5.668629 -0.567931
v 10.970539 5.687857 -0.567931
v 10.929800 5.687777 -0.567931
v 10.962041 5.707005 -0.567931
vn -0.926649 0.375929 -0.000000
vn 0.207391 0.978258 -0.000000
vn 0.382362 0.576641 -0.722000
vn -0.726302 0.063417 -0.684444
vn -0.726302 0.063417 -0.684444
vn 0.382362 0.576641 -0.722000
vn 0.726303 -0.063419 -0.684443
vn -0.382361 -0.576643 -0.721999
vn -0.382361 -0.576643 -0.721999
vn 0.726303 -0.063419 -0.684443
vn 0.926649 -0.375928 0.000000
vn -0.207393 -0.978258 0.000000
vn -0.207393 -0.978258 0.000000
vn 0.926649 -0.375928 0.000000
vn 0.726303 -0.063419 0.684443
vn -0.382361 -0.576643 0.721999
vn 0.382362 0.576641 -0.722000
vn 0.207391 0.978258 -0.000000
vn 0.382362 0.576642 0.721999
vn 0.726303 -0.063419 0.684443
vn 0.926649 -0.375928 0.000000
vn 0.726303 -0.063419 -0.684443
vn -0.382361 -0.576643 0.721999
vn 0.726303 -0.063419 0.684443
vn 0.382362 0.576642 0.721999
vn -0.726302 0.063417 0.684444
vn -0.726302 0.063417 0.684444
vn 0.382362 0.576642 0.721999
vn 0.207391 0.978258 -0.000000
vn -0.926649 0.375929 -0.000000
vn -0.926649 0.375929 -0.000000
vn -0.726302 0.063417 -0.684444
vn -0.382361 -0.576643 -0.721999
vn -0.207393 -0.978258 0.000000
vn -0.382361 -0.576643 0.721999
vn -0.726302 0.063417 0.684444
s off
g lightTower lightTowerGrp lightGrp3 light2 polySurface37
usemtl SM_Light_Tower_1_JFGSG
f 2073//6517 2074//6518 2076//6519 2075//6520
f 2075//6521 2076//6522 2078//6523 2077//6524
f 2077//6525 2078//6526 2080//6527 2079//6528
f 2079//6529 2080//6530 2082//6531 2081//6532
f 2076//6533 2074//6534 2084//6535 2082//6536 2080//6537 2078//6538
f 2081//6539 2082//6540 2084//6541 2083//6542
f 2083//6543 2084//6544 2074//6545 2073//6546
f 2073//6547 2075//6548 2077//6549 2079//6550 2081//6551 2083//6552
g default
v 10.962341 5.704742 -0.582568
v 10.985057 5.721568 -0.582568
v 10.964996 5.698761 -0.592683
v 10.988287 5.714290 -0.594875
v 10.970306 5.686798 -0.592683
v 10.994747 5.699735 -0.594875
v 10.972960 5.680816 -0.582568
v 10.997978 5.692457 -0.582568
v 10.970306 5.686798 -0.572454
v 10.994747 5.699735 -0.570262
v 10.964996 5.698761 -0.572454
v 10.988287 5.714290 -0.570262
v 10.663175 6.253309 -0.582568
v 10.730120 6.293404 -0.582569
v 10.665356 6.248394 -0.590879
v 10.732331 6.288422 -0.590992
v 10.669719 6.238564 -0.590879
v 10.736754 6.278458 -0.590992
v 10.671900 6.233650 -0.582568
v 10.738965 6.273476 -0.582568
v 10.669719 6.238564 -0.574258
v 10.736754 6.278458 -0.574145
v 10.665356 6.248394 -0.574258
v 10.732331 6.288422 -0.574145
v 10.982268 5.729543 -0.582568
v 10.742564 6.269627 -0.582568
v 10.987968 5.732942 -0.593740
v 10.748264 6.273026 -0.593740
v 10.999368 5.739741 -0.593740
v 10.759663 6.279825 -0.593740
v 11.005068 5.743140 -0.582568
v 10.765363 6.283224 -0.582569
v 10.999368 5.739741 -0.571396
v 10.759663 6.279825 -0.571397
v 10.987968 5.732942 -0.571396
v 10.748264 6.273026 -0.571397
v 10.987842 5.720978 -0.582568
v 10.994492 5.719739 -0.570829
v 11.013079 5.715101 -0.570829
v 11.019729 5.713862 -0.582568
v 11.013079 5.715101 -0.594307
v 10.994492 5.719739 -0.594307
v 10.753804 6.301087 -0.592366
v 10.743626 6.279564 -0.592366
v 10.741881 6.275373 -0.582568
v 10.743626 6.279564 -0.572771
v 10.753804 6.301087 -0.572771
v 10.755549 6.305277 -0.582569
vn -0.595218 0.803564 -0.000001
vn -0.530631 0.847603 0.000000
vn -0.252589 0.385796 -0.887333
vn -0.318812 0.354050 -0.879208
vn -0.318812 0.354050 -0.879208
vn -0.252589 0.385796 -0.887333
vn 0.263121 -0.407089 -0.874669
vn 0.150082 -0.434058 -0.888296
vn 0.150082 -0.434058 -0.888296
vn 0.263121 -0.407089 -0.874669
vn 0.559537 -0.828805 0.000001
vn 0.421871 -0.906656 -0.000001
vn 0.421871 -0.906656 -0.000001
vn 0.559537 -0.828805 0.000001
vn 0.263121 -0.407088 0.874669
vn 0.150079 -0.434060 0.888295
vn 0.150079 -0.434060 0.888295
vn 0.263121 -0.407088 0.874669
vn -0.252591 0.385795 0.887333
vn -0.318816 0.354049 0.879207
vn -0.318816 0.354049 0.879207
vn -0.252591 0.385795 0.887333
vn -0.530631 0.847603 0.000000
vn -0.595218 0.803564 -0.000001
vn -0.513812 0.857903 -0.000001
vn -0.493715 0.869624 -0.000000
vn -0.272537 0.430099 -0.860662
vn -0.237475 0.394833 -0.887532
vn -0.237475 0.394833 -0.887532
vn -0.272537 0.430099 -0.860662
vn 0.131205 -0.414835 -0.900387
vn 0.234355 -0.396323 -0.887697
vn 0.234355 -0.396323 -0.887697
vn 0.131205 -0.414835 -0.900387
vn 0.372792 -0.927915 -0.000000
vn 0.510604 -0.859816 -0.000000
vn 0.510604 -0.859816 -0.000000
vn 0.372792 -0.927915 -0.000000
vn 0.131206 -0.414835 0.900387
vn 0.234356 -0.396323 0.887697
vn 0.234356 -0.396323 0.887697
vn 0.131206 -0.414835 0.900387
vn -0.272537 0.430100 0.860661
vn -0.237475 0.394834 0.887532
vn -0.237475 0.394834 0.887532
vn -0.272537 0.430100 0.860661
vn -0.493715 0.869624 -0.000000
vn -0.513812 0.857903 -0.000001
vn -0.897872 -0.440256 0.000000
vn -0.924759 -0.380553 0.000000
vn -0.461640 -0.156788 -0.873101
vn -0.459527 -0.217848 -0.861032
vn -0.459527 -0.217848 -0.861032
vn -0.461640 -0.156788 -0.873101
vn 0.426875 0.208472 -0.879953
vn 0.440720 0.223984 -0.869251
vn 0.440720 0.223984 -0.869251
vn 0.426875 0.208472 -0.879953
vn 0.925476 0.378806 -0.000000
vn 0.898638 0.438691 0.000001
vn 0.898638 0.438691 0.000001
vn 0.925476 0.378806 -0.000000
vn 0.426875 0.208472 0.879953
vn 0.440720 0.223984 0.869251
vn 0.440720 0.223984 0.869251
vn 0.426875 0.208472 0.879953
vn -0.461640 -0.156788 0.873101
vn -0.459527 -0.217848 0.861032
vn -0.459527 -0.217848 0.861032
vn -0.461640 -0.156788 0.873101
vn -0.924759 -0.380553 0.000000
vn -0.897872 -0.440256 0.000000
vn 0.211948 0.557362 -0.802761
vn -0.270626 -0.223408 -0.936403
vn 0.131205 -0.414835 -0.900387
vn -0.272537 0.430099 -0.860662
vn -0.270626 -0.223408 -0.936403
vn -0.513792 -0.857915 0.000000
vn 0.372792 -0.927915 -0.000000
vn 0.131205 -0.414835 -0.900387
vn -0.513792 -0.857915 0.000000
vn -0.270626 -0.223408 0.936403
vn 0.131206 -0.414835 0.900387
vn 0.372792 -0.927915 -0.000000
vn -0.270626 -0.223408 0.936403
vn 0.211947 0.557362 0.802761
vn -0.272537 0.430100 0.860661
vn 0.131206 -0.414835 0.900387
vn 0.211947 0.557362 0.802761
vn 0.414646 0.909983 -0.000000
vn -0.493715 0.869624 -0.000000
vn -0.272537 0.430100 0.860661
vn 0.414646 0.909983 -0.000000
vn 0.211948 0.557362 -0.802761
vn -0.272537 0.430099 -0.860662
vn -0.493715 0.869624 -0.000000
vn -0.459527 -0.217848 -0.861032
vn 0.440720 0.223984 -0.869251
vn 0.605574 -0.087316 -0.790985
vn -0.231347 0.097036 -0.968020
vn 0.440720 0.223984 -0.869251
vn 0.898638 0.438691 0.000001
vn 0.989298 -0.145907 0.000001
vn 0.605574 -0.087316 -0.790985
vn 0.898638 0.438691 0.000001
vn 0.440720 0.223984 0.869251
vn 0.605574 -0.087314 0.790984
vn 0.989298 -0.145907 0.000001
vn 0.440720 0.223984 0.869251
vn -0.459527 -0.217848 0.861032
vn -0.231346 0.097036 0.968020
vn 0.605574 -0.087314 0.790984
vn -0.459527 -0.217848 0.861032
vn -0.897872 -0.440256 0.000000
vn -0.951890 0.306440 -0.000000
vn -0.231346 0.097036 0.968020
vn -0.897872 -0.440256 0.000000
vn -0.459527 -0.217848 -0.861032
vn -0.231347 0.097036 -0.968020
vn -0.951890 0.306440 -0.000000
vn -0.231346 0.097036 0.968020
vn -0.951890 0.306440 -0.000000
vn -0.530631 0.847603 0.000000
vn -0.252591 0.385795 0.887333
vn 0.605574 -0.087314 0.790984
vn -0.231346 0.097036 0.968020
vn -0.252591 0.385795 0.887333
vn 0.263121 -0.407088 0.874669
vn 0.989298 -0.145907 0.000001
vn 0.605574 -0.087314 0.790984
vn 0.263121 -0.407088 0.874669
vn 0.559537 -0.828805 0.000001
vn 0.605574 -0.087316 -0.790985
vn 0.989298 -0.145907 0.000001
vn 0.559537 -0.828805 0.000001
vn 0.263121 -0.407089 -0.874669
vn -0.231347 0.097036 -0.968020
vn 0.605574 -0.087316 -0.790985
vn 0.263121 -0.407089 -0.874669
vn -0.252589 0.385796 -0.887333
vn -0.951890 0.306440 -0.000000
vn -0.231347 0.097036 -0.968020
vn -0.252589 0.385796 -0.887333
vn -0.530631 0.847603 0.000000
vn 0.925476 0.378806 -0.000000
vn 0.426875 0.208472 -0.879953
vn 0.211948 0.557362 -0.802761
vn 0.414646 0.909983 -0.000000
vn 0.426875 0.208472 0.879953
vn 0.925476 0.378806 -0.000000
vn 0.414646 0.909983 -0.000000
vn 0.211947 0.557362 0.802761
vn -0.461640 -0.156788 0.873101
vn 0.426875 0.208472 0.879953
vn 0.211947 0.557362 0.802761
vn -0.270626 -0.223408 0.936403
vn -0.924759 -0.380553 0.000000
vn -0.461640 -0.156788 0.873101
vn -0.270626 -0.223408 0.936403
vn -0.513792 -0.857915 0.000000
vn -0.461640 -0.156788 -0.873101
vn -0.924759 -0.380553 0.000000
vn -0.513792 -0.857915 0.000000
vn -0.270626 -0.223408 -0.936403
vn 0.426875 0.208472 -0.879953
vn -0.461640 -0.156788 -0.873101
vn -0.270626 -0.223408 -0.936403
vn 0.211948 0.557362 -0.802761
s off
g lightTower lightTowerGrp lightGrp3 light2 polySurface93
usemtl SM_Light_Tower_1_JFGSG
f 2085//6553 2086//6554 2088//6555 2087//6556
f 2087//6557 2088//6558 2090//6559 2089//6560
f 2089//6561 2090//6562 2092//6563 2091//6564
f 2091//6565 2092//6566 2094//6567 2093//6568
f 2093//6569 2094//6570 2096//6571 2095//6572
f 2095//6573 2096//6574 2086//6575 2085//6576
f 2097//6577 2098//6578 2100//6579 2099//6580
f 2099//6581 2100//6582 2102//6583 2101//6584
f 2101//6585 2102//6586 2104//6587 2103//6588
f 2103//6589 2104//6590 2106//6591 2105//6592
f 2105//6593 2106//6594 2108//6595 2107//6596
f 2107//6597 2108//6598 2098//6599 2097//6600
f 2109//6601 2110//6602 2112//6603 2111//6604
f 2111//6605 2112//6606 2114//6607 2113//6608
f 2113//6609 2114//6610 2116//6611 2115//6612
f 2115//6613 2116//6614 2118//6615 2117//6616
f 2117//6617 2118//6618 2120//6619 2119//6620
f 2119//6621 2120//6622 2110//6623 2109//6624
f 2127//6625 2128//6626 2102//6627 2100//6628
f 2128//6629 2129//6630 2104//6631 2102//6632
f 2129//6633 2130//6634 2106//6635 2104//6636
f 2130//6637 2131//6638 2108//6639 2106//6640
f 2131//6641 2132//6642 2098//6643 2108//6644
f 2132//6645 2127//6646 2100//6647 2098//6648
f 2111//6649 2113//6650 2125//6651 2126//6652
f 2113//6653 2115//6654 2124//6655 2125//6656
f 2115//6657 2117//6658 2123//6659 2124//6660
f 2117//6661 2119//6662 2122//6663 2123//6664
f 2119//6665 2109//6666 2121//6667 2122//6668
f 2109//6669 2111//6670 2126//6671 2121//6672
f 2122//6673 2121//6674 2086//6675 2096//6676
f 2123//6677 2122//6678 2096//6679 2094//6680
f 2124//6681 2123//6682 2094//6683 2092//6684
f 2125//6685 2124//6686 2092//6687 2090//6688
f 2126//6689 2125//6690 2090//6691 2088//6692
f 2121//6693 2126//6694 2088//6695 2086//6696
f 2116//6697 2114//6698 2127//6699 2132//6700
f 2118//6701 2116//6702 2132//6703 2131//6704
f 2120//6705 2118//6706 2131//6707 2130//6708
f 2110//6709 2120//6710 2130//6711 2129//6712
f 2112//6713 2110//6714 2129//6715 2128//6716
f 2114//6717 2112//6718 2128//6719 2127//6720
g default
v 10.877654 5.904826 -0.619729
v 10.781659 6.121114 -0.619729
v 10.877654 5.904826 -0.814469
v 10.781659 6.121114 -0.814469
v 10.859950 5.894268 -0.619729
v 10.763955 6.110556 -0.619729
v 10.859950 5.894268 -0.814469
v 10.763955 6.110556 -0.814469
v 10.747889 6.088134 -0.806869
v 10.834871 5.892152 -0.806869
v 10.834871 5.892152 -0.624773
v 10.747889 6.088134 -0.624773
v 10.736111 6.046404 -0.795362
v 10.798734 5.905306 -0.795362
v 10.798734 5.905306 -0.636487
v 10.736111 6.046404 -0.636487
v 10.735516 6.006929 -0.777698
v 10.770682 5.927696 -0.777698
v 10.770682 5.927696 -0.654668
v 10.735516 6.006929 -0.654668
vn 0.342389 -0.574113 -0.743750
vn 0.132102 -0.668697 -0.731706
vn -0.534436 0.464623 -0.706048
vn -0.342389 0.574112 -0.743751
vn 0.132102 -0.668697 -0.731706
vn -0.260319 -0.730832 -0.630966
vn -0.779347 0.224550 -0.584975
vn -0.534436 0.464623 -0.706048
vn 0.160411 -0.668017 0.726651
vn 0.342389 -0.574112 0.743751
vn -0.342389 0.574113 0.743750
vn -0.519605 0.484973 0.703429
vn 0.342389 -0.574113 -0.743750
vn 0.342389 -0.574112 0.743751
vn 0.160411 -0.668017 0.726651
vn 0.132102 -0.668697 -0.731706
vn -0.534436 0.464623 -0.706048
vn -0.519605 0.484973 0.703429
vn -0.342389 0.574113 0.743750
vn -0.342389 0.574112 -0.743751
vn -0.749262 0.236565 0.618582
vn -0.850117 -0.008964 0.526518
vn -0.535973 -0.630580 0.561338
vn -0.228116 -0.712113 0.663972
vn -0.519605 0.484973 0.703429
vn -0.749262 0.236565 0.618582
vn -0.228116 -0.712113 0.663972
vn 0.160411 -0.668017 0.726651
vn 0.160411 -0.668017 0.726651
vn -0.228116 -0.712113 0.663972
vn -0.260319 -0.730832 -0.630966
vn 0.132102 -0.668697 -0.731706
vn -0.534436 0.464623 -0.706048
vn -0.779347 0.224550 -0.584975
vn -0.749262 0.236565 0.618582
vn -0.519605 0.484973 0.703429
vn -0.848403 -0.007150 -0.529303
vn -0.922821 -0.238379 -0.302617
vn -0.924857 -0.238856 0.295951
vn -0.850117 -0.008964 0.526518
vn -0.228116 -0.712113 0.663972
vn -0.535973 -0.630580 0.561338
vn -0.533072 -0.630405 -0.564291
vn -0.260319 -0.730832 -0.630966
vn -0.779347 0.224550 -0.584975
vn -0.848403 -0.007150 -0.529303
vn -0.850117 -0.008964 0.526518
vn -0.749262 0.236565 0.618582
vn -0.260319 -0.730832 -0.630966
vn -0.533072 -0.630405 -0.564291
vn -0.848403 -0.007150 -0.529303
vn -0.779347 0.224550 -0.584975
vn -0.789308 -0.527797 -0.313725
vn -0.791140 -0.529083 0.306867
vn -0.924857 -0.238856 0.295951
vn -0.922821 -0.238379 -0.302617
vn -0.533072 -0.630405 -0.564291
vn -0.789308 -0.527797 -0.313725
vn -0.922821 -0.238379 -0.302617
vn -0.848403 -0.007150 -0.529303
vn -0.850117 -0.008964 0.526518
vn -0.924857 -0.238856 0.295951
vn -0.791140 -0.529083 0.306867
vn -0.535973 -0.630580 0.561338
vn -0.535973 -0.630580 0.561338
vn -0.791140 -0.529083 0.306867
vn -0.789308 -0.527797 -0.313725
vn -0.533072 -0.630405 -0.564291
s off
g lightTower lightTowerGrp lightGrp3 light2 polySurface11
usemtl SM_Light_Tower_1_JFGSG
f 2135//6721 2139//6722 2140//6723 2136//6724
f 2139//6725 2142//6726 2141//6727 2140//6728
f 2137//6729 2133//6730 2134//6731 2138//6732
f 2135//6733 2133//6734 2137//6735 2139//6736
f 2140//6737 2138//6738 2134//6739 2136//6740
f 2144//6741 2148//6742 2147//6743 2143//6744
f 2138//6745 2144//6746 2143//6747 2137//6748
f 2137//6749 2143//6750 2142//6751 2139//6752
f 2140//6753 2141//6754 2144//6755 2138//6756
f 2145//6757 2149//6758 2152//6759 2148//6760
f 2143//6761 2147//6762 2146//6763 2142//6764
f 2141//6765 2145//6766 2148//6767 2144//6768
f 2142//6769 2146//6770 2145//6771 2141//6772
f 2150//6773 2151//6774 2152//6775 2149//6776
f 2146//6777 2150//6778 2149//6779 2145//6780
f 2148//6781 2152//6782 2151//6783 2147//6784
f 2147//6785 2151//6786 2150//6787 2146//6788
g default
v 10.865200 5.882191 -0.603734
v 10.758845 6.121822 -0.603734
v 10.865200 5.882191 -0.836180
v 10.758845 6.121822 -0.836180
v 10.894839 5.880986 -0.589159
v 10.775232 6.150476 -0.589159
v 10.894839 5.880986 -0.850755
v 10.775232 6.150476 -0.850755
v 10.871826 5.867261 -0.850755
v 10.871826 5.867261 -0.589159
v 10.752219 6.136752 -0.589159
v 10.752219 6.136752 -0.850755
v 10.882453 5.892481 -0.836180
v 10.882453 5.892481 -0.603734
v 10.776098 6.132111 -0.603734
v 10.776098 6.132111 -0.836180
vn -0.710406 -0.627130 -0.319423
vn -0.710406 -0.627130 0.319423
vn -0.271769 -0.731311 0.625560
vn -0.271769 -0.731312 -0.625560
vn -0.271769 -0.731312 -0.625560
vn -0.785427 0.217218 -0.579587
vn 0.271769 0.731311 -0.625560
vn 0.785427 -0.217218 -0.579587
vn 0.785427 -0.217218 -0.579587
vn 0.271769 0.731311 -0.625560
vn 0.271769 0.731312 0.625560
vn 0.785427 -0.217218 0.579587
vn 0.785427 -0.217218 0.579587
vn 0.271769 0.731312 0.625560
vn -0.785427 0.217218 0.579587
vn -0.271769 -0.731311 0.625560
vn -0.271769 -0.731312 -0.625560
vn 0.785427 -0.217218 -0.579587
vn 0.785427 -0.217218 0.579587
vn -0.271769 -0.731311 0.625560
vn 0.271769 0.731311 -0.625560
vn -0.785427 0.217218 -0.579587
vn -0.785427 0.217218 0.579587
vn 0.271769 0.731312 0.625560
vn -0.945370 -0.126107 -0.300620
vn -0.945370 -0.126107 0.300620
vn -0.271769 -0.731312 -0.625560
vn -0.271769 -0.731311 0.625560
vn -0.710406 -0.627130 -0.319423
vn -0.945370 -0.126107 -0.300620
vn -0.271769 -0.731311 0.625560
vn -0.785427 0.217218 0.579587
vn -0.710406 -0.627130 0.319423
vn -0.710406 -0.627130 -0.319423
vn -0.785427 0.217218 0.579587
vn -0.785427 0.217218 -0.579587
vn -0.945370 -0.126107 0.300620
vn -0.710406 -0.627130 0.319423
vn -0.785427 0.217218 -0.579587
vn -0.271769 -0.731312 -0.625560
vn -0.785427 0.217218 -0.579587
vn -0.271769 -0.731312 -0.625560
vn -0.271769 -0.731311 0.625560
vn -0.785427 0.217218 0.579587
vn -0.945370 -0.126107 0.300620
vn -0.945370 -0.126107 -0.300620
vn -0.785427 0.217218 -0.579587
vn -0.785427 0.217218 0.579587
vn -0.710406 -0.627130 0.319423
vn -0.945370 -0.126107 0.300620
vn -0.785427 0.217218 0.579587
vn -0.271769 -0.731311 0.625560
vn -0.945370 -0.126107 -0.300620
vn -0.710406 -0.627130 -0.319423
vn -0.271769 -0.731312 -0.625560
vn -0.785427 0.217218 -0.579587
s off
g lightTower lightTowerGrp lightGrp3 light2 polySurface1
usemtl SM_Light_Tower_1_JFGSG
f 2154//6789 2156//6790 2168//6791 2167//6792
f 2161//6793 2164//6794 2160//6795 2159//6796
f 2159//6797 2160//6798 2158//6799 2157//6800
f 2157//6801 2158//6802 2163//6803 2162//6804
f 2161//6805 2159//6806 2157//6807 2162//6808
f 2160//6809 2164//6810 2163//6811 2158//6812
f 2153//6813 2155//6814 2161//6815 2162//6816
f 2154//6817 2153//6818 2162//6819 2163//6820
f 2156//6821 2154//6822 2163//6823 2164//6824
f 2155//6825 2156//6826 2164//6827 2161//6828
f 2166//6829 2167//6830 2168//6831 2165//6832
f 2155//6833 2153//6834 2166//6835 2165//6836
f 2156//6837 2155//6838 2165//6839 2168//6840
f 2153//6841 2154//6842 2167//6843 2166//6844
g default
v 10.708243 6.132149 -0.851727
v 10.724047 6.141575 -0.851727
v 10.710735 6.126533 -0.861223
v 10.726540 6.135958 -0.861223
v 10.715721 6.115301 -0.861223
v 10.731525 6.124726 -0.861223
v 10.718213 6.109684 -0.851727
v 10.734018 6.119110 -0.851727
v 10.715721 6.115301 -0.842231
v 10.731525 6.124726 -0.842231
v 10.710735 6.126533 -0.842231
v 10.726540 6.135958 -0.842231
vn -0.926649 0.375927 -0.000001
vn 0.207394 0.978258 -0.000001
vn 0.382360 0.576644 -0.721999
vn -0.726303 0.063420 -0.684442
vn -0.726303 0.063420 -0.684442
vn 0.382360 0.576644 -0.721999
vn 0.726302 -0.063418 -0.684444
vn -0.382362 -0.576642 -0.721999
vn -0.382362 -0.576642 -0.721999
vn 0.726302 -0.063418 -0.684444
vn 0.926649 -0.375928 -0.000001
vn -0.207392 -0.978258 -0.000001
vn -0.207392 -0.978258 -0.000001
vn 0.926649 -0.375928 -0.000001
vn 0.726303 -0.063418 0.684443
vn -0.382362 -0.576642 0.721999
vn 0.382360 0.576644 -0.721999
vn 0.207394 0.978258 -0.000001
vn 0.382360 0.576645 0.721998
vn 0.726303 -0.063418 0.684443
vn 0.926649 -0.375928 -0.000001
vn 0.726302 -0.063418 -0.684444
vn -0.382362 -0.576642 0.721999
vn 0.726303 -0.063418 0.684443
vn 0.382360 0.576645 0.721998
vn -0.726304 0.063421 0.684442
vn -0.726304 0.063421 0.684442
vn 0.382360 0.576645 0.721998
vn 0.207394 0.978258 -0.000001
vn -0.926649 0.375927 -0.000001
vn -0.926649 0.375927 -0.000001
vn -0.726303 0.063420 -0.684442
vn -0.382362 -0.576642 -0.721999
vn -0.207392 -0.978258 -0.000001
vn -0.382362 -0.576642 0.721999
vn -0.726304 0.063421 0.684442
s off
g lightTower lightTowerGrp lightGrp3 light2 polySurface69
usemtl SM_Light_Tower_1_JFGSG
f 2169//6845 2170//6846 2172//6847 2171//6848
f 2171//6849 2172//6850 2174//6851 2173//6852
f 2173//6853 2174//6854 2176//6855 2175//6856
f 2175//6857 2176//6858 2178//6859 2177//6860
f 2172//6861 2170//6862 2180//6863 2178//6864 2176//6865 2174//6866
f 2177//6867 2178//6868 2180//6869 2179//6870
f 2179//6871 2180//6872 2170//6873 2169//6874
f 2169//6875 2171//6876 2173//6877 2175//6878 2177//6879 2179//6880
g default
v 10.799199 6.180632 -0.858015
v 10.799199 6.180632 -0.588745
v 10.807728 6.180153 -0.858015
v 10.807728 6.180153 -0.588745
v 10.811634 6.171351 -0.858015
v 10.811634 6.171351 -0.588745
v 10.807012 6.163028 -0.858015
v 10.807012 6.163028 -0.588745
v 10.798483 6.163507 -0.858015
v 10.798483 6.163507 -0.588745
v 10.794576 6.172309 -0.858015
v 10.794576 6.172309 -0.588745
vn -0.512207 0.858862 -0.000000
vn -0.389019 0.652302 0.650512
vn 0.456801 0.612062 0.645533
vn 0.598117 0.801409 -0.000000
vn 0.598117 0.801409 -0.000000
vn 0.456801 0.612062 0.645533
vn 0.793463 -0.033179 0.607714
vn 0.999127 -0.041779 0.000000
vn 0.999127 -0.041779 0.000000
vn 0.793463 -0.033179 0.607714
vn 0.389019 -0.652302 0.650513
vn 0.512207 -0.858862 0.000000
vn 0.512207 -0.858862 0.000000
vn 0.389019 -0.652302 0.650513
vn -0.456801 -0.612062 0.645533
vn -0.598117 -0.801409 0.000000
vn -0.598117 -0.801409 0.000000
vn -0.456801 -0.612062 0.645533
vn -0.793462 0.033179 0.607714
vn -0.999127 0.041779 -0.000000
vn -0.999127 0.041779 -0.000000
vn -0.793462 0.033179 0.607714
vn -0.389019 0.652302 0.650512
vn -0.512207 0.858862 -0.000000
vn 0.456801 0.612062 0.645533
vn -0.389019 0.652302 0.650512
vn -0.793462 0.033179 0.607714
vn -0.456801 -0.612062 0.645533
vn 0.389019 -0.652302 0.650513
vn 0.793463 -0.033179 0.607714
s off
g lightTower lightTowerGrp lightGrp3 light2 polySurface66
usemtl SM_Light_Tower_1_JFGSG
f 2181//6881 2182//6882 2184//6883 2183//6884
f 2183//6885 2184//6886 2186//6887 2185//6888
f 2185//6889 2186//6890 2188//6891 2187//6892
f 2187//6893 2188//6894 2190//6895 2189//6896
f 2189//6897 2190//6898 2192//6899 2191//6900
f 2191//6901 2192//6902 2182//6903 2181//6904
f 2184//6905 2182//6906 2192//6907 2190//6908 2188//6909 2186//6910
g default
v 10.723745 6.134835 -0.852575
v 10.799444 6.179980 -0.852575
v 10.725448 6.130998 -0.859063
v 10.801147 6.176143 -0.859063
v 10.728854 6.123324 -0.859063
v 10.804553 6.168470 -0.859063
v 10.730557 6.119487 -0.852575
v 10.806256 6.164633 -0.852575
v 10.728854 6.123324 -0.846088
v 10.804553 6.168470 -0.846088
v 10.725448 6.130998 -0.846088
v 10.801147 6.176143 -0.846088
vn -0.512207 0.858862 -0.000003
vn 0.207391 0.978258 -0.000002
vn 0.382363 0.576641 -0.722000
vn -0.235915 0.395578 -0.887616
vn -0.235915 0.395578 -0.887616
vn 0.382363 0.576641 -0.722000
vn 0.726304 -0.063422 -0.684442
vn 0.235917 -0.395583 -0.887613
vn 0.235917 -0.395583 -0.887613
vn 0.726304 -0.063422 -0.684442
vn 0.926650 -0.375926 0.000001
vn 0.512207 -0.858862 0.000002
vn 0.512207 -0.858862 0.000002
vn 0.926650 -0.375926 0.000001
vn 0.726303 -0.063421 0.684442
vn 0.235917 -0.395582 0.887614
vn 0.235917 -0.395582 0.887614
vn 0.726303 -0.063421 0.684442
vn 0.382362 0.576643 0.721999
vn -0.235915 0.395580 0.887615
vn -0.235915 0.395580 0.887615
vn 0.382362 0.576643 0.721999
vn 0.207391 0.978258 -0.000002
vn -0.512207 0.858862 -0.000003
vn 0.382363 0.576641 -0.722000
vn 0.207391 0.978258 -0.000002
vn 0.382362 0.576643 0.721999
vn 0.726303 -0.063421 0.684442
vn 0.926650 -0.375926 0.000001
vn 0.726304 -0.063422 -0.684442
s off
g lightTower lightTowerGrp lightGrp3 light2 polySurface70
usemtl SM_Light_Tower_1_JFGSG
f 2193//6911 2194//6912 2196//6913 2195//6914
f 2195//6915 2196//6916 2198//6917 2197//6918
f 2197//6919 2198//6920 2200//6921 2199//6922
f 2199//6923 2200//6924 2202//6925 2201//6926
f 2201//6927 2202//6928 2204//6929 2203//6930
f 2203//6931 2204//6932 2194//6933 2193//6934
f 2196//6935 2194//6936 2204//6937 2202//6938 2200//6939 2198//6940
g default
v 10.964042 5.705139 -0.862448
v 10.985057 5.721568 -0.862448
v 10.966547 5.699494 -0.871995
v 10.988287 5.714290 -0.874755
v 10.971559 5.688202 -0.871995
v 10.994747 5.699735 -0.874755
v 10.974065 5.682556 -0.862448
v 10.997978 5.692457 -0.862448
v 10.971559 5.688202 -0.852902
v 10.994747 5.699735 -0.850142
v 10.966547 5.699494 -0.852902
v 10.988287 5.714290 -0.850142
v 10.663175 6.253309 -0.862449
v 10.730120 6.293404 -0.862449
v 10.665356 6.248394 -0.870759
v 10.732331 6.288422 -0.870872
v 10.669719 6.238564 -0.870759
v 10.736754 6.278458 -0.870872
v 10.671900 6.233650 -0.862449
v 10.738965 6.273476 -0.862449
v 10.669719 6.238564 -0.854138
v 10.736754 6.278458 -0.854025
v 10.665356 6.248394 -0.854138
v 10.732331 6.288422 -0.854025
v 10.982268 5.729543 -0.862448
v 10.742564 6.269627 -0.862449
v 10.987968 5.732942 -0.873620
v 10.748264 6.273026 -0.873621
v 10.999368 5.739741 -0.873620
v 10.759663 6.279825 -0.873621
v 11.005068 5.743140 -0.862448
v 10.765363 6.283224 -0.862449
v 10.999368 5.739741 -0.851276
v 10.759663 6.279825 -0.851277
v 10.987968 5.732942 -0.851276
v 10.748264 6.273026 -0.851277
v 10.987842 5.720978 -0.862448
v 10.994492 5.719739 -0.850709
v 11.013079 5.715101 -0.850709
v 11.019729 5.713862 -0.862448
v 11.013079 5.715101 -0.874187
v 10.994492 5.719739 -0.874187
v 10.753804 6.301086 -0.872246
v 10.743626 6.279564 -0.872246
v 10.741881 6.275373 -0.862449
v 10.743626 6.279564 -0.852651
v 10.753804 6.301086 -0.852651
v 10.755549 6.305277 -0.862449
vn -0.615891 0.787831 -0.000002
vn -0.542294 0.840189 -0.000001
vn -0.264399 0.379171 -0.886748
vn -0.344046 0.342418 -0.874289
vn -0.344046 0.342418 -0.874289
vn -0.264399 0.379171 -0.886748
vn 0.248152 -0.415341 -0.875164
vn 0.116283 -0.446156 -0.887369
vn 0.116283 -0.446156 -0.887369
vn 0.248152 -0.415341 -0.875164
vn 0.543044 -0.839704 -0.000000
vn 0.382528 -0.923944 -0.000001
vn 0.382528 -0.923944 -0.000001
vn 0.543044 -0.839704 -0.000000
vn 0.248152 -0.415340 0.875164
vn 0.116280 -0.446155 0.887369
vn 0.116280 -0.446155 0.887369
vn 0.248152 -0.415340 0.875164
vn -0.264399 0.379173 0.886747
vn -0.344046 0.342421 0.874288
vn -0.344046 0.342421 0.874288
vn -0.264399 0.379173 0.886747
vn -0.542294 0.840189 -0.000001
vn -0.615891 0.787831 -0.000002
vn -0.513812 0.857903 -0.000000
vn -0.493715 0.869624 -0.000001
vn -0.272537 0.430099 -0.860661
vn -0.237475 0.394833 -0.887532
vn -0.237475 0.394833 -0.887532
vn -0.272537 0.430099 -0.860661
vn 0.131205 -0.414835 -0.900387
vn 0.234355 -0.396323 -0.887697
vn 0.234355 -0.396323 -0.887697
vn 0.131205 -0.414835 -0.900387
vn 0.372791 -0.927915 0.000001
vn 0.510604 -0.859816 0.000000
vn 0.510604 -0.859816 0.000000
vn 0.372791 -0.927915 0.000001
vn 0.131206 -0.414835 0.900387
vn 0.234356 -0.396323 0.887697
vn 0.234356 -0.396323 0.887697
vn 0.131206 -0.414835 0.900387
vn -0.272537 0.430100 0.860661
vn -0.237475 0.394833 0.887532
vn -0.237475 0.394833 0.887532
vn -0.272537 0.430100 0.860661
vn -0.493715 0.869624 -0.000001
vn -0.513812 0.857903 -0.000000
vn -0.897872 -0.440256 -0.000000
vn -0.924759 -0.380553 -0.000000
vn -0.461640 -0.156788 -0.873101
vn -0.459528 -0.217849 -0.861032
vn -0.459528 -0.217849 -0.861032
vn -0.461640 -0.156788 -0.873101
vn 0.426875 0.208472 -0.879953
vn 0.440720 0.223983 -0.869251
vn 0.440720 0.223983 -0.869251
vn 0.426875 0.208472 -0.879953
vn 0.925476 0.378806 -0.000000
vn 0.898638 0.438691 -0.000000
vn 0.898638 0.438691 -0.000000
vn 0.925476 0.378806 -0.000000
vn 0.426876 0.208472 0.879953
vn 0.440721 0.223984 0.869251
vn 0.440721 0.223984 0.869251
vn 0.426876 0.208472 0.879953
vn -0.461640 -0.156788 0.873101
vn -0.459528 -0.217849 0.861032
vn -0.459528 -0.217849 0.861032
vn -0.461640 -0.156788 0.873101
vn -0.924759 -0.380553 -0.000000
vn -0.897872 -0.440256 -0.000000
vn 0.211947 0.557362 -0.802761
vn -0.270626 -0.223408 -0.936403
vn 0.131205 -0.414835 -0.900387
vn -0.272537 0.430099 -0.860661
vn -0.270626 -0.223408 -0.936403
vn -0.513793 -0.857914 0.000001
vn 0.372791 -0.927915 0.000001
vn 0.131205 -0.414835 -0.900387
vn -0.513793 -0.857914 0.000001
vn -0.270625 -0.223408 0.936403
vn 0.131206 -0.414835 0.900387
vn 0.372791 -0.927915 0.000001
vn -0.270625 -0.223408 0.936403
vn 0.211948 0.557362 0.802761
vn -0.272537 0.430100 0.860661
vn 0.131206 -0.414835 0.900387
vn 0.211948 0.557362 0.802761
vn 0.414646 0.909983 -0.000001
vn -0.493715 0.869624 -0.000001
vn -0.272537 0.430100 0.860661
vn 0.414646 0.909983 -0.000001
vn 0.211947 0.557362 -0.802761
vn -0.272537 0.430099 -0.860661
vn -0.493715 0.869624 -0.000001
vn -0.459528 -0.217849 -0.861032
vn 0.440720 0.223983 -0.869251
vn 0.605575 -0.087315 -0.790984
vn -0.231342 0.097037 -0.968021
vn 0.440720 0.223983 -0.869251
vn 0.898638 0.438691 -0.000000
vn 0.989299 -0.145904 -0.000000
vn 0.605575 -0.087315 -0.790984
vn 0.898638 0.438691 -0.000000
vn 0.440721 0.223984 0.869251
vn 0.605577 -0.087313 0.790983
vn 0.989299 -0.145904 -0.000000
vn 0.440721 0.223984 0.869251
vn -0.459528 -0.217849 0.861032
vn -0.231341 0.097038 0.968021
vn 0.605577 -0.087313 0.790983
vn -0.459528 -0.217849 0.861032
vn -0.897872 -0.440256 -0.000000
vn -0.951886 0.306453 -0.000001
vn -0.231341 0.097038 0.968021
vn -0.897872 -0.440256 -0.000000
vn -0.459528 -0.217849 -0.861032
vn -0.231342 0.097037 -0.968021
vn -0.951886 0.306453 -0.000001
vn -0.231341 0.097038 0.968021
vn -0.951886 0.306453 -0.000001
vn -0.542294 0.840189 -0.000001
vn -0.264399 0.379173 0.886747
vn 0.605577 -0.087313 0.790983
vn -0.231341 0.097038 0.968021
vn -0.264399 0.379173 0.886747
vn 0.248152 -0.415340 0.875164
vn 0.989299 -0.145904 -0.000000
vn 0.605577 -0.087313 0.790983
vn 0.248152 -0.415340 0.875164
vn 0.543044 -0.839704 -0.000000
vn 0.605575 -0.087315 -0.790984
vn 0.989299 -0.145904 -0.000000
vn 0.543044 -0.839704 -0.000000
vn 0.248152 -0.415341 -0.875164
vn -0.231342 0.097037 -0.968021
vn 0.605575 -0.087315 -0.790984
vn 0.248152 -0.415341 -0.875164
vn -0.264399 0.379171 -0.886748
vn -0.951886 0.306453 -0.000001
vn -0.231342 0.097037 -0.968021
vn -0.264399 0.379171 -0.886748
vn -0.542294 0.840189 -0.000001
vn 0.925476 0.378806 -0.000000
vn 0.426875 0.208472 -0.879953
vn 0.211947 0.557362 -0.802761
vn 0.414646 0.909983 -0.000001
vn 0.426876 0.208472 0.879953
vn 0.925476 0.378806 -0.000000
vn 0.414646 0.909983 -0.000001
vn 0.211948 0.557362 0.802761
vn -0.461640 -0.156788 0.873101
vn 0.426876 0.208472 0.879953
vn 0.211948 0.557362 0.802761
vn -0.270625 -0.223408 0.936403
vn -0.924759 -0.380553 -0.000000
vn -0.461640 -0.156788 0.873101
vn -0.270625 -0.223408 0.936403
vn -0.513793 -0.857914 0.000001
vn -0.461640 -0.156788 -0.873101
vn -0.924759 -0.380553 -0.000000
vn -0.513793 -0.857914 0.000001
vn -0.270626 -0.223408 -0.936403
vn 0.426875 0.208472 -0.879953
vn -0.461640 -0.156788 -0.873101
vn -0.270626 -0.223408 -0.936403
vn 0.211947 0.557362 -0.802761
s off
g lightTower lightTowerGrp lightGrp3 light2 polySurface92
usemtl SM_Light_Tower_1_JFGSG
f 2205//6941 2206//6942 2208//6943 2207//6944
f 2207//6945 2208//6946 2210//6947 2209//6948
f 2209//6949 2210//6950 2212//6951 2211//6952
f 2211//6953 2212//6954 2214//6955 2213//6956
f 2213//6957 2214//6958 2216//6959 2215//6960
f 2215//6961 2216//6962 2206//6963 2205//6964
f 2217//6965 2218//6966 2220//6967 2219//6968
f 2219//6969 2220//6970 2222//6971 2221//6972
f 2221//6973 2222//6974 2224//6975 2223//6976
f 2223//6977 2224//6978 2226//6979 2225//6980
f 2225//6981 2226//6982 2228//6983 2227//6984
f 2227//6985 2228//6986 2218//6987 2217//6988
f 2229//6989 2230//6990 2232//6991 2231//6992
f 2231//6993 2232//6994 2234//6995 2233//6996
f 2233//6997 2234//6998 2236//6999 2235//7000
f 2235//7001 2236//7002 2238//7003 2237//7004
f 2237//7005 2238//7006 2240//7007 2239//7008
f 2239//7009 2240//7010 2230//7011 2229//7012
f 2247//7013 2248//7014 2222//7015 2220//7016
f 2248//7017 2249//7018 2224//7019 2222//7020
f 2249//7021 2250//7022 2226//7023 2224//7024
f 2250//7025 2251//7026 2228//7027 2226//7028
f 2251//7029 2252//7030 2218//7031 2228//7032
f 2252//7033 2247//7034 2220//7035 2218//7036
f 2231//7037 2233//7038 2245//7039 2246//7040
f 2233//7041 2235//7042 2244//7043 2245//7044
f 2235//7045 2237//7046 2243//7047 2244//7048
f 2237//7049 2239//7050 2242//7051 2243//7052
f 2239//7053 2229//7054 2241//7055 2242//7056
f 2229//7057 2231//7058 2246//7059 2241//7060
f 2242//7061 2241//7062 2206//7063 2216//7064
f 2243//7065 2242//7066 2216//7067 2214//7068
f 2244//7069 2243//7070 2214//7071 2212//7072
f 2245//7073 2244//7074 2212//7075 2210//7076
f 2246//7077 2245//7078 2210//7079 2208//7080
f 2241//7081 2246//7082 2208//7083 2206//7084
f 2236//7085 2234//7086 2247//7087 2252//7088
f 2238//7089 2236//7090 2252//7091 2251//7092
f 2240//7093 2238//7094 2251//7095 2250//7096
f 2230//7097 2240//7098 2250//7099 2249//7100
f 2232//7101 2230//7102 2249//7103 2248//7104
f 2234//7105 2232//7106 2248//7107 2247//7108
g default
v 10.668761 6.244394 -0.847115
v 10.668761 6.244394 -0.599613
v 10.668075 6.227994 -0.847115
v 10.668075 6.227995 -0.599613
v 10.655480 6.220483 -0.847115
v 10.655480 6.220483 -0.599613
v 10.643571 6.229371 -0.847115
v 10.643571 6.229371 -0.599613
v 10.644257 6.245771 -0.847115
v 10.644257 6.245771 -0.599613
v 10.656852 6.253282 -0.847115
v 10.656852 6.253282 -0.599613
vn 0.999127 -0.041778 0.000000
vn 0.999127 -0.041778 0.000000
vn 0.999127 -0.041778 0.000000
vn 0.999127 -0.041778 0.000000
vn 0.512207 -0.858862 0.000000
vn 0.512207 -0.858862 0.000000
vn 0.512207 -0.858862 0.000000
vn 0.512207 -0.858862 0.000000
vn -0.598118 -0.801408 0.000000
vn -0.598118 -0.801408 0.000000
vn -0.598118 -0.801408 0.000000
vn -0.598118 -0.801408 0.000000
vn -0.999127 0.041778 -0.000000
vn -0.999127 0.041778 -0.000000
vn -0.999127 0.041778 -0.000000
vn -0.999127 0.041778 -0.000000
vn 0.000000 -0.000000 1.000000
vn 0.000000 -0.000000 1.000000
vn 0.000000 -0.000000 1.000000
vn 0.000000 -0.000000 1.000000
vn 0.000000 -0.000000 1.000000
vn 0.000000 -0.000000 1.000000
vn -0.512207 0.858862 -0.000000
vn -0.512207 0.858862 -0.000000
vn -0.512207 0.858862 -0.000000
vn -0.512207 0.858862 -0.000000
vn 0.598118 0.801408 -0.000000
vn 0.598118 0.801408 -0.000000
vn 0.598118 0.801408 -0.000000
vn 0.598118 0.801408 -0.000000
vn -0.000000 0.000001 -1.000000
vn -0.000000 0.000001 -1.000000
vn -0.000000 0.000001 -1.000000
vn -0.000000 0.000001 -1.000000
vn -0.000000 0.000001 -1.000000
vn -0.000000 0.000001 -1.000000
s off
g lightTower lightTowerGrp lightGrp3 light2 polySurface51
usemtl SM_Light_Tower_1_JFGSG
f 2253//7109 2254//7110 2256//7111 2255//7112
f 2255//7113 2256//7114 2258//7115 2257//7116
f 2257//7117 2258//7118 2260//7119 2259//7120
f 2259//7121 2260//7122 2262//7123 2261//7124
f 2256//7125 2254//7126 2264//7127 2262//7128 2260//7129 2258//7130
f 2261//7131 2262//7132 2264//7133 2263//7134
f 2263//7135 2264//7136 2254//7137 2253//7138
f 2253//7139 2255//7140 2257//7141 2259//7142 2261//7143 2263//7144
g default
v 10.639532 6.226963 -0.600985
v 10.669946 6.245101 -0.600985
v 10.646684 6.210848 -0.591902
v 10.677098 6.228987 -0.591902
v 10.646684 6.210848 -0.573737
v 10.677098 6.228987 -0.573737
v 10.639532 6.226963 -0.564655
v 10.669946 6.245101 -0.564655
v 10.632380 6.243077 -0.573737
v 10.662794 6.261215 -0.573737
v 10.632380 6.243077 -0.591902
v 10.662794 6.261215 -0.591902
vn -0.550096 -0.244148 -0.798615
vn 0.550097 0.244148 -0.798615
vn 0.869506 -0.290065 -0.399776
vn -0.256119 -0.859993 -0.441379
vn -0.256119 -0.859993 -0.441379
vn 0.869506 -0.290065 -0.399776
vn 0.869506 -0.290065 0.399777
vn -0.256119 -0.859993 0.441378
vn -0.256119 -0.859993 0.441378
vn 0.869506 -0.290065 0.399777
vn 0.550096 0.244148 0.798615
vn -0.550097 -0.244149 0.798614
vn -0.550097 -0.244149 0.798614
vn 0.550096 0.244148 0.798615
vn 0.256117 0.859993 0.441379
vn -0.869507 0.290063 0.399776
vn 0.869506 -0.290065 -0.399776
vn 0.550097 0.244148 -0.798615
vn 0.256118 0.859993 -0.441379
vn 0.256117 0.859993 0.441379
vn 0.550096 0.244148 0.798615
vn 0.869506 -0.290065 0.399777
vn -0.869507 0.290063 0.399776
vn 0.256117 0.859993 0.441379
vn 0.256118 0.859993 -0.441379
vn -0.869506 0.290064 -0.399777
vn -0.869506 0.290064 -0.399777
vn 0.256118 0.859993 -0.441379
vn 0.550097 0.244148 -0.798615
vn -0.550096 -0.244148 -0.798615
vn -0.550096 -0.244148 -0.798615
vn -0.256119 -0.859993 -0.441379
vn -0.256119 -0.859993 0.441378
vn -0.550097 -0.244149 0.798614
vn -0.869507 0.290063 0.399776
vn -0.869506 0.290064 -0.399777
s off
g lightTower lightTowerGrp lightGrp3 light2 polySurface55
usemtl SM_Light_Tower_1_JFGSG
f 2265//7145 2266//7146 2268//7147 2267//7148
f 2267//7149 2268//7150 2270//7151 2269//7152
f 2269//7153 2270//7154 2272//7155 2271//7156
f 2271//7157 2272//7158 2274//7159 2273//7160
f 2268//7161 2266//7162 2276//7163 2274//7164 2272//7165 2270//7166
f 2273//7167 2274//7168 2276//7169 2275//7170
f 2275//7171 2276//7172 2266//7173 2265//7174
f 2265//7175 2267//7176 2269//7177 2271//7178 2273//7179 2275//7180
g default
v 10.691460 6.119671 -0.585030
v 10.708738 6.129975 -0.585030
v 10.694185 6.113531 -0.595412
v 10.711463 6.123836 -0.595412
v 10.699635 6.101252 -0.595412
v 10.716913 6.111556 -0.595412
v 10.702360 6.095112 -0.585030
v 10.719638 6.105416 -0.585030
v 10.699635 6.101252 -0.574649
v 10.716913 6.111556 -0.574649
v 10.694185 6.113531 -0.574649
v 10.711463 6.123836 -0.574649
vn -0.926649 0.375929 -0.000000
vn 0.207392 0.978258 -0.000000
vn 0.382362 0.576642 -0.722000
vn -0.726303 0.063418 -0.684443
vn -0.726303 0.063418 -0.684443
vn 0.382362 0.576642 -0.722000
vn 0.726303 -0.063418 -0.684443
vn -0.382363 -0.576642 -0.721999
vn -0.382363 -0.576642 -0.721999
vn 0.726303 -0.063418 -0.684443
vn 0.926649 -0.375929 0.000000
vn -0.207392 -0.978258 0.000000
vn -0.207392 -0.978258 0.000000
vn 0.926649 -0.375929 0.000000
vn 0.726303 -0.063418 0.684444
vn -0.382362 -0.576642 0.722000
vn 0.382362 0.576642 -0.722000
vn 0.207392 0.978258 -0.000000
vn 0.382362 0.576642 0.721999
vn 0.726303 -0.063418 0.684444
vn 0.926649 -0.375929 0.000000
vn 0.726303 -0.063418 -0.684443
vn -0.382362 -0.576642 0.722000
vn 0.726303 -0.063418 0.684444
vn 0.382362 0.576642 0.721999
vn -0.726302 0.063418 0.684443
vn -0.726302 0.063418 0.684443
vn 0.382362 0.576642 0.721999
vn 0.207392 0.978258 -0.000000
vn -0.926649 0.375929 -0.000000
vn -0.926649 0.375929 -0.000000
vn -0.726303 0.063418 -0.684443
vn -0.382363 -0.576642 -0.721999
vn -0.207392 -0.978258 0.000000
vn -0.382362 -0.576642 0.722000
vn -0.726302 0.063418 0.684443
s off
g lightTower lightTowerGrp lightGrp3 light2 polySurface68
usemtl SM_Light_Tower_1_JFGSG
f 2277//7181 2278//7182 2280//7183 2279//7184
f 2279//7185 2280//7186 2282//7187 2281//7188
f 2281//7189 2282//7190 2284//7191 2283//7192
f 2283//7193 2284//7194 2286//7195 2285//7196
f 2280//7197 2278//7198 2288//7199 2286//7200 2284//7201 2282//7202
f 2285//7203 2286//7204 2288//7205 2287//7206
f 2287//7207 2288//7208 2278//7209 2277//7210
f 2277//7211 2279//7212 2281//7213 2283//7214 2285//7215 2287//7216
g default
v 10.706529 6.124358 -0.585143
v 10.796774 6.178179 -0.585143
v 10.708305 6.120355 -0.591911
v 10.798551 6.174176 -0.591911
v 10.711858 6.112350 -0.591911
v 10.802104 6.166170 -0.591911
v 10.713635 6.108347 -0.585143
v 10.803881 6.162168 -0.585143
v 10.711858 6.112350 -0.578374
v 10.802104 6.166170 -0.578374
v 10.708305 6.120355 -0.578374
v 10.798551 6.174176 -0.578374
vn -0.512207 0.858862 -0.000000
vn 0.207390 0.978258 -0.000000
vn 0.382364 0.576638 -0.722001
vn -0.235913 0.395575 -0.887618
vn -0.235913 0.395575 -0.887618
vn 0.382364 0.576638 -0.722001
vn 0.726304 -0.063423 -0.684441
vn 0.235918 -0.395585 -0.887612
vn 0.235918 -0.395585 -0.887612
vn 0.726304 -0.063423 -0.684441
vn 0.926650 -0.375926 -0.000000
vn 0.512207 -0.858862 -0.000000
vn 0.512207 -0.858862 -0.000000
vn 0.926650 -0.375926 -0.000000
vn 0.726304 -0.063422 0.684441
vn 0.235918 -0.395584 0.887612
vn 0.235918 -0.395584 0.887612
vn 0.726304 -0.063422 0.684441
vn 0.382365 0.576639 0.722000
vn -0.235912 0.395575 0.887618
vn -0.235912 0.395575 0.887618
vn 0.382365 0.576639 0.722000
vn 0.207390 0.978258 -0.000000
vn -0.512207 0.858862 -0.000000
vn 0.382364 0.576638 -0.722001
vn 0.207390 0.978258 -0.000000
vn 0.382365 0.576639 0.722000
vn 0.726304 -0.063422 0.684441
vn 0.926650 -0.375926 -0.000000
vn 0.726304 -0.063423 -0.684441
s off
g lightTower lightTowerGrp lightGrp3 light2 polySurface67
usemtl SM_Light_Tower_1_JFGSG
f 2289//7217 2290//7218 2292//7219 2291//7220
f 2291//7221 2292//7222 2294//7223 2293//7224
f 2293//7225 2294//7226 2296//7227 2295//7228
f 2295//7229 2296//7230 2298//7231 2297//7232
f 2297//7233 2298//7234 2300//7235 2299//7236
f 2299//7237 2300//7238 2290//7239 2289//7240
f 2292//7241 2290//7242 2300//7243 2298//7244 2296//7245 2294//7246
g default
v 10.893319 5.886517 -0.601978
v 10.780764 6.140116 -0.601978
v 10.893319 5.886517 -0.830311
v 10.780764 6.140116 -0.830311
v 10.914076 5.898897 -0.601978
v 10.801522 6.152495 -0.601978
v 10.914076 5.898897 -0.830311
v 10.801522 6.152495 -0.830311
v 10.830927 6.154976 -0.821400
v 10.932914 5.925187 -0.821400
v 10.932914 5.925187 -0.607892
v 10.830927 6.154976 -0.607892
v 10.873299 6.139553 -0.807908
v 10.946724 5.974116 -0.807908
v 10.946724 5.974116 -0.621627
v 10.873299 6.139553 -0.621627
v 10.906189 6.113300 -0.787197
v 10.947421 6.020399 -0.787197
v 10.947421 6.020399 -0.642944
v 10.906189 6.113300 -0.642944
vn 0.342389 -0.574113 -0.743750
vn -0.342389 0.574112 -0.743751
vn -0.132100 0.668697 -0.731706
vn 0.534435 -0.464625 -0.706047
vn 0.534435 -0.464625 -0.706047
vn -0.132100 0.668697 -0.731706
vn 0.260321 0.730831 -0.630967
vn 0.779345 -0.224552 -0.584977
vn 0.519604 -0.484974 0.703429
vn -0.160408 0.668018 0.726651
vn -0.342389 0.574113 0.743750
vn 0.342389 -0.574112 0.743751
vn 0.342389 -0.574113 -0.743750
vn 0.534435 -0.464625 -0.706047
vn 0.519604 -0.484974 0.703429
vn 0.342389 -0.574112 0.743751
vn -0.132100 0.668697 -0.731706
vn -0.342389 0.574112 -0.743751
vn -0.342389 0.574113 0.743750
vn -0.160408 0.668018 0.726651
vn 0.228118 0.712112 0.663972
vn 0.749261 -0.236567 0.618583
vn 0.850117 0.008964 0.526518
vn 0.535972 0.630581 0.561338
vn -0.160408 0.668018 0.726651
vn 0.519604 -0.484974 0.703429
vn 0.749261 -0.236567 0.618583
vn 0.228118 0.712112 0.663972
vn 0.519604 -0.484974 0.703429
vn 0.534435 -0.464625 -0.706047
vn 0.779345 -0.224552 -0.584977
vn 0.749261 -0.236567 0.618583
vn -0.132100 0.668697 -0.731706
vn -0.160408 0.668018 0.726651
vn 0.228118 0.712112 0.663972
vn 0.260321 0.730831 -0.630967
vn 0.533071 0.630405 -0.564291
vn 0.535972 0.630581 0.561338
vn 0.791141 0.529083 0.306867
vn 0.789308 0.527797 -0.313725
vn 0.749261 -0.236567 0.618583
vn 0.779345 -0.224552 -0.584977
vn 0.848403 0.007150 -0.529303
vn 0.850117 0.008964 0.526518
vn 0.260321 0.730831 -0.630967
vn 0.228118 0.712112 0.663972
vn 0.535972 0.630581 0.561338
vn 0.533071 0.630405 -0.564291
vn 0.779345 -0.224552 -0.584977
vn 0.260321 0.730831 -0.630967
vn 0.533071 0.630405 -0.564291
vn 0.848403 0.007150 -0.529303
vn 0.922821 0.238379 -0.302617
vn 0.789308 0.527797 -0.313725
vn 0.791141 0.529083 0.306867
vn 0.924857 0.238856 0.295951
vn 0.848403 0.007150 -0.529303
vn 0.533071 0.630405 -0.564291
vn 0.789308 0.527797 -0.313725
vn 0.922821 0.238379 -0.302617
vn 0.535972 0.630581 0.561338
vn 0.850117 0.008964 0.526518
vn 0.924857 0.238856 0.295951
vn 0.791141 0.529083 0.306867
vn 0.850117 0.008964 0.526518
vn 0.848403 0.007150 -0.529303
vn 0.922821 0.238379 -0.302617
vn 0.924857 0.238856 0.295951
s off
g lightTower lightTowerGrp lightGrp3 light2 polySurface12
usemtl SM_Light_Tower_1_JFGSG
f 2303//7247 2304//7248 2308//7249 2307//7250
f 2307//7251 2308//7252 2309//7253 2310//7254
f 2305//7255 2306//7256 2302//7257 2301//7258
f 2303//7259 2307//7260 2305//7261 2301//7262
f 2308//7263 2304//7264 2302//7265 2306//7266
f 2312//7267 2311//7268 2315//7269 2316//7270
f 2306//7271 2305//7272 2311//7273 2312//7274
f 2305//7275 2307//7276 2310//7277 2311//7278
f 2308//7279 2306//7280 2312//7281 2309//7282
f 2313//7283 2316//7284 2320//7285 2317//7286
f 2311//7287 2310//7288 2314//7289 2315//7290
f 2309//7291 2312//7292 2316//7293 2313//7294
f 2310//7295 2309//7296 2313//7297 2314//7298
f 2318//7299 2317//7300 2320//7301 2319//7302
f 2314//7303 2313//7304 2317//7305 2318//7306
f 2316//7307 2315//7308 2319//7309 2320//7310
f 2315//7311 2314//7312 2318//7313 2319//7314
g default
v 10.893528 5.883027 -0.695417
v 10.891926 5.886636 -0.695417
v 10.893528 5.883027 -0.738687
v 10.891926 5.886636 -0.738687
v 10.906989 5.891101 -0.696010
v 10.907352 5.895929 -0.696010
v 10.906358 5.890724 -0.738122
v 10.906722 5.895553 -0.738122
vn -0.258500 -0.727867 0.635128
vn -0.623097 -0.284719 0.728481
vn -0.623123 -0.284697 -0.728468
vn -0.258587 -0.727869 -0.635090
vn -0.258587 -0.727869 -0.635090
vn -0.623123 -0.284697 -0.728468
vn 0.843382 -0.059072 -0.534057
vn 0.685206 -0.388632 -0.616002
vn 0.685206 -0.388632 -0.616002
vn 0.843382 -0.059072 -0.534057
vn 0.851304 -0.059558 0.521281
vn 0.693009 -0.385446 0.609238
vn 0.693009 -0.385446 0.609238
vn 0.851304 -0.059558 0.521281
vn -0.623097 -0.284719 0.728481
vn -0.258500 -0.727867 0.635128
vn -0.258587 -0.727869 -0.635090
vn 0.685206 -0.388632 -0.616002
vn 0.693009 -0.385446 0.609238
vn -0.258500 -0.727867 0.635128
s off
g lightTower lightTowerGrp lightGrp3 light2 polySurface10
usemtl SM_Light_Tower_1_JFGSG
f 2321//7315 2322//7316 2324//7317 2323//7318
f 2323//7319 2324//7320 2328//7321 2327//7322
f 2327//7323 2328//7324 2326//7325 2325//7326
f 2325//7327 2326//7328 2322//7329 2321//7330
f 2323//7331 2327//7332 2325//7333 2321//7334
g default
v 10.641251 6.227988 -0.881388
v 10.669946 6.245101 -0.881388
v 10.648403 6.211874 -0.872305
v 10.677098 6.228987 -0.872305
v 10.648403 6.211874 -0.854140
v 10.677098 6.228987 -0.854140
v 10.641251 6.227988 -0.845058
v 10.669946 6.245101 -0.845058
v 10.634099 6.244102 -0.854140
v 10.662794 6.261215 -0.854140
v 10.634099 6.244102 -0.872305
v 10.662794 6.261215 -0.872305
vn -0.550095 -0.244148 -0.798615
vn 0.550097 0.244149 -0.798614
vn 0.869507 -0.290064 -0.399776
vn -0.256118 -0.859993 -0.441379
vn -0.256118 -0.859993 -0.441379
vn 0.869507 -0.290064 -0.399776
vn 0.869506 -0.290064 0.399777
vn -0.256119 -0.859993 0.441379
vn -0.256119 -0.859993 0.441379
vn 0.869506 -0.290064 0.399777
vn 0.550096 0.244148 0.798615
vn -0.550097 -0.244148 0.798614
vn -0.550097 -0.244148 0.798614
vn 0.550096 0.244148 0.798615
vn 0.256117 0.859993 0.441379
vn -0.869507 0.290063 0.399776
vn 0.869507 -0.290064 -0.399776
vn 0.550097 0.244149 -0.798614
vn 0.256118 0.859993 -0.441379
vn 0.256117 0.859993 0.441379
vn 0.550096 0.244148 0.798615
vn 0.869506 -0.290064 0.399777
vn -0.869507 0.290063 0.399776
vn 0.256117 0.859993 0.441379
vn 0.256118 0.859993 -0.441379
vn -0.869507 0.290064 -0.399777
vn -0.869507 0.290064 -0.399777
vn 0.256118 0.859993 -0.441379
vn 0.550097 0.244149 -0.798614
vn -0.550095 -0.244148 -0.798615
vn -0.550095 -0.244148 -0.798615
vn -0.256118 -0.859993 -0.441379
vn -0.256119 -0.859993 0.441379
vn -0.550097 -0.244148 0.798614
vn -0.869507 0.290063 0.399776
vn -0.869507 0.290064 -0.399777
s off
g lightTower lightTowerGrp lightGrp3 light2 polySurface54
usemtl SM_Light_Tower_1_JFGSG
f 2329//7335 2330//7336 2332//7337 2331//7338
f 2331//7339 2332//7340 2334//7341 2333//7342
f 2333//7343 2334//7344 2336//7345 2335//7346
f 2335//7347 2336//7348 2338//7349 2337//7350
f 2332//7351 2330//7352 2340//7353 2338//7354 2336//7355 2334//7356
f 2337//7357 2338//7358 2340//7359 2339//7360
f 2339//7361 2340//7362 2330//7363 2329//7364
f 2329//7365 2331//7366 2333//7367 2335//7368 2337//7369 2339//7370
g default
v 10.828105 6.073064 -0.601397
v 10.827933 6.073452 -0.612298
v 10.869207 5.985890 -0.599808
v 10.869235 5.985828 -0.611550
v 10.869306 6.099547 -0.607194
v 10.868902 6.099227 -0.614819
v 10.910967 6.013639 -0.605245
v 10.910563 6.013318 -0.614091
vn -0.763881 0.203222 0.612525
vn -0.962333 0.271572 0.012811
vn -0.293644 -0.955907 0.003730
vn -0.216754 -0.712182 0.667694
vn -0.216754 -0.712182 0.667694
vn -0.293644 -0.955907 0.003730
vn 0.971985 -0.231861 -0.038552
vn 0.830511 -0.166231 0.531618
vn 0.830511 -0.166231 0.531618
vn 0.971985 -0.231861 -0.038552
vn 0.310395 0.950032 -0.033078
vn 0.286516 0.768947 0.571514
vn 0.286516 0.768947 0.571514
vn 0.310395 0.950032 -0.033078
vn -0.962333 0.271572 0.012811
vn -0.763881 0.203222 0.612525
vn -0.216754 -0.712182 0.667694
vn 0.830511 -0.166231 0.531618
vn 0.286516 0.768947 0.571514
vn -0.763881 0.203222 0.612525
s off
g lightTower lightTowerGrp lightGrp3 light2 polySurface13
usemtl SM_Light_Tower_1_JFGSG
f 2341//7371 2342//7372 2344//7373 2343//7374
f 2343//7375 2344//7376 2348//7377 2347//7378
f 2347//7379 2348//7380 2346//7381 2345//7382
f 2345//7383 2346//7384 2342//7385 2341//7386
f 2343//7387 2347//7388 2345//7389 2341//7390
g default
v 10.893319 5.886517 -0.170297
v 10.780764 6.140116 -0.170297
v 10.893319 5.886517 -0.398629
v 10.780764 6.140116 -0.398629
v 10.914076 5.898897 -0.170297
v 10.801522 6.152495 -0.170297
v 10.914076 5.898897 -0.398629
v 10.801522 6.152495 -0.398629
v 10.830927 6.154976 -0.389719
v 10.932914 5.925187 -0.389719
v 10.932914 5.925187 -0.176211
v 10.830927 6.154976 -0.176211
v 10.873299 6.139553 -0.376227
v 10.946724 5.974116 -0.376227
v 10.946724 5.974116 -0.189945
v 10.873299 6.139553 -0.189945
v 10.906189 6.113300 -0.355515
v 10.947421 6.020399 -0.355515
v 10.947421 6.020399 -0.211262
v 10.906189 6.113300 -0.211262
vn 0.342389 -0.574113 -0.743750
vn -0.342389 0.574112 -0.743751
vn -0.132101 0.668697 -0.731706
vn 0.534436 -0.464624 -0.706047
vn 0.534436 -0.464624 -0.706047
vn -0.132101 0.668697 -0.731706
vn 0.260320 0.730832 -0.630967
vn 0.779346 -0.224551 -0.584976
vn 0.519605 -0.484973 0.703429
vn -0.160410 0.668018 0.726651
vn -0.342389 0.574113 0.743750
vn 0.342389 -0.574112 0.743751
vn 0.342389 -0.574113 -0.743750
vn 0.534436 -0.464624 -0.706047
vn 0.519605 -0.484973 0.703429
vn 0.342389 -0.574112 0.743751
vn -0.132101 0.668697 -0.731706
vn -0.342389 0.574112 -0.743751
vn -0.342389 0.574113 0.743750
vn -0.160410 0.668018 0.726651
vn 0.228116 0.712113 0.663972
vn 0.749261 -0.236565 0.618582
vn 0.850116 0.008964 0.526518
vn 0.535972 0.630581 0.561339
vn -0.160410 0.668018 0.726651
vn 0.519605 -0.484973 0.703429
vn 0.749261 -0.236565 0.618582
vn 0.228116 0.712113 0.663972
vn 0.519605 -0.484973 0.703429
vn 0.534436 -0.464624 -0.706047
vn 0.779346 -0.224551 -0.584976
vn 0.749261 -0.236565 0.618582
vn -0.132101 0.668697 -0.731706
vn -0.160410 0.668018 0.726651
vn 0.228116 0.712113 0.663972
vn 0.260320 0.730832 -0.630967
vn 0.533071 0.630405 -0.564292
vn 0.535972 0.630581 0.561339
vn 0.791141 0.529083 0.306867
vn 0.789309 0.527796 -0.313725
vn 0.749261 -0.236565 0.618582
vn 0.779346 -0.224551 -0.584976
vn 0.848403 0.007150 -0.529303
vn 0.850116 0.008964 0.526518
vn 0.260320 0.730832 -0.630967
vn 0.228116 0.712113 0.663972
vn 0.535972 0.630581 0.561339
vn 0.533071 0.630405 -0.564292
vn 0.779346 -0.224551 -0.584976
vn 0.260320 0.730832 -0.630967
vn 0.533071 0.630405 -0.564292
vn 0.848403 0.007150 -0.529303
vn 0.922821 0.238378 -0.302617
vn 0.789309 0.527796 -0.313725
vn 0.791141 0.529083 0.306867
vn 0.924857 0.238856 0.295951
vn 0.848403 0.007150 -0.529303
vn 0.533071 0.630405 -0.564292
vn 0.789309 0.527796 -0.313725
vn 0.922821 0.238378 -0.302617
vn 0.535972 0.630581 0.561339
vn 0.850116 0.008964 0.526518
vn 0.924857 0.238856 0.295951
vn 0.791141 0.529083 0.306867
vn 0.850116 0.008964 0.526518
vn 0.848403 0.007150 -0.529303
vn 0.922821 0.238378 -0.302617
vn 0.924857 0.238856 0.295951
s off
g lightTower lightTowerGrp lightGrp3 polySurface5 light1
usemtl SM_Light_Tower_1_JFGSG
f 2351//7391 2352//7392 2356//7393 2355//7394
f 2355//7395 2356//7396 2357//7397 2358//7398
f 2353//7399 2354//7400 2350//7401 2349//7402
f 2351//7403 2355//7404 2353//7405 2349//7406
f 2356//7407 2352//7408 2350//7409 2354//7410
f 2360//7411 2359//7412 2363//7413 2364//7414
f 2354//7415 2353//7416 2359//7417 2360//7418
f 2353//7419 2355//7420 2358//7421 2359//7422
f 2356//7423 2354//7424 2360//7425 2357//7426
f 2361//7427 2364//7428 2368//7429 2365//7430
f 2359//7431 2358//7432 2362//7433 2363//7434
f 2357//7435 2360//7436 2364//7437 2361//7438
f 2358//7439 2357//7440 2361//7441 2362//7442
f 2366//7443 2365//7444 2368//7445 2367//7446
f 2362//7447 2361//7448 2365//7449 2366//7450
f 2364//7451 2363//7452 2367//7453 2368//7454
f 2363//7455 2362//7456 2366//7457 2367//7458
g default
v 10.865200 5.882191 -0.172052
v 10.758845 6.121822 -0.172052
v 10.865200 5.882191 -0.404498
v 10.758845 6.121822 -0.404498
v 10.894839 5.880986 -0.157477
v 10.775232 6.150476 -0.157477
v 10.894839 5.880986 -0.419073
v 10.775232 6.150476 -0.419073
v 10.871826 5.867261 -0.419073
v 10.871826 5.867261 -0.157477
v 10.752219 6.136752 -0.157477
v 10.752219 6.136752 -0.419073
v 10.882453 5.892481 -0.404498
v 10.882453 5.892481 -0.172052
v 10.776098 6.132111 -0.172052
v 10.776098 6.132111 -0.404498
vn -0.710406 -0.627130 -0.319423
vn -0.710406 -0.627130 0.319423
vn -0.271769 -0.731311 0.625560
vn -0.271769 -0.731312 -0.625560
vn -0.271769 -0.731312 -0.625560
vn -0.785427 0.217218 -0.579587
vn 0.271769 0.731311 -0.625560
vn 0.785427 -0.217218 -0.579587
vn 0.785427 -0.217218 -0.579587
vn 0.271769 0.731311 -0.625560
vn 0.271769 0.731312 0.625560
vn 0.785427 -0.217218 0.579587
vn 0.785427 -0.217218 0.579587
vn 0.271769 0.731312 0.625560
vn -0.785427 0.217218 0.579587
vn -0.271769 -0.731311 0.625560
vn -0.271769 -0.731312 -0.625560
vn 0.785427 -0.217218 -0.579587
vn 0.785427 -0.217218 0.579587
vn -0.271769 -0.731311 0.625560
vn 0.271769 0.731311 -0.625560
vn -0.785427 0.217218 -0.579587
vn -0.785427 0.217218 0.579587
vn 0.271769 0.731312 0.625560
vn -0.945370 -0.126107 -0.300620
vn -0.945370 -0.126107 0.300620
vn -0.271769 -0.731312 -0.625560
vn -0.271769 -0.731311 0.625560
vn -0.710406 -0.627130 -0.319423
vn -0.945370 -0.126107 -0.300620
vn -0.271769 -0.731311 0.625560
vn -0.785427 0.217218 0.579587
vn -0.710406 -0.627130 0.319423
vn -0.710406 -0.627130 -0.319423
vn -0.785427 0.217218 0.579587
vn -0.785427 0.217218 -0.579587
vn -0.945370 -0.126107 0.300620
vn -0.710406 -0.627130 0.319423
vn -0.785427 0.217218 -0.579587
vn -0.271769 -0.731312 -0.625560
vn -0.785427 0.217218 -0.579587
vn -0.271769 -0.731312 -0.625560
vn -0.271769 -0.731311 0.625560
vn -0.785427 0.217218 0.579587
vn -0.945370 -0.126107 0.300620
vn -0.945370 -0.126107 -0.300620
vn -0.785427 0.217218 -0.579587
vn -0.785427 0.217218 0.579587
vn -0.710406 -0.627130 0.319423
vn -0.945370 -0.126107 0.300620
vn -0.785427 0.217218 0.579587
vn -0.271769 -0.731311 0.625560
vn -0.945370 -0.126107 -0.300620
vn -0.710406 -0.627130 -0.319423
vn -0.271769 -0.731312 -0.625560
vn -0.785427 0.217218 -0.579587
s off
g lightTower lightTowerGrp lightGrp3 light1 polySurface4
usemtl SM_Light_Tower_1_JFGSG
f 2370//7459 2372//7460 2384//7461 2383//7462
f 2377//7463 2380//7464 2376//7465 2375//7466
f 2375//7467 2376//7468 2374//7469 2373//7470
f 2373//7471 2374//7472 2379//7473 2378//7474
f 2377//7475 2375//7476 2373//7477 2378//7478
f 2376//7479 2380//7480 2379//7481 2374//7482
f 2369//7483 2371//7484 2377//7485 2378//7486
f 2370//7487 2369//7488 2378//7489 2379//7490
f 2372//7491 2370//7492 2379//7493 2380//7494
f 2371//7495 2372//7496 2380//7497 2377//7498
f 2382//7499 2383//7500 2384//7501 2381//7502
f 2371//7503 2369//7504 2382//7505 2381//7506
f 2372//7507 2371//7508 2381//7509 2384//7510
f 2369//7511 2370//7512 2383//7513 2382//7514
g default
v 10.639913 6.227190 -0.445043
v 10.669946 6.245101 -0.445286
v 10.647065 6.211075 -0.435961
v 10.677098 6.228987 -0.436203
v 10.647065 6.211075 -0.417796
v 10.677098 6.228987 -0.418038
v 10.639913 6.227190 -0.408714
v 10.669946 6.245101 -0.408956
v 10.632761 6.243304 -0.417796
v 10.662794 6.261215 -0.418038
v 10.632761 6.243304 -0.435961
v 10.662794 6.261215 -0.436203
vn -0.552548 -0.245236 -0.796587
vn 0.547644 0.243060 -0.800630
vn 0.868409 -0.290714 -0.401685
vn -0.257540 -0.860601 -0.439362
vn -0.257540 -0.860601 -0.439362
vn 0.868409 -0.290714 -0.401685
vn 0.870596 -0.289421 0.397868
vn -0.254686 -0.859381 0.443395
vn -0.254686 -0.859381 0.443395
vn 0.870596 -0.289421 0.397868
vn 0.552548 0.245236 0.796587
vn -0.547644 -0.243060 0.800630
vn -0.547644 -0.243060 0.800630
vn 0.552548 0.245236 0.796587
vn 0.257539 0.860601 0.439362
vn -0.868410 0.290713 0.401685
vn 0.868409 -0.290714 -0.401685
vn 0.547644 0.243060 -0.800630
vn 0.254686 0.859381 -0.443395
vn 0.257539 0.860601 0.439362
vn 0.552548 0.245236 0.796587
vn 0.870596 -0.289421 0.397868
vn -0.868410 0.290713 0.401685
vn 0.257539 0.860601 0.439362
vn 0.254686 0.859381 -0.443395
vn -0.870596 0.289421 -0.397868
vn -0.870596 0.289421 -0.397868
vn 0.254686 0.859381 -0.443395
vn 0.547644 0.243060 -0.800630
vn -0.552548 -0.245236 -0.796587
vn -0.552548 -0.245236 -0.796587
vn -0.257540 -0.860601 -0.439362
vn -0.254686 -0.859381 0.443395
vn -0.547644 -0.243060 0.800630
vn -0.868410 0.290713 0.401685
vn -0.870596 0.289421 -0.397868
s off
g lightTower lightTowerGrp lightGrp3 light1 polySurface56
usemtl SM_Light_Tower_1_JFGSG
f 2385//7515 2386//7516 2388//7517 2387//7518
f 2387//7519 2388//7520 2390//7521 2389//7522
f 2389//7523 2390//7524 2392//7525 2391//7526
f 2391//7527 2392//7528 2394//7529 2393//7530
f 2388//7531 2386//7532 2396//7533 2394//7534 2392//7535 2390//7536
f 2393//7537 2394//7538 2396//7539 2395//7540
f 2395//7541 2396//7542 2386//7543 2385//7544
f 2385//7545 2387//7546 2389//7547 2391//7548 2393//7549 2395//7550
g default
v 10.641251 6.227988 -0.165322
v 10.669946 6.245101 -0.165322
v 10.648403 6.211874 -0.156239
v 10.677098 6.228987 -0.156239
v 10.648403 6.211874 -0.138074
v 10.677098 6.228987 -0.138074
v 10.641251 6.227988 -0.128992
v 10.669946 6.245101 -0.128992
v 10.634099 6.244102 -0.138074
v 10.662794 6.261215 -0.138074
v 10.634099 6.244102 -0.156239
v 10.662794 6.261215 -0.156239
vn -0.550095 -0.244148 -0.798616
vn 0.550098 0.244149 -0.798613
vn 0.869506 -0.290064 -0.399777
vn -0.256118 -0.859993 -0.441379
vn -0.256118 -0.859993 -0.441379
vn 0.869506 -0.290064 -0.399777
vn 0.869506 -0.290064 0.399777
vn -0.256119 -0.859993 0.441379
vn -0.256119 -0.859993 0.441379
vn 0.869506 -0.290064 0.399777
vn 0.550096 0.244148 0.798615
vn -0.550097 -0.244149 0.798614
vn -0.550097 -0.244149 0.798614
vn 0.550096 0.244148 0.798615
vn 0.256119 0.859993 0.441379
vn -0.869506 0.290065 0.399777
vn 0.869506 -0.290064 -0.399777
vn 0.550098 0.244149 -0.798613
vn 0.256119 0.859993 -0.441379
vn 0.256119 0.859993 0.441379
vn 0.550096 0.244148 0.798615
vn 0.869506 -0.290064 0.399777
vn -0.869506 0.290065 0.399777
vn 0.256119 0.859993 0.441379
vn 0.256119 0.859993 -0.441379
vn -0.869506 0.290064 -0.399777
vn -0.869506 0.290064 -0.399777
vn 0.256119 0.859993 -0.441379
vn 0.550098 0.244149 -0.798613
vn -0.550095 -0.244148 -0.798616
vn -0.550095 -0.244148 -0.798616
vn -0.256118 -0.859993 -0.441379
vn -0.256119 -0.859993 0.441379
vn -0.550097 -0.244149 0.798614
vn -0.869506 0.290065 0.399777
vn -0.869506 0.290064 -0.399777
s off
g lightTower lightTowerGrp lightGrp3 light1 polySurface53
usemtl SM_Light_Tower_1_JFGSG
f 2397//7551 2398//7552 2400//7553 2399//7554
f 2399//7555 2400//7556 2402//7557 2401//7558
f 2401//7559 2402//7560 2404//7561 2403//7562
f 2403//7563 2404//7564 2406//7565 2405//7566
f 2400//7567 2398//7568 2408//7569 2406//7570 2404//7571 2402//7572
f 2405//7573 2406//7574 2408//7575 2407//7576
f 2407//7577 2408//7578 2398//7579 2397//7580
f 2397//7581 2399//7582 2401//7583 2403//7584 2405//7585 2407//7586
g default
v 10.668761 6.244394 -0.413348
v 10.668761 6.244394 -0.165846
v 10.668075 6.227995 -0.413348
v 10.668075 6.227995 -0.165846
v 10.655480 6.220483 -0.413348
v 10.655480 6.220483 -0.165846
v 10.643571 6.229371 -0.413348
v 10.643571 6.229371 -0.165846
v 10.644257 6.245771 -0.413348
v 10.644257 6.245771 -0.165846
v 10.656852 6.253282 -0.413348
v 10.656852 6.253282 -0.165846
vn 0.999127 -0.041778 0.000000
vn 0.999127 -0.041778 0.000000
vn 0.999127 -0.041778 0.000000
vn 0.999127 -0.041778 0.000000
vn 0.512207 -0.858862 0.000000
vn 0.512207 -0.858862 0.000000
vn 0.512207 -0.858862 0.000000
vn 0.512207 -0.858862 0.000000
vn -0.598118 -0.801408 0.000000
vn -0.598118 -0.801408 0.000000
vn -0.598118 -0.801408 0.000000
vn -0.598118 -0.801408 0.000000
vn -0.999127 0.041778 -0.000000
vn -0.999127 0.041778 -0.000000
vn -0.999127 0.041778 -0.000000
vn -0.999127 0.041778 -0.000000
vn -0.512207 0.858862 -0.000000
vn -0.512207 0.858862 -0.000000
vn -0.512207 0.858862 -0.000000
vn -0.512207 0.858862 -0.000000
vn 0.598118 0.801408 -0.000000
vn 0.598118 0.801408 -0.000000
vn 0.598118 0.801408 -0.000000
vn 0.598118 0.801408 -0.000000
s off
g lightTower lightTowerGrp lightGrp3 light1 polySurface103
usemtl SM_Light_Tower_1_JFGSG
f 2409//7587 2410//7588 2412//7589 2411//7590
f 2411//7591 2412//7592 2414//7593 2413//7594
f 2413//7595 2414//7596 2416//7597 2415//7598
f 2415//7599 2416//7600 2418//7601 2417//7602
f 2417//7603 2418//7604 2420//7605 2419//7606
f 2419//7607 2420//7608 2410//7609 2409//7610
g default
v 10.707059 6.124675 -0.423269
v 10.797305 6.178495 -0.423269
v 10.708836 6.120672 -0.430038
v 10.799081 6.174492 -0.430038
v 10.712389 6.112666 -0.430038
v 10.802635 6.166487 -0.430038
v 10.714165 6.108663 -0.423269
v 10.804411 6.162484 -0.423269
v 10.712389 6.112666 -0.416501
v 10.802635 6.166487 -0.416501
v 10.708836 6.120672 -0.416501
v 10.799081 6.174492 -0.416501
vn -0.512207 0.858862 -0.000000
vn 0.207389 0.978258 -0.000000
vn 0.382365 0.576638 -0.722001
vn -0.235912 0.395575 -0.887618
vn -0.235912 0.395575 -0.887618
vn 0.382365 0.576638 -0.722001
vn 0.726304 -0.063422 -0.684441
vn 0.235918 -0.395584 -0.887612
vn 0.235918 -0.395584 -0.887612
vn 0.726304 -0.063422 -0.684441
vn 0.926650 -0.375926 -0.000000
vn 0.512207 -0.858862 0.000000
vn 0.512207 -0.858862 0.000000
vn 0.926650 -0.375926 -0.000000
vn 0.726304 -0.063422 0.684441
vn 0.235918 -0.395584 0.887612
vn 0.235918 -0.395584 0.887612
vn 0.726304 -0.063422 0.684441
vn 0.382365 0.576639 0.722001
vn -0.235912 0.395575 0.887618
vn -0.235912 0.395575 0.887618
vn 0.382365 0.576639 0.722001
vn 0.207389 0.978258 -0.000000
vn -0.512207 0.858862 -0.000000
vn 0.382365 0.576638 -0.722001
vn 0.207389 0.978258 -0.000000
vn 0.382365 0.576639 0.722001
vn 0.726304 -0.063422 0.684441
vn 0.926650 -0.375926 -0.000000
vn 0.726304 -0.063422 -0.684441
s off
g lightTower lightTowerGrp lightGrp3 light1 polySurface64
usemtl SM_Light_Tower_1_JFGSG
f 2421//7611 2422//7612 2424//7613 2423//7614
f 2423//7615 2424//7616 2426//7617 2425//7618
f 2425//7619 2426//7620 2428//7621 2427//7622
f 2427//7623 2428//7624 2430//7625 2429//7626
f 2429//7627 2430//7628 2432//7629 2431//7630
f 2431//7631 2432//7632 2422//7633 2421//7634
f 2424//7635 2422//7636 2432//7637 2430//7638 2428//7639 2426//7640
g default
v 10.799199 6.180632 -0.422952
v 10.799199 6.180632 -0.153682
v 10.807728 6.180153 -0.422952
v 10.807728 6.180153 -0.153682
v 10.811634 6.171351 -0.422952
v 10.811634 6.171351 -0.153682
v 10.807012 6.163028 -0.422952
v 10.807012 6.163028 -0.153682
v 10.798483 6.163507 -0.422952
v 10.798483 6.163507 -0.153682
v 10.794576 6.172309 -0.422952
v 10.794576 6.172309 -0.153682
vn -0.512207 0.858862 -0.000000
vn -0.389019 0.652302 0.650512
vn 0.456801 0.612063 0.645533
vn 0.598117 0.801409 -0.000000
vn 0.598117 0.801409 -0.000000
vn 0.456801 0.612063 0.645533
vn 0.793462 -0.033179 0.607714
vn 0.999127 -0.041779 0.000000
vn 0.999127 -0.041779 0.000000
vn 0.793462 -0.033179 0.607714
vn 0.389019 -0.652302 0.650513
vn 0.512207 -0.858862 0.000000
vn 0.512207 -0.858862 0.000000
vn 0.389019 -0.652302 0.650513
vn -0.456802 -0.612061 0.645533
vn -0.598117 -0.801409 0.000000
vn -0.598117 -0.801409 0.000000
vn -0.456802 -0.612061 0.645533
vn -0.793463 0.033180 0.607714
vn -0.999127 0.041779 -0.000000
vn -0.999127 0.041779 -0.000000
vn -0.793463 0.033180 0.607714
vn -0.389019 0.652302 0.650512
vn -0.512207 0.858862 -0.000000
vn 0.456801 0.612063 0.645533
vn -0.389019 0.652302 0.650512
vn -0.793463 0.033180 0.607714
vn -0.456802 -0.612061 0.645533
vn 0.389019 -0.652302 0.650513
vn 0.793462 -0.033179 0.607714
s off
g lightTower lightTowerGrp lightGrp3 light1 polySurface65
usemtl SM_Light_Tower_1_JFGSG
f 2433//7641 2434//7642 2436//7643 2435//7644
f 2435//7645 2436//7646 2438//7647 2437//7648
f 2437//7649 2438//7650 2440//7651 2439//7652
f 2439//7653 2440//7654 2442//7655 2441//7656
f 2441//7657 2442//7658 2444//7659 2443//7660
f 2443//7661 2444//7662 2434//7663 2433//7664
f 2436//7665 2434//7666 2444//7667 2442//7668 2440//7669 2438//7670
g default
v 10.964042 5.705140 -0.147419
v 10.985057 5.721568 -0.147419
v 10.966547 5.699494 -0.156965
v 10.988287 5.714290 -0.159725
v 10.971559 5.688202 -0.156965
v 10.994747 5.699735 -0.159725
v 10.974065 5.682556 -0.147419
v 10.997978 5.692457 -0.147419
v 10.971559 5.688202 -0.137872
v 10.994747 5.699735 -0.135113
v 10.966547 5.699494 -0.137872
v 10.988287 5.714290 -0.135113
v 10.663175 6.253309 -0.147419
v 10.730120 6.293404 -0.147419
v 10.665356 6.248394 -0.155729
v 10.732331 6.288422 -0.155843
v 10.669719 6.238564 -0.155729
v 10.736754 6.278458 -0.155843
v 10.671900 6.233650 -0.147419
v 10.738965 6.273476 -0.147419
v 10.669719 6.238564 -0.139109
v 10.736754 6.278458 -0.138995
v 10.665356 6.248394 -0.139109
v 10.732331 6.288422 -0.138995
v 10.982268 5.729543 -0.147419
v 10.742564 6.269627 -0.147419
v 10.987968 5.732942 -0.158591
v 10.748264 6.273026 -0.158591
v 10.999368 5.739741 -0.158591
v 10.759663 6.279825 -0.158591
v 11.005068 5.743140 -0.147419
v 10.765363 6.283224 -0.147419
v 10.999368 5.739741 -0.136247
v 10.759663 6.279825 -0.136247
v 10.987968 5.732942 -0.136247
v 10.748264 6.273026 -0.136247
v 10.987842 5.720978 -0.147419
v 10.994492 5.719739 -0.135680
v 11.013079 5.715101 -0.135680
v 11.019729 5.713862 -0.147419
v 11.013079 5.715101 -0.159158
v 10.994492 5.719739 -0.159158
v 10.753804 6.301087 -0.157217
v 10.743626 6.279564 -0.157217
v 10.741881 6.275373 -0.147419
v 10.743626 6.279564 -0.137621
v 10.753804 6.301087 -0.137621
v 10.755549 6.305277 -0.147419
vn -0.615890 0.787832 -0.000000
vn -0.542306 0.840181 -0.000000
vn -0.264406 0.379169 -0.886747
vn -0.344047 0.342421 -0.874288
vn -0.344047 0.342421 -0.874288
vn -0.264406 0.379169 -0.886747
vn 0.248152 -0.415341 -0.875164
vn 0.116278 -0.446157 -0.887369
vn 0.116278 -0.446157 -0.887369
vn 0.248152 -0.415341 -0.875164
vn 0.543044 -0.839704 -0.000001
vn 0.382525 -0.923945 -0.000001
vn 0.382525 -0.923945 -0.000001
vn 0.543044 -0.839704 -0.000001
vn 0.248153 -0.415341 0.875164
vn 0.116281 -0.446157 0.887368
vn 0.116281 -0.446157 0.887368
vn 0.248153 -0.415341 0.875164
vn -0.264405 0.379170 0.886747
vn -0.344046 0.342420 0.874289
vn -0.344046 0.342420 0.874289
vn -0.264405 0.379170 0.886747
vn -0.542306 0.840181 -0.000000
vn -0.615890 0.787832 -0.000000
vn -0.513811 0.857903 -0.000000
vn -0.493718 0.869622 0.000000
vn -0.272538 0.430098 -0.860662
vn -0.237475 0.394833 -0.887532
vn -0.237475 0.394833 -0.887532
vn -0.272538 0.430098 -0.860662
vn 0.131216 -0.414833 -0.900387
vn 0.234355 -0.396323 -0.887697
vn 0.234355 -0.396323 -0.887697
vn 0.131216 -0.414833 -0.900387
vn 0.372811 -0.927907 0.000000
vn 0.510603 -0.859816 0.000000
vn 0.510603 -0.859816 0.000000
vn 0.372811 -0.927907 0.000000
vn 0.131215 -0.414832 0.900387
vn 0.234356 -0.396323 0.887697
vn 0.234356 -0.396323 0.887697
vn 0.131215 -0.414832 0.900387
vn -0.272538 0.430099 0.860661
vn -0.237475 0.394833 0.887532
vn -0.237475 0.394833 0.887532
vn -0.272538 0.430099 0.860661
vn -0.493718 0.869622 0.000000
vn -0.513811 0.857903 -0.000000
vn -0.897872 -0.440256 0.000000
vn -0.924759 -0.380552 0.000000
vn -0.461641 -0.156788 -0.873101
vn -0.459528 -0.217849 -0.861032
vn -0.459528 -0.217849 -0.861032
vn -0.461641 -0.156788 -0.873101
vn 0.426875 0.208472 -0.879953
vn 0.440720 0.223983 -0.869251
vn 0.440720 0.223983 -0.869251
vn 0.426875 0.208472 -0.879953
vn 0.925476 0.378806 -0.000000
vn 0.898638 0.438691 0.000000
vn 0.898638 0.438691 0.000000
vn 0.925476 0.378806 -0.000000
vn 0.426875 0.208473 0.879953
vn 0.440720 0.223984 0.869251
vn 0.440720 0.223984 0.869251
vn 0.426875 0.208473 0.879953
vn -0.461641 -0.156787 0.873101
vn -0.459528 -0.217849 0.861032
vn -0.459528 -0.217849 0.861032
vn -0.461641 -0.156787 0.873101
vn -0.924759 -0.380552 0.000000
vn -0.897872 -0.440256 0.000000
vn 0.211945 0.557362 -0.802762
vn -0.270618 -0.223408 -0.936405
vn 0.131216 -0.414833 -0.900387
vn -0.272538 0.430098 -0.860662
vn -0.270618 -0.223408 -0.936405
vn -0.513777 -0.857924 0.000000
vn 0.372811 -0.927907 0.000000
vn 0.131216 -0.414833 -0.900387
vn -0.513777 -0.857924 0.000000
vn -0.270619 -0.223406 0.936405
vn 0.131215 -0.414832 0.900387
vn 0.372811 -0.927907 0.000000
vn -0.270619 -0.223406 0.936405
vn 0.211944 0.557362 0.802762
vn -0.272538 0.430099 0.860661
vn 0.131215 -0.414832 0.900387
vn 0.211944 0.557362 0.802762
vn 0.414642 0.909985 0.000000
vn -0.493718 0.869622 0.000000
vn -0.272538 0.430099 0.860661
vn 0.414642 0.909985 0.000000
vn 0.211945 0.557362 -0.802762
vn -0.272538 0.430098 -0.860662
vn -0.493718 0.869622 0.000000
vn -0.459528 -0.217849 -0.861032
vn 0.440720 0.223983 -0.869251
vn 0.605577 -0.087313 -0.790983
vn -0.231347 0.097036 -0.968020
vn 0.440720 0.223983 -0.869251
vn 0.898638 0.438691 0.000000
vn 0.989299 -0.145903 -0.000000
vn 0.605577 -0.087313 -0.790983
vn 0.898638 0.438691 0.000000
vn 0.440720 0.223984 0.869251
vn 0.605577 -0.087313 0.790983
vn 0.989299 -0.145903 -0.000000
vn 0.440720 0.223984 0.869251
vn -0.459528 -0.217849 0.861032
vn -0.231347 0.097036 0.968020
vn 0.605577 -0.087313 0.790983
vn -0.459528 -0.217849 0.861032
vn -0.897872 -0.440256 0.000000
vn -0.951890 0.306439 -0.000000
vn -0.231347 0.097036 0.968020
vn -0.897872 -0.440256 0.000000
vn -0.459528 -0.217849 -0.861032
vn -0.231347 0.097036 -0.968020
vn -0.951890 0.306439 -0.000000
vn -0.231347 0.097036 0.968020
vn -0.951890 0.306439 -0.000000
vn -0.542306 0.840181 -0.000000
vn -0.264405 0.379170 0.886747
vn 0.605577 -0.087313 0.790983
vn -0.231347 0.097036 0.968020
vn -0.264405 0.379170 0.886747
vn 0.248153 -0.415341 0.875164
vn 0.989299 -0.145903 -0.000000
vn 0.605577 -0.087313 0.790983
vn 0.248153 -0.415341 0.875164
vn 0.543044 -0.839704 -0.000001
vn 0.605577 -0.087313 -0.790983
vn 0.989299 -0.145903 -0.000000
vn 0.543044 -0.839704 -0.000001
vn 0.248152 -0.415341 -0.875164
vn -0.231347 0.097036 -0.968020
vn 0.605577 -0.087313 -0.790983
vn 0.248152 -0.415341 -0.875164
vn -0.264406 0.379169 -0.886747
vn -0.951890 0.306439 -0.000000
vn -0.231347 0.097036 -0.968020
vn -0.264406 0.379169 -0.886747
vn -0.542306 0.840181 -0.000000
vn 0.925476 0.378806 -0.000000
vn 0.426875 0.208472 -0.879953
vn 0.211945 0.557362 -0.802762
vn 0.414642 0.909985 0.000000
vn 0.426875 0.208473 0.879953
vn 0.925476 0.378806 -0.000000
vn 0.414642 0.909985 0.000000
vn 0.211944 0.557362 0.802762
vn -0.461641 -0.156787 0.873101
vn 0.426875 0.208473 0.879953
vn 0.211944 0.557362 0.802762
vn -0.270619 -0.223406 0.936405
vn -0.924759 -0.380552 0.000000
vn -0.461641 -0.156787 0.873101
vn -0.270619 -0.223406 0.936405
vn -0.513777 -0.857924 0.000000
vn -0.461641 -0.156788 -0.873101
vn -0.924759 -0.380552 0.000000
vn -0.513777 -0.857924 0.000000
vn -0.270618 -0.223408 -0.936405
vn 0.426875 0.208472 -0.879953
vn -0.461641 -0.156788 -0.873101
vn -0.270618 -0.223408 -0.936405
vn 0.211945 0.557362 -0.802762
s off
g lightTower lightTowerGrp lightGrp3 light1 polySurface97
usemtl SM_Light_Tower_1_JFGSG
f 2445//7671 2446//7672 2448//7673 2447//7674
f 2447//7675 2448//7676 2450//7677 2449//7678
f 2449//7679 2450//7680 2452//7681 2451//7682
f 2451//7683 2452//7684 2454//7685 2453//7686
f 2453//7687 2454//7688 2456//7689 2455//7690
f 2455//7691 2456//7692 2446//7693 2445//7694
f 2457//7695 2458//7696 2460//7697 2459//7698
f 2459//7699 2460//7700 2462//7701 2461//7702
f 2461//7703 2462//7704 2464//7705 2463//7706
f 2463//7707 2464//7708 2466//7709 2465//7710
f 2465//7711 2466//7712 2468//7713 2467//7714
f 2467//7715 2468//7716 2458//7717 2457//7718
f 2469//7719 2470//7720 2472//7721 2471//7722
f 2471//7723 2472//7724 2474//7725 2473//7726
f 2473//7727 2474//7728 2476//7729 2475//7730
f 2475//7731 2476//7732 2478//7733 2477//7734
f 2477//7735 2478//7736 2480//7737 2479//7738
f 2479//7739 2480//7740 2470//7741 2469//7742
f 2487//7743 2488//7744 2462//7745 2460//7746
f 2488//7747 2489//7748 2464//7749 2462//7750
f 2489//7751 2490//7752 2466//7753 2464//7754
f 2490//7755 2491//7756 2468//7757 2466//7758
f 2491//7759 2492//7760 2458//7761 2468//7762
f 2492//7763 2487//7764 2460//7765 2458//7766
f 2471//7767 2473//7768 2485//7769 2486//7770
f 2473//7771 2475//7772 2484//7773 2485//7774
f 2475//7775 2477//7776 2483//7777 2484//7778
f 2477//7779 2479//7780 2482//7781 2483//7782
f 2479//7783 2469//7784 2481//7785 2482//7786
f 2469//7787 2471//7788 2486//7789 2481//7790
f 2482//7791 2481//7792 2446//7793 2456//7794
f 2483//7795 2482//7796 2456//7797 2454//7798
f 2484//7799 2483//7800 2454//7801 2452//7802
f 2485//7803 2484//7804 2452//7805 2450//7806
f 2486//7807 2485//7808 2450//7809 2448//7810
f 2481//7811 2486//7812 2448//7813 2446//7814
f 2476//7815 2474//7816 2487//7817 2492//7818
f 2478//7819 2476//7820 2492//7821 2491//7822
f 2480//7823 2478//7824 2491//7825 2490//7826
f 2470//7827 2480//7828 2490//7829 2489//7830
f 2472//7831 2470//7832 2489//7833 2488//7834
f 2474//7835 2472//7836 2488//7837 2487//7838
g default
v 10.724291 6.133606 -0.155071
v 10.793918 6.175130 -0.155071
v 10.725994 6.129769 -0.161559
v 10.795621 6.171293 -0.161559
v 10.729400 6.122095 -0.161559
v 10.799027 6.163619 -0.161559
v 10.731102 6.118258 -0.155071
v 10.800729 6.159783 -0.155071
v 10.729399 6.122095 -0.148584
v 10.799027 6.163619 -0.148584
v 10.725994 6.129769 -0.148584
v 10.795621 6.171293 -0.148584
vn -0.512207 0.858862 -0.000000
vn 0.207391 0.978258 -0.000000
vn 0.382363 0.576641 -0.722000
vn -0.235914 0.395578 -0.887616
vn -0.235914 0.395578 -0.887616
vn 0.382363 0.576641 -0.722000
vn 0.726304 -0.063421 -0.684442
vn 0.235917 -0.395583 -0.887613
vn 0.235917 -0.395583 -0.887613
vn 0.726304 -0.063421 -0.684442
vn 0.926650 -0.375926 0.000003
vn 0.512207 -0.858862 0.000004
vn 0.512207 -0.858862 0.000004
vn 0.926650 -0.375926 0.000003
vn 0.726303 -0.063420 0.684443
vn 0.235916 -0.395580 0.887615
vn 0.235916 -0.395580 0.887615
vn 0.726303 -0.063420 0.684443
vn 0.382363 0.576642 0.722000
vn -0.235914 0.395578 0.887616
vn -0.235914 0.395578 0.887616
vn 0.382363 0.576642 0.722000
vn 0.207391 0.978258 -0.000000
vn -0.512207 0.858862 -0.000000
vn 0.382363 0.576641 -0.722000
vn 0.207391 0.978258 -0.000000
vn 0.382363 0.576642 0.722000
vn 0.726303 -0.063420 0.684443
vn 0.926650 -0.375926 0.000003
vn 0.726304 -0.063421 -0.684442
s off
g lightTower lightTowerGrp lightGrp3 light1 polySurface61
usemtl SM_Light_Tower_1_JFGSG
f 2493//7839 2494//7840 2496//7841 2495//7842
f 2495//7843 2496//7844 2498//7845 2497//7846
f 2497//7847 2498//7848 2500//7849 2499//7850
f 2499//7851 2500//7852 2502//7853 2501//7854
f 2501//7855 2502//7856 2504//7857 2503//7858
f 2503//7859 2504//7860 2494//7861 2493//7862
f 2496//7863 2494//7864 2504//7865 2502//7866 2500//7867 2498//7868
g default
v 10.893528 5.883027 -0.268719
v 10.891926 5.886636 -0.268719
v 10.893528 5.883027 -0.311990
v 10.891926 5.886636 -0.311990
v 10.906989 5.891101 -0.269312
v 10.907352 5.895929 -0.269312
v 10.906358 5.890725 -0.311424
v 10.906722 5.895553 -0.311424
vn -0.258493 -0.727868 0.635129
vn -0.623096 -0.284721 0.728481
vn -0.623123 -0.284697 -0.728468
vn -0.258581 -0.727869 -0.635093
vn -0.258581 -0.727869 -0.635093
vn -0.623123 -0.284697 -0.728468
vn 0.843383 -0.059072 -0.534056
vn 0.685209 -0.388629 -0.616000
vn 0.685209 -0.388629 -0.616000
vn 0.843383 -0.059072 -0.534056
vn 0.851305 -0.059560 0.521280
vn 0.693012 -0.385444 0.609236
vn 0.693012 -0.385444 0.609236
vn 0.851305 -0.059560 0.521280
vn -0.623096 -0.284721 0.728481
vn -0.258493 -0.727868 0.635129
vn -0.258581 -0.727869 -0.635093
vn 0.685209 -0.388629 -0.616000
vn 0.693012 -0.385444 0.609236
vn -0.258493 -0.727868 0.635129
s off
g lightTower lightTowerGrp lightGrp3 light1 polySurface9
usemtl SM_Light_Tower_1_JFGSG
f 2505//7869 2506//7870 2508//7871 2507//7872
f 2507//7873 2508//7874 2512//7875 2511//7876
f 2511//7877 2512//7878 2510//7879 2509//7880
f 2509//7881 2510//7882 2506//7883 2505//7884
f 2507//7885 2511//7886 2509//7887 2505//7888
g default
v 10.691990 6.119988 -0.423157
v 10.709268 6.130292 -0.423157
v 10.694715 6.113848 -0.433539
v 10.711993 6.124152 -0.433539
v 10.700165 6.101568 -0.433539
v 10.717443 6.111872 -0.433539
v 10.702890 6.095428 -0.423157
v 10.720168 6.105733 -0.423157
v 10.700165 6.101568 -0.412776
v 10.717443 6.111872 -0.412776
v 10.694715 6.113848 -0.412776
v 10.711993 6.124152 -0.412776
vn -0.926649 0.375929 0.000000
vn 0.207392 0.978258 -0.000000
vn 0.382362 0.576642 -0.722000
vn -0.726303 0.063418 -0.684443
vn -0.726303 0.063418 -0.684443
vn 0.382362 0.576642 -0.722000
vn 0.726302 -0.063418 -0.684443
vn -0.382362 -0.576642 -0.721999
vn -0.382362 -0.576642 -0.721999
vn 0.726302 -0.063418 -0.684443
vn 0.926649 -0.375929 -0.000000
vn -0.207392 -0.978258 0.000000
vn -0.207392 -0.978258 0.000000
vn 0.926649 -0.375929 -0.000000
vn 0.726303 -0.063418 0.684443
vn -0.382362 -0.576642 0.722000
vn 0.382362 0.576642 -0.722000
vn 0.207392 0.978258 -0.000000
vn 0.382362 0.576642 0.721999
vn 0.726303 -0.063418 0.684443
vn 0.926649 -0.375929 -0.000000
vn 0.726302 -0.063418 -0.684443
vn -0.382362 -0.576642 0.722000
vn 0.726303 -0.063418 0.684443
vn 0.382362 0.576642 0.721999
vn -0.726302 0.063418 0.684444
vn -0.726302 0.063418 0.684444
vn 0.382362 0.576642 0.721999
vn 0.207392 0.978258 -0.000000
vn -0.926649 0.375929 0.000000
vn -0.926649 0.375929 0.000000
vn -0.726303 0.063418 -0.684443
vn -0.382362 -0.576642 -0.721999
vn -0.207392 -0.978258 0.000000
vn -0.382362 -0.576642 0.722000
vn -0.726302 0.063418 0.684444
s off
g lightTower lightTowerGrp lightGrp3 light1 polySurface63
usemtl SM_Light_Tower_1_JFGSG
f 2513//7889 2514//7890 2516//7891 2515//7892
f 2515//7893 2516//7894 2518//7895 2517//7896
f 2517//7897 2518//7898 2520//7899 2519//7900
f 2519//7901 2520//7902 2522//7903 2521//7904
f 2516//7905 2514//7906 2524//7907 2522//7908 2520//7909 2518//7910
f 2521//7911 2522//7912 2524//7913 2523//7914
f 2523//7915 2524//7916 2514//7917 2513//7918
f 2513//7919 2515//7920 2517//7921 2519//7922 2521//7923 2523//7924
g default
v 10.877654 5.904826 -0.188047
v 10.781659 6.121114 -0.188047
v 10.877654 5.904826 -0.382787
v 10.781659 6.121114 -0.382787
v 10.859950 5.894268 -0.188047
v 10.763955 6.110556 -0.188047
v 10.859950 5.894268 -0.382787
v 10.763955 6.110556 -0.382787
v 10.747889 6.088134 -0.375187
v 10.834871 5.892152 -0.375187
v 10.834871 5.892152 -0.193091
v 10.747889 6.088134 -0.193091
v 10.736111 6.046404 -0.363680
v 10.798734 5.905306 -0.363680
v 10.798734 5.905306 -0.204805
v 10.736111 6.046404 -0.204805
v 10.735516 6.006930 -0.346016
v 10.770682 5.927697 -0.346016
v 10.770682 5.927697 -0.222986
v 10.735516 6.006930 -0.222986
vn 0.342389 -0.574113 -0.743750
vn 0.132102 -0.668697 -0.731706
vn -0.534436 0.464624 -0.706048
vn -0.342389 0.574112 -0.743751
vn 0.132102 -0.668697 -0.731706
vn -0.260319 -0.730832 -0.630967
vn -0.779346 0.224550 -0.584976
vn -0.534436 0.464624 -0.706048
vn 0.160410 -0.668017 0.726651
vn 0.342389 -0.574112 0.743751
vn -0.342389 0.574113 0.743750
vn -0.519605 0.484973 0.703429
vn 0.342389 -0.574113 -0.743750
vn 0.342389 -0.574112 0.743751
vn 0.160410 -0.668017 0.726651
vn 0.132102 -0.668697 -0.731706
vn -0.534436 0.464624 -0.706048
vn -0.519605 0.484973 0.703429
vn -0.342389 0.574113 0.743750
vn -0.342389 0.574112 -0.743751
vn -0.749262 0.236565 0.618582
vn -0.850117 -0.008964 0.526518
vn -0.535973 -0.630581 0.561339
vn -0.228116 -0.712113 0.663972
vn -0.519605 0.484973 0.703429
vn -0.749262 0.236565 0.618582
vn -0.228116 -0.712113 0.663972
vn 0.160410 -0.668017 0.726651
vn 0.160410 -0.668017 0.726651
vn -0.228116 -0.712113 0.663972
vn -0.260319 -0.730832 -0.630967
vn 0.132102 -0.668697 -0.731706
vn -0.534436 0.464624 -0.706048
vn -0.779346 0.224550 -0.584976
vn -0.749262 0.236565 0.618582
vn -0.519605 0.484973 0.703429
vn -0.848403 -0.007150 -0.529303
vn -0.922821 -0.238378 -0.302617
vn -0.924857 -0.238856 0.295952
vn -0.850117 -0.008964 0.526518
vn -0.228116 -0.712113 0.663972
vn -0.535973 -0.630581 0.561339
vn -0.533071 -0.630405 -0.564292
vn -0.260319 -0.730832 -0.630967
vn -0.779346 0.224550 -0.584976
vn -0.848403 -0.007150 -0.529303
vn -0.850117 -0.008964 0.526518
vn -0.749262 0.236565 0.618582
vn -0.260319 -0.730832 -0.630967
vn -0.533071 -0.630405 -0.564292
vn -0.848403 -0.007150 -0.529303
vn -0.779346 0.224550 -0.584976
vn -0.789308 -0.527797 -0.313725
vn -0.791140 -0.529083 0.306868
vn -0.924857 -0.238856 0.295952
vn -0.922821 -0.238378 -0.302617
vn -0.533071 -0.630405 -0.564292
vn -0.789308 -0.527797 -0.313725
vn -0.922821 -0.238378 -0.302617
vn -0.848403 -0.007150 -0.529303
vn -0.850117 -0.008964 0.526518
vn -0.924857 -0.238856 0.295952
vn -0.791140 -0.529083 0.306868
vn -0.535973 -0.630581 0.561339
vn -0.535973 -0.630581 0.561339
vn -0.791140 -0.529083 0.306868
vn -0.789308 -0.527797 -0.313725
vn -0.533071 -0.630405 -0.564292
s off
g lightTower lightTowerGrp lightGrp3 light1 polySurface8
usemtl SM_Light_Tower_1_JFGSG
f 2527//7925 2531//7926 2532//7927 2528//7928
f 2531//7929 2534//7930 2533//7931 2532//7932
f 2529//7933 2525//7934 2526//7935 2530//7936
f 2527//7937 2525//7938 2529//7939 2531//7940
f 2532//7941 2530//7942 2526//7943 2528//7944
f 2536//7945 2540//7946 2539//7947 2535//7948
f 2530//7949 2536//7950 2535//7951 2529//7952
f 2529//7953 2535//7954 2534//7955 2531//7956
f 2532//7957 2533//7958 2536//7959 2530//7960
f 2537//7961 2541//7962 2544//7963 2540//7964
f 2535//7965 2539//7966 2538//7967 2534//7968
f 2533//7969 2537//7970 2540//7971 2536//7972
f 2534//7973 2538//7974 2537//7975 2533//7976
f 2542//7977 2543//7978 2544//7979 2541//7980
f 2538//7981 2542//7982 2541//7983 2537//7984
f 2540//7985 2544//7986 2543//7987 2539//7988
f 2539//7989 2543//7990 2542//7991 2538//7992
g default
v 10.962341 5.704742 -0.427692
v 10.985057 5.721568 -0.427692
v 10.964996 5.698761 -0.437806
v 10.988287 5.714290 -0.439998
v 10.970306 5.686798 -0.437806
v 10.994747 5.699735 -0.439998
v 10.972960 5.680816 -0.427692
v 10.997978 5.692457 -0.427692
v 10.970306 5.686798 -0.417578
v 10.994747 5.699735 -0.415386
v 10.964996 5.698761 -0.417578
v 10.988287 5.714290 -0.415386
v 10.663175 6.253309 -0.427692
v 10.730120 6.293404 -0.427692
v 10.665356 6.248394 -0.436003
v 10.732331 6.288422 -0.436116
v 10.669719 6.238564 -0.436003
v 10.736754 6.278458 -0.436116
v 10.671900 6.233650 -0.427692
v 10.738965 6.273476 -0.427692
v 10.669719 6.238564 -0.419382
v 10.736754 6.278458 -0.419268
v 10.665356 6.248394 -0.419382
v 10.732331 6.288422 -0.419268
v 10.982268 5.729543 -0.427692
v 10.742564 6.269627 -0.427692
v 10.987968 5.732942 -0.438864
v 10.748264 6.273026 -0.438864
v 10.999368 5.739741 -0.438864
v 10.759663 6.279825 -0.438864
v 11.005068 5.743140 -0.427692
v 10.765363 6.283224 -0.427692
v 10.999368 5.739741 -0.416520
v 10.759663 6.279825 -0.416520
v 10.987968 5.732942 -0.416520
v 10.748264 6.273026 -0.416520
v 10.987842 5.720978 -0.427692
v 10.994492 5.719739 -0.415953
v 11.013079 5.715101 -0.415953
v 11.019729 5.713862 -0.427692
v 11.013079 5.715101 -0.439431
v 10.994492 5.719739 -0.439431
v 10.753804 6.301087 -0.437490
v 10.743626 6.279564 -0.437490
v 10.741881 6.275373 -0.427692
v 10.743626 6.279564 -0.417894
v 10.753804 6.301087 -0.417894
v 10.755549 6.305277 -0.427692
vn -0.595221 0.803562 -0.000001
vn -0.530626 0.847606 0.000000
vn -0.252589 0.385796 -0.887333
vn -0.318814 0.354049 -0.879208
vn -0.318814 0.354049 -0.879208
vn -0.252589 0.385796 -0.887333
vn 0.263123 -0.407088 -0.874669
vn 0.150080 -0.434059 -0.888295
vn 0.150080 -0.434059 -0.888295
vn 0.263123 -0.407088 -0.874669
vn 0.559539 -0.828804 0.000001
vn 0.421868 -0.906657 0.000000
vn 0.421868 -0.906657 0.000000
vn 0.559539 -0.828804 0.000001
vn 0.263120 -0.407089 0.874670
vn 0.150078 -0.434060 0.888295
vn 0.150078 -0.434060 0.888295
vn 0.263120 -0.407089 0.874670
vn -0.252585 0.385798 0.887334
vn -0.318818 0.354048 0.879207
vn -0.318818 0.354048 0.879207
vn -0.252585 0.385798 0.887334
vn -0.530626 0.847606 0.000000
vn -0.595221 0.803562 -0.000001
vn -0.513813 0.857902 0.000000
vn -0.493715 0.869624 0.000000
vn -0.272537 0.430099 -0.860662
vn -0.237475 0.394832 -0.887532
vn -0.237475 0.394832 -0.887532
vn -0.272537 0.430099 -0.860662
vn 0.131206 -0.414836 -0.900387
vn 0.234356 -0.396324 -0.887697
vn 0.234356 -0.396324 -0.887697
vn 0.131206 -0.414836 -0.900387
vn 0.372791 -0.927915 0.000000
vn 0.510604 -0.859816 0.000000
vn 0.510604 -0.859816 0.000000
vn 0.372791 -0.927915 0.000000
vn 0.131206 -0.414835 0.900387
vn 0.234356 -0.396322 0.887697
vn 0.234356 -0.396322 0.887697
vn 0.131206 -0.414835 0.900387
vn -0.272537 0.430099 0.860661
vn -0.237476 0.394833 0.887532
vn -0.237476 0.394833 0.887532
vn -0.272537 0.430099 0.860661
vn -0.493715 0.869624 0.000000
vn -0.513813 0.857902 0.000000
vn -0.897873 -0.440255 0.000000
vn -0.924759 -0.380553 0.000000
vn -0.461641 -0.156788 -0.873101
vn -0.459528 -0.217849 -0.861032
vn -0.459528 -0.217849 -0.861032
vn -0.461641 -0.156788 -0.873101
vn 0.426875 0.208472 -0.879953
vn 0.440720 0.223983 -0.869251
vn 0.440720 0.223983 -0.869251
vn 0.426875 0.208472 -0.879953
vn 0.925476 0.378806 0.000000
vn 0.898638 0.438691 0.000000
vn 0.898638 0.438691 0.000000
vn 0.925476 0.378806 0.000000
vn 0.426875 0.208472 0.879953
vn 0.440720 0.223984 0.869251
vn 0.440720 0.223984 0.869251
vn 0.426875 0.208472 0.879953
vn -0.461640 -0.156788 0.873101
vn -0.459528 -0.217848 0.861032
vn -0.459528 -0.217848 0.861032
vn -0.461640 -0.156788 0.873101
vn -0.924759 -0.380553 0.000000
vn -0.897873 -0.440255 0.000000
vn 0.211947 0.557362 -0.802761
vn -0.270626 -0.223408 -0.936403
vn 0.131206 -0.414836 -0.900387
vn -0.272537 0.430099 -0.860662
vn -0.270626 -0.223408 -0.936403
vn -0.513793 -0.857914 0.000000
vn 0.372791 -0.927915 0.000000
vn 0.131206 -0.414836 -0.900387
vn -0.513793 -0.857914 0.000000
vn -0.270626 -0.223408 0.936403
vn 0.131206 -0.414835 0.900387
vn 0.372791 -0.927915 0.000000
vn -0.270626 -0.223408 0.936403
vn 0.211948 0.557362 0.802761
vn -0.272537 0.430099 0.860661
vn 0.131206 -0.414835 0.900387
vn 0.211948 0.557362 0.802761
vn 0.414646 0.909983 0.000000
vn -0.493715 0.869624 0.000000
vn -0.272537 0.430099 0.860661
vn 0.414646 0.909983 0.000000
vn 0.211947 0.557362 -0.802761
vn -0.272537 0.430099 -0.860662
vn -0.493715 0.869624 0.000000
vn -0.459528 -0.217849 -0.861032
vn 0.440720 0.223983 -0.869251
vn 0.605577 -0.087313 -0.790982
vn -0.231347 0.097036 -0.968020
vn 0.440720 0.223983 -0.869251
vn 0.898638 0.438691 0.000000
vn 0.989299 -0.145904 0.000000
vn 0.605577 -0.087313 -0.790982
vn 0.898638 0.438691 0.000000
vn 0.440720 0.223984 0.869251
vn 0.605575 -0.087314 0.790984
vn 0.989299 -0.145904 0.000000
vn 0.440720 0.223984 0.869251
vn -0.459528 -0.217848 0.861032
vn -0.231342 0.097038 0.968021
vn 0.605575 -0.087314 0.790984
vn -0.459528 -0.217848 0.861032
vn -0.897873 -0.440255 0.000000
vn -0.951888 0.306446 -0.000000
vn -0.231342 0.097038 0.968021
vn -0.897873 -0.440255 0.000000
vn -0.459528 -0.217849 -0.861032
vn -0.231347 0.097036 -0.968020
vn -0.951888 0.306446 -0.000000
vn -0.231342 0.097038 0.968021
vn -0.951888 0.306446 -0.000000
vn -0.530626 0.847606 0.000000
vn -0.252585 0.385798 0.887334
vn 0.605575 -0.087314 0.790984
vn -0.231342 0.097038 0.968021
vn -0.252585 0.385798 0.887334
vn 0.263120 -0.407089 0.874670
vn 0.989299 -0.145904 0.000000
vn 0.605575 -0.087314 0.790984
vn 0.263120 -0.407089 0.874670
vn 0.559539 -0.828804 0.000001
vn 0.605577 -0.087313 -0.790982
vn 0.989299 -0.145904 0.000000
vn 0.559539 -0.828804 0.000001
vn 0.263123 -0.407088 -0.874669
vn -0.231347 0.097036 -0.968020
vn 0.605577 -0.087313 -0.790982
vn 0.263123 -0.407088 -0.874669
vn -0.252589 0.385796 -0.887333
vn -0.951888 0.306446 -0.000000
vn -0.231347 0.097036 -0.968020
vn -0.252589 0.385796 -0.887333
vn -0.530626 0.847606 0.000000
vn 0.925476 0.378806 0.000000
vn 0.426875 0.208472 -0.879953
vn 0.211947 0.557362 -0.802761
vn 0.414646 0.909983 0.000000
vn 0.426875 0.208472 0.879953
vn 0.925476 0.378806 0.000000
vn 0.414646 0.909983 0.000000
vn 0.211948 0.557362 0.802761
vn -0.461640 -0.156788 0.873101
vn 0.426875 0.208472 0.879953
vn 0.211948 0.557362 0.802761
vn -0.270626 -0.223408 0.936403
vn -0.924759 -0.380553 0.000000
vn -0.461640 -0.156788 0.873101
vn -0.270626 -0.223408 0.936403
vn -0.513793 -0.857914 0.000000
vn -0.461641 -0.156788 -0.873101
vn -0.924759 -0.380553 0.000000
vn -0.513793 -0.857914 0.000000
vn -0.270626 -0.223408 -0.936403
vn 0.426875 0.208472 -0.879953
vn -0.461641 -0.156788 -0.873101
vn -0.270626 -0.223408 -0.936403
vn 0.211947 0.557362 -0.802761
s off
g lightTower lightTowerGrp lightGrp3 light1 polySurface95
usemtl SM_Light_Tower_1_JFGSG
f 2545//7993 2546//7994 2548//7995 2547//7996
f 2547//7997 2548//7998 2550//7999 2549//8000
f 2549//8001 2550//8002 2552//8003 2551//8004
f 2551//8005 2552//8006 2554//8007 2553//8008
f 2553//8009 2554//8010 2556//8011 2555//8012
f 2555//8013 2556//8014 2546//8015 2545//8016
f 2557//8017 2558//8018 2560//8019 2559//8020
f 2559//8021 2560//8022 2562//8023 2561//8024
f 2561//8025 2562//8026 2564//8027 2563//8028
f 2563//8029 2564//8030 2566//8031 2565//8032
f 2565//8033 2566//8034 2568//8035 2567//8036
f 2567//8037 2568//8038 2558//8039 2557//8040
f 2569//8041 2570//8042 2572//8043 2571//8044
f 2571//8045 2572//8046 2574//8047 2573//8048
f 2573//8049 2574//8050 2576//8051 2575//8052
f 2575//8053 2576//8054 2578//8055 2577//8056
f 2577//8057 2578//8058 2580//8059 2579//8060
f 2579//8061 2580//8062 2570//8063 2569//8064
f 2587//8065 2588//8066 2562//8067 2560//8068
f 2588//8069 2589//8070 2564//8071 2562//8072
f 2589//8073 2590//8074 2566//8075 2564//8076
f 2590//8077 2591//8078 2568//8079 2566//8080
f 2591//8081 2592//8082 2558//8083 2568//8084
f 2592//8085 2587//8086 2560//8087 2558//8088
f 2571//8089 2573//8090 2585//8091 2586//8092
f 2573//8093 2575//8094 2584//8095 2585//8096
f 2575//8097 2577//8098 2583//8099 2584//8100
f 2577//8101 2579//8102 2582//8103 2583//8104
f 2579//8105 2569//8106 2581//8107 2582//8108
f 2569//8109 2571//8110 2586//8111 2581//8112
f 2582//8113 2581//8114 2546//8115 2556//8116
f 2583//8117 2582//8118 2556//8119 2554//8120
f 2584//8121 2583//8122 2554//8123 2552//8124
f 2585//8125 2584//8126 2552//8127 2550//8128
f 2586//8129 2585//8130 2550//8131 2548//8132
f 2581//8133 2586//8134 2548//8135 2546//8136
f 2576//8137 2574//8138 2587//8139 2592//8140
f 2578//8141 2576//8142 2592//8143 2591//8144
f 2580//8145 2578//8146 2591//8147 2590//8148
f 2570//8149 2580//8150 2590//8151 2589//8152
f 2572//8153 2570//8154 2589//8155 2588//8156
f 2574//8157 2572//8158 2588//8159 2587//8160
g default
v 10.709574 6.129150 -0.154790
v 10.725378 6.138575 -0.154790
v 10.712067 6.123534 -0.164286
v 10.727871 6.132959 -0.164286
v 10.717052 6.112301 -0.164286
v 10.732856 6.121727 -0.164286
v 10.719544 6.106685 -0.154790
v 10.735349 6.116111 -0.154790
v 10.717052 6.112301 -0.145294
v 10.732856 6.121727 -0.145294
v 10.712067 6.123534 -0.145294
v 10.727871 6.132959 -0.145294
vn -0.926649 0.375927 -0.000000
vn 0.207394 0.978257 -0.000000
vn 0.382360 0.576645 -0.721998
vn -0.726304 0.063421 -0.684442
vn -0.726304 0.063421 -0.684442
vn 0.382360 0.576645 -0.721998
vn 0.726303 -0.063418 -0.684443
vn -0.382362 -0.576643 -0.721999
vn -0.382362 -0.576643 -0.721999
vn 0.726303 -0.063418 -0.684443
vn 0.926649 -0.375928 0.000000
vn -0.207392 -0.978258 0.000000
vn -0.207392 -0.978258 0.000000
vn 0.926649 -0.375928 0.000000
vn 0.726303 -0.063418 0.684443
vn -0.382362 -0.576642 0.721999
vn 0.382360 0.576645 -0.721998
vn 0.207394 0.978257 -0.000000
vn 0.382360 0.576645 0.721998
vn 0.726303 -0.063418 0.684443
vn 0.926649 -0.375928 0.000000
vn 0.726303 -0.063418 -0.684443
vn -0.382362 -0.576642 0.721999
vn 0.726303 -0.063418 0.684443
vn 0.382360 0.576645 0.721998
vn -0.726304 0.063421 0.684442
vn -0.726304 0.063421 0.684442
vn 0.382360 0.576645 0.721998
vn 0.207394 0.978257 -0.000000
vn -0.926649 0.375927 -0.000000
vn -0.926649 0.375927 -0.000000
vn -0.726304 0.063421 -0.684442
vn -0.382362 -0.576643 -0.721999
vn -0.207392 -0.978258 0.000000
vn -0.382362 -0.576642 0.721999
vn -0.726304 0.063421 0.684442
s off
g lightTower lightTowerGrp lightGrp3 light1 polySurface62
usemtl SM_Light_Tower_1_JFGSG
f 2593//8161 2594//8162 2596//8163 2595//8164
f 2595//8165 2596//8166 2598//8167 2597//8168
f 2597//8169 2598//8170 2600//8171 2599//8172
f 2599//8173 2600//8174 2602//8175 2601//8176
f 2596//8177 2594//8178 2604//8179 2602//8180 2600//8181 2598//8182
f 2601//8183 2602//8184 2604//8185 2603//8186
f 2603//8187 2604//8188 2594//8189 2593//8190
f 2593//8191 2595//8192 2597//8193 2599//8194 2601//8195 2603//8196
g default
v 10.925551 5.697351 -0.428211
v 10.957792 5.716579 -0.428211
v 10.929800 5.687777 -0.444399
v 10.962041 5.707005 -0.444399
v 10.938299 5.668629 -0.444399
v 10.970539 5.687857 -0.444399
v 10.942548 5.659055 -0.428211
v 10.974788 5.678283 -0.428211
v 10.938299 5.668629 -0.412022
v 10.970539 5.687857 -0.412022
v 10.929800 5.687777 -0.412022
v 10.962041 5.707005 -0.412022
vn -0.926649 0.375929 -0.000000
vn 0.207391 0.978258 -0.000000
vn 0.382363 0.576641 -0.722000
vn -0.726302 0.063417 -0.684444
vn -0.726302 0.063417 -0.684444
vn 0.382363 0.576641 -0.722000
vn 0.726303 -0.063419 -0.684443
vn -0.382361 -0.576643 -0.721999
vn -0.382361 -0.576643 -0.721999
vn 0.726303 -0.063419 -0.684443
vn 0.926649 -0.375928 -0.000000
vn -0.207393 -0.978258 0.000000
vn -0.207393 -0.978258 0.000000
vn 0.926649 -0.375928 -0.000000
vn 0.726303 -0.063419 0.684443
vn -0.382361 -0.576643 0.721999
vn 0.382363 0.576641 -0.722000
vn 0.207391 0.978258 -0.000000
vn 0.382363 0.576642 0.721999
vn 0.726303 -0.063419 0.684443
vn 0.926649 -0.375928 -0.000000
vn 0.726303 -0.063419 -0.684443
vn -0.382361 -0.576643 0.721999
vn 0.726303 -0.063419 0.684443
vn 0.382363 0.576642 0.721999
vn -0.726302 0.063417 0.684444
vn -0.726302 0.063417 0.684444
vn 0.382363 0.576642 0.721999
vn 0.207391 0.978258 -0.000000
vn -0.926649 0.375929 -0.000000
vn -0.926649 0.375929 -0.000000
vn -0.726302 0.063417 -0.684444
vn -0.382361 -0.576643 -0.721999
vn -0.207393 -0.978258 0.000000
vn -0.382361 -0.576643 0.721999
vn -0.726302 0.063417 0.684444
s off
g lightTower lightTowerGrp lightGrp3 light1 polySurface38
usemtl SM_Light_Tower_1_JFGSG
f 2605//8197 2606//8198 2608//8199 2607//8200
f 2607//8201 2608//8202 2610//8203 2609//8204
f 2609//8205 2610//8206 2612//8207 2611//8208
f 2611//8209 2612//8210 2614//8211 2613//8212
f 2608//8213 2606//8214 2616//8215 2614//8216 2612//8217 2610//8218
f 2613//8219 2614//8220 2616//8221 2615//8222
f 2615//8223 2616//8224 2606//8225 2605//8226
f 2605//8227 2607//8228 2609//8229 2611//8230 2613//8231 2615//8232
g default
v 10.964505 5.697371 -1.347013
v 10.964505 5.697371 -0.087841
v 10.963767 5.679708 -1.347013
v 10.963767 5.679708 -0.087841
v 10.950201 5.671618 -1.347013
v 10.950201 5.671618 -0.087841
v 10.937375 5.681191 -1.347013
v 10.937375 5.681191 -0.087841
v 10.938113 5.698854 -1.347013
v 10.938113 5.698854 -0.087841
v 10.951679 5.706944 -1.347013
v 10.951679 5.706944 -0.087841
vn 0.818429 0.363242 -0.445231
vn 0.818429 0.363242 0.445230
vn 0.780987 -0.433780 0.449327
vn 0.780987 -0.433780 -0.449327
vn 0.780987 -0.433780 -0.449327
vn 0.780987 -0.433780 0.449327
vn -0.048936 -0.870939 0.488949
vn -0.048936 -0.870939 -0.488949
vn -0.048936 -0.870939 -0.488949
vn -0.048936 -0.870939 0.488949
vn -0.818429 -0.363241 0.445231
vn -0.818429 -0.363242 -0.445230
vn -0.818429 -0.363242 -0.445230
vn -0.818429 -0.363241 0.445231
vn -0.780987 0.433780 0.449326
vn -0.780987 0.433780 -0.449326
vn 0.780987 -0.433780 0.449327
vn 0.818429 0.363242 0.445230
vn 0.048935 0.870939 0.488948
vn -0.780987 0.433780 0.449326
vn -0.818429 -0.363241 0.445231
vn -0.048936 -0.870939 0.488949
vn -0.780987 0.433780 -0.449326
vn -0.780987 0.433780 0.449326
vn 0.048935 0.870939 0.488948
vn 0.048936 0.870939 -0.488948
vn 0.048936 0.870939 -0.488948
vn 0.048935 0.870939 0.488948
vn 0.818429 0.363242 0.445230
vn 0.818429 0.363242 -0.445231
vn 0.818429 0.363242 -0.445231
vn 0.780987 -0.433780 -0.449327
vn -0.048936 -0.870939 -0.488949
vn -0.818429 -0.363242 -0.445230
vn -0.780987 0.433780 -0.449326
vn 0.048936 0.870939 -0.488948
s off
g lightTower lightTowerGrp lightGrp3 polySurface31 base1
usemtl SM_Light_Tower_1_JFGSG
f 2617//8233 2618//8234 2620//8235 2619//8236
f 2619//8237 2620//8238 2622//8239 2621//8240
f 2621//8241 2622//8242 2624//8243 2623//8244
f 2623//8245 2624//8246 2626//8247 2625//8248
f 2620//8249 2618//8250 2628//8251 2626//8252 2624//8253 2622//8254
f 2625//8255 2626//8256 2628//8257 2627//8258
f 2627//8259 2628//8260 2618//8261 2617//8262
f 2617//8263 2619//8264 2621//8265 2623//8266 2625//8267 2627//8268
g default
v 10.943118 5.709149 -1.374171
v 10.943118 5.709149 -1.337555
v 10.962935 5.708035 -1.374171
v 10.962935 5.708035 -1.337555
v 10.972012 5.687585 -1.374171
v 10.972012 5.687585 -1.337555
v 10.961271 5.668248 -1.374171
v 10.961271 5.668248 -1.337555
v 10.941455 5.669362 -1.374171
v 10.941455 5.669362 -1.337555
v 10.932378 5.689812 -1.374171
v 10.932378 5.689812 -1.337555
vn 0.056105 0.998425 -0.000000
vn 0.056105 0.998425 -0.000000
vn 0.056105 0.998425 -0.000000
vn 0.056105 0.998425 -0.000000
vn 0.914020 0.405668 -0.000000
vn 0.914020 0.405668 -0.000000
vn 0.914020 0.405668 -0.000000
vn 0.914020 0.405668 -0.000000
vn 0.874206 -0.485555 0.000000
vn 0.874206 -0.485555 0.000000
vn 0.874206 -0.485555 0.000000
vn 0.874206 -0.485555 0.000000
vn -0.056100 -0.998425 0.000000
vn -0.056100 -0.998425 0.000000
vn -0.056100 -0.998425 0.000000
vn -0.056100 -0.998425 0.000000
vn 0.000000 -0.000000 1.000000
vn 0.000000 -0.000000 1.000000
vn 0.000000 -0.000000 1.000000
vn 0.000000 -0.000000 1.000000
vn 0.000000 -0.000000 1.000000
vn 0.000000 -0.000000 1.000000
vn -0.914020 -0.405668 0.000000
vn -0.914020 -0.405668 0.000000
vn -0.914020 -0.405668 0.000000
vn -0.914020 -0.405668 0.000000
vn -0.874208 0.485552 -0.000000
vn -0.874208 0.485552 -0.000000
vn -0.874208 0.485552 -0.000000
vn -0.874208 0.485552 -0.000000
vn 0.000000 -0.000000 -1.000000
vn 0.000000 -0.000000 -1.000000
vn 0.000000 -0.000000 -1.000000
vn 0.000000 -0.000000 -1.000000
vn 0.000000 -0.000000 -1.000000
vn 0.000000 -0.000000 -1.000000
s off
g lightTower lightTowerGrp lightGrp3 base1 polySurface140
usemtl SM_Light_Tower_1_JFGSG
f 2629//8269 2630//8270 2632//8271 2631//8272
f 2631//8273 2632//8274 2634//8275 2633//8276
f 2633//8277 2634//8278 2636//8279 2635//8280
f 2635//8281 2636//8282 2638//8283 2637//8284
f 2632//8285 2630//8286 2640//8287 2638//8288 2636//8289 2634//8290
f 2637//8291 2638//8292 2640//8293 2639//8294
f 2639//8295 2640//8296 2630//8297 2629//8298
f 2629//8299 2631//8300 2633//8301 2635//8302 2637//8303 2639//8304
g default
v 10.925551 5.697351 -0.085109
v 10.957792 5.716579 -0.085109
v 10.929800 5.687777 -0.101298
v 10.962041 5.707005 -0.101298
v 10.938299 5.668629 -0.101298
v 10.970539 5.687857 -0.101298
v 10.942548 5.659055 -0.085109
v 10.974788 5.678283 -0.085109
v 10.938299 5.668629 -0.068921
v 10.970539 5.687857 -0.068921
v 10.929800 5.687777 -0.068921
v 10.962041 5.707005 -0.068921
vn -0.926649 0.375929 -0.000001
vn 0.207391 0.978258 -0.000001
vn 0.382363 0.576641 -0.722000
vn -0.726302 0.063417 -0.684444
vn -0.726302 0.063417 -0.684444
vn 0.382363 0.576641 -0.722000
vn 0.726303 -0.063420 -0.684443
vn -0.382361 -0.576644 -0.721999
vn -0.382361 -0.576644 -0.721999
vn 0.726303 -0.063420 -0.684443
vn 0.926649 -0.375928 -0.000001
vn -0.207393 -0.978258 -0.000000
vn -0.207393 -0.978258 -0.000000
vn 0.926649 -0.375928 -0.000001
vn 0.726303 -0.063420 0.684442
vn -0.382360 -0.576644 0.721999
vn 0.382363 0.576641 -0.722000
vn 0.207391 0.978258 -0.000001
vn 0.382363 0.576642 0.721999
vn 0.726303 -0.063420 0.684442
vn 0.926649 -0.375928 -0.000001
vn 0.726303 -0.063420 -0.684443
vn -0.382360 -0.576644 0.721999
vn 0.726303 -0.063420 0.684442
vn 0.382363 0.576642 0.721999
vn -0.726303 0.063417 0.684443
vn -0.726303 0.063417 0.684443
vn 0.382363 0.576642 0.721999
vn 0.207391 0.978258 -0.000001
vn -0.926649 0.375929 -0.000001
vn -0.926649 0.375929 -0.000001
vn -0.726302 0.063417 -0.684444
vn -0.382361 -0.576644 -0.721999
vn -0.207393 -0.978258 -0.000000
vn -0.382360 -0.576644 0.721999
vn -0.726303 0.063417 0.684443
s off
g lightTower lightTowerGrp lightGrp3 base1 polySurface39
usemtl SM_Light_Tower_1_JFGSG
f 2641//8305 2642//8306 2644//8307 2643//8308
f 2643//8309 2644//8310 2646//8311 2645//8312
f 2645//8313 2646//8314 2648//8315 2647//8316
f 2647//8317 2648//8318 2650//8319 2649//8320
f 2644//8321 2642//8322 2652//8323 2650//8324 2648//8325 2646//8326
f 2649//8327 2650//8328 2652//8329 2651//8330
f 2651//8331 2652//8332 2642//8333 2641//8334
f 2641//8335 2643//8336 2645//8337 2647//8338 2649//8339 2651//8340
g default
v 10.962341 5.704742 0.376681
v 10.985057 5.721568 0.376681
v 10.964996 5.698761 0.366566
v 10.988287 5.714290 0.364374
v 10.970306 5.686798 0.366566
v 10.994747 5.699735 0.364374
v 10.972960 5.680816 0.376681
v 10.997978 5.692457 0.376681
v 10.970306 5.686798 0.386795
v 10.994747 5.699735 0.388987
v 10.964996 5.698761 0.386795
v 10.988287 5.714290 0.388987
v 10.663175 6.253309 0.376681
v 10.730120 6.293404 0.376681
v 10.665356 6.248394 0.368370
v 10.732331 6.288422 0.368257
v 10.669719 6.238564 0.368370
v 10.736754 6.278458 0.368257
v 10.671900 6.233650 0.376681
v 10.738965 6.273476 0.376681
v 10.669719 6.238564 0.384991
v 10.736754 6.278458 0.385104
v 10.665356 6.248394 0.384991
v 10.732331 6.288422 0.385104
v 10.982268 5.729543 0.376681
v 10.742564 6.269627 0.376681
v 10.987968 5.732942 0.365509
v 10.748264 6.273026 0.365509
v 10.999368 5.739741 0.365509
v 10.759663 6.279825 0.365509
v 11.005068 5.743140 0.376681
v 10.765363 6.283224 0.376681
v 10.999368 5.739741 0.387853
v 10.759663 6.279825 0.387853
v 10.987968 5.732942 0.387853
v 10.748264 6.273026 0.387853
v 10.987842 5.720978 0.376681
v 10.994492 5.719739 0.388420
v 11.013079 5.715101 0.388420
v 11.019729 5.713862 0.376681
v 11.013079 5.715101 0.364942
v 10.994492 5.719739 0.364942
v 10.753804 6.301087 0.366883
v 10.743626 6.279564 0.366883
v 10.741881 6.275373 0.376681
v 10.743626 6.279564 0.386478
v 10.753804 6.301087 0.386478
v 10.755549 6.305277 0.376681
vn -0.503276 0.679438 -0.533926
vn -0.503276 0.679438 -0.533926
vn -0.503276 0.679438 -0.533926
vn -0.503276 0.679438 -0.533926
vn -0.072393 -0.032130 -0.996858
vn -0.072393 -0.032130 -0.996859
vn -0.072393 -0.032130 -0.996859
vn -0.072393 -0.032130 -0.996858
vn 0.354212 -0.761243 -0.543179
vn 0.354212 -0.761243 -0.543179
vn 0.354212 -0.761243 -0.543179
vn 0.354212 -0.761243 -0.543179
vn 0.354207 -0.761245 0.543179
vn 0.354207 -0.761245 0.543179
vn 0.354207 -0.761245 0.543179
vn 0.354207 -0.761245 0.543179
vn -0.072398 -0.032132 0.996858
vn -0.072398 -0.032132 0.996858
vn -0.072398 -0.032132 0.996858
vn -0.072398 -0.032132 0.996858
vn -0.503278 0.679437 0.533926
vn -0.503278 0.679437 0.533926
vn -0.503278 0.679437 0.533926
vn -0.503278 0.679437 0.533926
vn -0.432325 0.721848 -0.540399
vn -0.432325 0.721848 -0.540399
vn -0.432325 0.721848 -0.540399
vn -0.432325 0.721848 -0.540399
vn -0.001340 -0.000595 -0.999999
vn -0.001340 -0.000595 -0.999999
vn -0.001340 -0.000595 -0.999999
vn -0.001340 -0.000595 -0.999999
vn 0.429576 -0.723373 -0.540552
vn 0.429576 -0.723373 -0.540552
vn 0.429576 -0.723373 -0.540552
vn 0.429576 -0.723373 -0.540552
vn 0.429578 -0.723372 0.540552
vn 0.429578 -0.723372 0.540552
vn 0.429578 -0.723372 0.540552
vn 0.429578 -0.723372 0.540552
vn -0.001339 -0.000594 0.999999
vn -0.001339 -0.000594 0.999999
vn -0.001339 -0.000594 0.999999
vn -0.001339 -0.000594 0.999999
vn -0.432326 0.721848 0.540398
vn -0.432326 0.721848 0.540398
vn -0.432326 0.721848 0.540398
vn -0.432326 0.721848 0.540398
vn -0.787302 -0.349427 -0.507993
vn -0.787302 -0.349427 -0.507993
vn -0.787302 -0.349427 -0.507993
vn -0.787302 -0.349427 -0.507993
vn -0.000000 -0.000000 -1.000000
vn -0.000000 -0.000000 -1.000000
vn -0.000000 -0.000000 -1.000000
vn -0.000000 -0.000000 -1.000000
vn 0.787302 0.349427 -0.507993
vn 0.787302 0.349427 -0.507993
vn 0.787302 0.349427 -0.507993
vn 0.787302 0.349427 -0.507993
vn 0.787302 0.349427 0.507993
vn 0.787302 0.349427 0.507993
vn 0.787302 0.349427 0.507993
vn 0.787302 0.349427 0.507993
vn 0.000000 0.000000 1.000000
vn 0.000000 0.000000 1.000000
vn 0.000000 0.000000 1.000000
vn 0.000000 0.000000 1.000000
vn -0.787302 -0.349427 0.507993
vn -0.787302 -0.349427 0.507993
vn -0.787302 -0.349427 0.507993
vn -0.787302 -0.349427 0.507993
vn -0.105785 0.019340 -0.994201
vn -0.105785 0.019340 -0.994201
vn -0.105785 0.019340 -0.994201
vn -0.105785 0.019340 -0.994201
vn 0.205180 -0.872094 -0.444245
vn 0.205180 -0.872094 -0.444245
vn 0.205180 -0.872094 -0.444245
vn 0.205180 -0.872094 -0.444245
vn 0.205171 -0.872097 0.444244
vn 0.205171 -0.872097 0.444244
vn 0.205171 -0.872097 0.444244
vn 0.205171 -0.872097 0.444244
vn -0.105785 0.019340 0.994201
vn -0.105785 0.019340 0.994201
vn -0.105785 0.019340 0.994201
vn -0.105785 0.019340 0.994201
vn -0.431387 0.801345 0.414431
vn -0.431386 0.801344 0.414431
vn -0.431387 0.801345 0.414431
vn -0.431386 0.801345 0.414431
vn -0.431385 0.801345 -0.414431
vn -0.431385 0.801345 -0.414431
vn -0.431385 0.801345 -0.414431
vn -0.431385 0.801345 -0.414431
vn -0.002079 0.028846 -0.999582
vn -0.002079 0.028846 -0.999582
vn -0.002079 0.028846 -0.999582
vn -0.002079 0.028846 -0.999582
vn 0.783104 0.416930 -0.461430
vn 0.783104 0.416930 -0.461430
vn 0.783104 0.416930 -0.461430
vn 0.783104 0.416930 -0.461430
vn 0.783103 0.416929 0.461433
vn 0.783103 0.416929 0.461433
vn 0.783103 0.416929 0.461433
vn 0.783103 0.416929 0.461433
vn -0.002078 0.028846 0.999582
vn -0.002078 0.028846 0.999582
vn -0.002078 0.028846 0.999582
vn -0.002078 0.028846 0.999582
vn -0.780854 -0.421935 0.460693
vn -0.780854 -0.421935 0.460693
vn -0.780854 -0.421935 0.460693
vn -0.780854 -0.421935 0.460693
vn -0.780854 -0.421935 -0.460694
vn -0.780854 -0.421935 -0.460694
vn -0.780854 -0.421935 -0.460694
vn -0.780853 -0.421935 -0.460694
vn -0.402990 0.797935 0.448217
vn -0.402990 0.797935 0.448217
vn -0.402990 0.797935 0.448217
vn -0.402990 0.797935 0.448217
vn 0.021924 0.028610 0.999350
vn 0.021924 0.028610 0.999350
vn 0.021924 0.028610 0.999350
vn 0.021924 0.028610 0.999350
vn 0.598684 -0.645270 0.474556
vn 0.598684 -0.645270 0.474556
vn 0.598684 -0.645270 0.474556
vn 0.598684 -0.645270 0.474556
vn 0.598682 -0.645272 -0.474556
vn 0.598682 -0.645272 -0.474556
vn 0.598682 -0.645272 -0.474556
vn 0.598682 -0.645272 -0.474556
vn 0.021924 0.028609 -0.999350
vn 0.021924 0.028609 -0.999350
vn 0.021924 0.028609 -0.999350
vn 0.021924 0.028609 -0.999350
vn -0.402982 0.797939 -0.448217
vn -0.402982 0.797939 -0.448217
vn -0.402982 0.797939 -0.448217
vn -0.402982 0.797939 -0.448217
vn 0.849982 0.320818 -0.417859
vn 0.849982 0.320818 -0.417859
vn 0.849982 0.320818 -0.417859
vn 0.849982 0.320818 -0.417859
vn 0.849982 0.320818 0.417860
vn 0.849982 0.320818 0.417860
vn 0.849982 0.320818 0.417860
vn 0.849982 0.320818 0.417860
vn -0.086238 0.065708 0.994105
vn -0.086238 0.065708 0.994105
vn -0.086238 0.065708 0.994105
vn -0.086238 0.065708 0.994105
vn -0.849741 -0.321324 0.417961
vn -0.849741 -0.321324 0.417961
vn -0.849741 -0.321324 0.417961
vn -0.849741 -0.321324 0.417961
vn -0.849742 -0.321325 -0.417959
vn -0.849742 -0.321325 -0.417959
vn -0.849742 -0.321324 -0.417959
vn -0.849742 -0.321324 -0.417959
vn -0.086238 0.065707 -0.994105
vn -0.086238 0.065707 -0.994105
vn -0.086238 0.065707 -0.994105
vn -0.086238 0.065707 -0.994105
s off
g lightTower lightTowerGrp polySurface127 light3 lightGrp4
usemtl SM_Light_Tower_1_JFGSG
f 2653//8341 2654//8342 2656//8343 2655//8344
f 2655//8345 2656//8346 2658//8347 2657//8348
f 2657//8349 2658//8350 2660//8351 2659//8352
f 2659//8353 2660//8354 2662//8355 2661//8356
f 2661//8357 2662//8358 2664//8359 2663//8360
f 2663//8361 2664//8362 2654//8363 2653//8364
f 2665//8365 2666//8366 2668//8367 2667//8368
f 2667//8369 2668//8370 2670//8371 2669//8372
f 2669//8373 2670//8374 2672//8375 2671//8376
f 2671//8377 2672//8378 2674//8379 2673//8380
f 2673//8381 2674//8382 2676//8383 2675//8384
f 2675//8385 2676//8386 2666//8387 2665//8388
f 2677//8389 2678//8390 2680//8391 2679//8392
f 2679//8393 2680//8394 2682//8395 2681//8396
f 2681//8397 2682//8398 2684//8399 2683//8400
f 2683//8401 2684//8402 2686//8403 2685//8404
f 2685//8405 2686//8406 2688//8407 2687//8408
f 2687//8409 2688//8410 2678//8411 2677//8412
f 2695//8413 2696//8414 2670//8415 2668//8416
f 2696//8417 2697//8418 2672//8419 2670//8420
f 2697//8421 2698//8422 2674//8423 2672//8424
f 2698//8425 2699//8426 2676//8427 2674//8428
f 2699//8429 2700//8430 2666//8431 2676//8432
f 2700//8433 2695//8434 2668//8435 2666//8436
f 2679//8437 2681//8438 2693//8439 2694//8440
f 2681//8441 2683//8442 2692//8443 2693//8444
f 2683//8445 2685//8446 2691//8447 2692//8448
f 2685//8449 2687//8450 2690//8451 2691//8452
f 2687//8453 2677//8454 2689//8455 2690//8456
f 2677//8457 2679//8458 2694//8459 2689//8460
f 2690//8461 2689//8462 2654//8463 2664//8464
f 2691//8465 2690//8466 2664//8467 2662//8468
f 2692//8469 2691//8470 2662//8471 2660//8472
f 2693//8473 2692//8474 2660//8475 2658//8476
f 2694//8477 2693//8478 2658//8479 2656//8480
f 2689//8481 2694//8482 2656//8483 2654//8484
f 2684//8485 2682//8486 2695//8487 2700//8488
f 2686//8489 2684//8490 2700//8491 2699//8492
f 2688//8493 2686//8494 2699//8495 2698//8496
f 2678//8497 2688//8498 2698//8499 2697//8500
f 2680//8501 2678//8502 2697//8503 2696//8504
f 2682//8505 2680//8506 2696//8507 2695//8508
g default
v 10.723745 6.134835 0.106674
v 10.799444 6.179980 0.106674
v 10.725448 6.130998 0.100186
v 10.801147 6.176143 0.100186
v 10.728854 6.123324 0.100186
v 10.804553 6.168470 0.100186
v 10.730557 6.119487 0.106674
v 10.806256 6.164633 0.106674
v 10.728854 6.123324 0.113161
v 10.804553 6.168470 0.113161
v 10.725448 6.130998 0.113161
v 10.801147 6.176143 0.113161
vn -0.430950 0.722611 -0.540478
vn -0.430950 0.722611 -0.540478
vn -0.430950 0.722611 -0.540478
vn -0.430950 0.722611 -0.540478
vn 0.000000 -0.000000 -1.000000
vn 0.000000 -0.000000 -1.000000
vn 0.000000 -0.000000 -1.000000
vn 0.000000 -0.000000 -1.000000
vn 0.430954 -0.722618 -0.540465
vn 0.430954 -0.722618 -0.540465
vn 0.430954 -0.722618 -0.540465
vn 0.430954 -0.722618 -0.540465
vn 0.430953 -0.722616 0.540468
vn 0.430953 -0.722616 0.540468
vn 0.430953 -0.722616 0.540468
vn 0.430953 -0.722616 0.540468
vn 0.000000 0.000000 1.000000
vn 0.000000 0.000000 1.000000
vn 0.000000 0.000000 1.000000
vn 0.000000 0.000000 1.000000
vn -0.430951 0.722613 0.540474
vn -0.430951 0.722613 0.540474
vn -0.430951 0.722613 0.540474
vn -0.430951 0.722613 0.540474
vn 0.914020 0.405668 -0.000000
vn 0.914020 0.405668 -0.000000
vn 0.914020 0.405668 -0.000000
vn 0.914020 0.405668 -0.000000
vn 0.914020 0.405668 -0.000000
vn 0.914020 0.405668 -0.000000
s off
g lightTower lightTowerGrp light3 lightGrp4 polySurface113
usemtl SM_Light_Tower_1_JFGSG
f 2701//8509 2702//8510 2704//8511 2703//8512
f 2703//8513 2704//8514 2706//8515 2705//8516
f 2705//8517 2706//8518 2708//8519 2707//8520
f 2707//8521 2708//8522 2710//8523 2709//8524
f 2709//8525 2710//8526 2712//8527 2711//8528
f 2711//8529 2712//8530 2702//8531 2701//8532
f 2704//8533 2702//8534 2712//8535 2710//8536 2708//8537 2706//8538
g default
v 10.893528 5.883027 0.263832
v 10.891926 5.886636 0.263832
v 10.893528 5.883027 0.220562
v 10.891926 5.886636 0.220562
v 10.906989 5.891101 0.263239
v 10.907352 5.895929 0.263239
v 10.906358 5.890724 0.221127
v 10.906722 5.895553 0.221127
vn -0.914020 -0.405668 0.000000
vn -0.914020 -0.405668 0.000000
vn -0.914020 -0.405668 0.000000
vn -0.914020 -0.405668 0.000000
vn 0.037583 0.005517 -0.999278
vn 0.037583 0.005517 -0.999278
vn 0.037583 0.005517 -0.999278
vn 0.037583 0.005517 -0.999278
vn 0.997082 -0.074993 -0.014263
vn 0.997082 -0.074993 -0.014263
vn 0.997082 -0.074993 -0.014263
vn 0.997082 -0.074993 -0.014263
vn 0.037739 0.005541 0.999272
vn 0.037739 0.005541 0.999272
vn 0.037739 0.005541 0.999272
vn 0.037739 0.005541 0.999272
vn 0.514386 -0.857558 -0.000022
vn 0.514386 -0.857558 -0.000022
vn 0.514386 -0.857558 -0.000022
vn 0.514386 -0.857559 -0.000022
s off
g lightTower lightTowerGrp light3 lightGrp4 polySurface134
usemtl SM_Light_Tower_1_JFGSG
f 2713//8539 2714//8540 2716//8541 2715//8542
f 2715//8543 2716//8544 2720//8545 2719//8546
f 2719//8547 2720//8548 2718//8549 2717//8550
f 2717//8551 2718//8552 2714//8553 2713//8554
f 2715//8555 2719//8556 2717//8557 2713//8558
g default
v 10.706529 6.124358 0.374106
v 10.796774 6.178179 0.374106
v 10.708305 6.120355 0.367338
v 10.798551 6.174176 0.367338
v 10.711858 6.112350 0.367338
v 10.802104 6.166170 0.367338
v 10.713635 6.108347 0.374106
v 10.803881 6.162168 0.374106
v 10.711858 6.112350 0.380875
v 10.802104 6.166170 0.380875
v 10.708305 6.120355 0.380875
v 10.798551 6.174176 0.380875
vn -0.430948 0.722606 -0.540486
vn -0.430948 0.722606 -0.540486
vn -0.430948 0.722606 -0.540486
vn -0.430948 0.722605 -0.540486
vn -0.000000 -0.000000 -1.000000
vn -0.000000 -0.000000 -1.000000
vn -0.000000 -0.000000 -1.000000
vn -0.000000 -0.000000 -1.000000
vn 0.430955 -0.722619 -0.540463
vn 0.430955 -0.722619 -0.540463
vn 0.430955 -0.722619 -0.540463
vn 0.430955 -0.722619 -0.540463
vn 0.430955 -0.722619 0.540463
vn 0.430955 -0.722619 0.540463
vn 0.430955 -0.722619 0.540463
vn 0.430955 -0.722619 0.540463
vn 0.000000 0.000000 1.000000
vn 0.000000 0.000000 1.000000
vn 0.000000 0.000000 1.000000
vn 0.000000 0.000000 1.000000
vn -0.430946 0.722607 0.540486
vn -0.430946 0.722607 0.540486
vn -0.430946 0.722607 0.540486
vn -0.430946 0.722607 0.540486
vn 0.914020 0.405668 -0.000000
vn 0.914020 0.405668 -0.000000
vn 0.914020 0.405668 -0.000000
vn 0.914020 0.405668 -0.000000
vn 0.914020 0.405668 -0.000000
vn 0.914020 0.405668 -0.000000
s off
g lightTower lightTowerGrp light3 lightGrp4 polySurface139
usemtl SM_Light_Tower_1_JFGSG
f 2721//8559 2722//8560 2724//8561 2723//8562
f 2723//8563 2724//8564 2726//8565 2725//8566
f 2725//8567 2726//8568 2728//8569 2727//8570
f 2727//8571 2728//8572 2730//8573 2729//8574
f 2729//8575 2730//8576 2732//8577 2731//8578
f 2731//8579 2732//8580 2722//8581 2721//8582
f 2724//8583 2722//8584 2732//8585 2730//8586 2728//8587 2726//8588
g default
v 10.893319 5.886517 0.357271
v 10.780764 6.140116 0.357271
v 10.893319 5.886517 0.128938
v 10.780764 6.140116 0.128938
v 10.914076 5.898897 0.357271
v 10.801522 6.152495 0.357271
v 10.914076 5.898896 0.128938
v 10.801522 6.152495 0.128938
v 10.830927 6.154976 0.137849
v 10.932914 5.925187 0.137849
v 10.932914 5.925187 0.351357
v 10.830927 6.154976 0.351357
v 10.873299 6.139553 0.151341
v 10.946724 5.974116 0.151341
v 10.946724 5.974116 0.337622
v 10.873299 6.139553 0.337622
v 10.906189 6.113300 0.172052
v 10.947421 6.020399 0.172052
v 10.947421 6.020399 0.316305
v 10.906189 6.113300 0.316305
vn 0.000000 -0.000000 -1.000000
vn 0.000000 -0.000000 -1.000000
vn 0.000000 -0.000000 -1.000000
vn 0.000000 -0.000000 -1.000000
vn 0.278228 0.123485 -0.952544
vn 0.278228 0.123485 -0.952544
vn 0.278228 0.123485 -0.952544
vn 0.278228 0.123485 -0.952544
vn 0.000000 0.000000 1.000000
vn 0.000000 0.000000 1.000000
vn 0.000000 0.000000 1.000000
vn 0.000000 0.000000 1.000000
vn 0.512207 -0.858862 0.000000
vn 0.512207 -0.858862 0.000000
vn 0.512207 -0.858862 0.000000
vn 0.512207 -0.858862 0.000000
vn -0.512207 0.858862 -0.000000
vn -0.512207 0.858862 -0.000000
vn -0.512207 0.858862 -0.000000
vn -0.512207 0.858862 -0.000000
vn 0.356064 0.158032 0.921002
vn 0.356064 0.158032 0.921002
vn 0.356064 0.158032 0.921002
vn 0.356064 0.158032 0.921002
vn 0.189647 0.084171 0.978238
vn 0.189647 0.084171 0.978238
vn 0.189647 0.084171 0.978238
vn 0.189647 0.084171 0.978238
vn 0.812865 -0.582452 0.000000
vn 0.812865 -0.582452 0.000000
vn 0.812865 -0.582452 0.000000
vn 0.812865 -0.582452 0.000000
vn -0.084064 0.996460 -0.000000
vn -0.084064 0.996460 -0.000000
vn -0.084064 0.996460 -0.000000
vn -0.084064 0.996460 -0.000000
vn 0.623835 0.781556 -0.000000
vn 0.623835 0.781556 -0.000000
vn 0.623835 0.781556 -0.000000
vn 0.623835 0.781556 -0.000000
vn 0.962399 -0.271641 0.000000
vn 0.962399 -0.271641 0.000000
vn 0.962399 -0.271641 0.000000
vn 0.962399 -0.271641 0.000000
vn 0.342042 0.939685 -0.000000
vn 0.342042 0.939685 -0.000000
vn 0.342042 0.939685 -0.000000
vn 0.342042 0.939685 -0.000000
vn 0.350708 0.155654 -0.923459
vn 0.350708 0.155654 -0.923459
vn 0.350708 0.155654 -0.923459
vn 0.350708 0.155654 -0.923459
vn 0.914020 0.405668 -0.000000
vn 0.914020 0.405668 -0.000000
vn 0.914020 0.405668 -0.000000
vn 0.914020 0.405668 -0.000000
vn 0.666882 0.295981 -0.683860
vn 0.666882 0.295981 -0.683860
vn 0.666882 0.295981 -0.683860
vn 0.666882 0.295981 -0.683860
vn 0.675795 0.299937 0.673305
vn 0.675795 0.299937 0.673305
vn 0.675795 0.299937 0.673305
vn 0.675795 0.299937 0.673305
vn 0.999887 -0.015049 0.000000
vn 0.999887 -0.015049 0.000000
vn 0.999887 -0.015049 0.000000
vn 0.999887 -0.015049 0.000000
s off
g lightTower lightTowerGrp light3 lightGrp4 polySurface118
usemtl SM_Light_Tower_1_JFGSG
f 2735//8589 2736//8590 2740//8591 2739//8592
f 2739//8593 2740//8594 2741//8595 2742//8596
f 2737//8597 2738//8598 2734//8599 2733//8600
f 2735//8601 2739//8602 2737//8603 2733//8604
f 2740//8605 2736//8606 2734//8607 2738//8608
f 2744//8609 2743//8610 2747//8611 2748//8612
f 2738//8613 2737//8614 2743//8615 2744//8616
f 2737//8617 2739//8618 2742//8619 2743//8620
f 2740//8621 2738//8622 2744//8623 2741//8624
f 2745//8625 2748//8626 2752//8627 2749//8628
f 2743//8629 2742//8630 2746//8631 2747//8632
f 2741//8633 2744//8634 2748//8635 2745//8636
f 2742//8637 2741//8638 2745//8639 2746//8640
f 2750//8641 2749//8642 2752//8643 2751//8644
f 2746//8645 2745//8646 2749//8647 2750//8648
f 2748//8649 2747//8650 2751//8651 2752//8652
f 2747//8653 2746//8654 2750//8655 2751//8656
g default
v 10.641251 6.227988 0.077861
v 10.669946 6.245101 0.077861
v 10.648403 6.211874 0.086944
v 10.677098 6.228987 0.086944
v 10.648403 6.211874 0.105109
v 10.677098 6.228987 0.105109
v 10.641251 6.227988 0.114191
v 10.669946 6.245101 0.114191
v 10.634099 6.244102 0.105109
v 10.662794 6.261215 0.105109
v 10.634099 6.244102 0.086944
v 10.662794 6.261215 0.086944
vn 0.235918 -0.395578 -0.887616
vn 0.235918 -0.395578 -0.887616
vn 0.235918 -0.395578 -0.887616
vn 0.235918 -0.395578 -0.887616
vn 0.512207 -0.858862 0.000000
vn 0.512207 -0.858862 0.000000
vn 0.512207 -0.858862 0.000000
vn 0.512207 -0.858862 0.000000
vn 0.235915 -0.395579 0.887616
vn 0.235915 -0.395579 0.887616
vn 0.235915 -0.395579 0.887616
vn 0.235915 -0.395579 0.887616
vn -0.235918 0.395578 0.887616
vn -0.235918 0.395578 0.887616
vn -0.235918 0.395578 0.887616
vn -0.235918 0.395578 0.887616
vn 0.914020 0.405668 -0.000000
vn 0.914021 0.405668 -0.000000
vn 0.914020 0.405668 -0.000000
vn 0.914020 0.405668 -0.000000
vn 0.914021 0.405668 -0.000000
vn 0.914020 0.405668 -0.000000
vn -0.512213 0.858859 -0.000000
vn -0.512213 0.858859 -0.000000
vn -0.512213 0.858859 -0.000000
vn -0.512213 0.858859 -0.000000
vn -0.235915 0.395579 -0.887616
vn -0.235915 0.395579 -0.887616
vn -0.235915 0.395579 -0.887616
vn -0.235915 0.395579 -0.887616
vn -0.914020 -0.405668 0.000000
vn -0.914020 -0.405668 0.000000
vn -0.914020 -0.405668 0.000000
vn -0.914020 -0.405668 0.000000
vn -0.914020 -0.405668 0.000000
vn -0.914020 -0.405668 0.000000
s off
g lightTower lightTowerGrp light3 lightGrp4 polySurface148
usemtl SM_Light_Tower_1_JFGSG
f 2753//8657 2754//8658 2756//8659 2755//8660
f 2755//8661 2756//8662 2758//8663 2757//8664
f 2757//8665 2758//8666 2760//8667 2759//8668
f 2759//8669 2760//8670 2762//8671 2761//8672
f 2756//8673 2754//8674 2764//8675 2762//8676 2760//8677 2758//8678
f 2761//8679 2762//8680 2764//8681 2763//8682
f 2763//8683 2764//8684 2754//8685 2753//8686
f 2753//8687 2755//8688 2757//8689 2759//8690 2761//8691 2763//8692
g default
v 10.925551 5.697351 0.098664
v 10.958390 5.716936 0.098664
v 10.929800 5.687777 0.082475
v 10.962640 5.707362 0.082475
v 10.938299 5.668629 0.082475
v 10.971138 5.688214 0.082475
v 10.942548 5.659055 0.098664
v 10.975387 5.678640 0.098664
v 10.938299 5.668629 0.114852
v 10.971138 5.688214 0.114852
v 10.929800 5.687777 0.114852
v 10.962640 5.707362 0.114852
vn -0.430950 0.722611 -0.540478
vn -0.430950 0.722611 -0.540478
vn -0.430950 0.722611 -0.540478
vn -0.430950 0.722611 -0.540478
vn -0.000001 0.000001 -1.000000
vn -0.000001 0.000001 -1.000000
vn -0.000001 0.000001 -1.000000
vn -0.000001 0.000001 -1.000000
vn 0.430952 -0.722614 -0.540472
vn 0.430952 -0.722614 -0.540472
vn 0.430952 -0.722614 -0.540472
vn 0.430952 -0.722614 -0.540472
vn 0.430952 -0.722614 0.540472
vn 0.430952 -0.722614 0.540472
vn 0.430952 -0.722614 0.540472
vn 0.430952 -0.722614 0.540472
vn 0.914020 0.405668 -0.000000
vn 0.914020 0.405668 -0.000000
vn 0.914020 0.405668 -0.000000
vn 0.914020 0.405668 -0.000000
vn 0.914020 0.405668 -0.000000
vn 0.914020 0.405668 -0.000000
vn 0.000001 -0.000001 1.000000
vn 0.000001 -0.000001 1.000000
vn 0.000001 -0.000001 1.000000
vn 0.000001 -0.000001 1.000000
vn -0.430950 0.722612 0.540476
vn -0.430950 0.722612 0.540476
vn -0.430950 0.722612 0.540476
vn -0.430950 0.722612 0.540476
vn -0.914020 -0.405668 0.000000
vn -0.914020 -0.405668 0.000000
vn -0.914020 -0.405668 0.000000
vn -0.914020 -0.405668 0.000000
vn -0.914020 -0.405668 0.000000
vn -0.914020 -0.405668 0.000000
s off
g lightTower lightTowerGrp light3 lightGrp4 polySurface137
usemtl SM_Light_Tower_1_JFGSG
f 2765//8693 2766//8694 2768//8695 2767//8696
f 2767//8697 2768//8698 2770//8699 2769//8700
f 2769//8701 2770//8702 2772//8703 2771//8704
f 2771//8705 2772//8706 2774//8707 2773//8708
f 2768//8709 2766//8710 2776//8711 2774//8712 2772//8713 2770//8714
f 2773//8715 2774//8716 2776//8717 2775//8718
f 2775//8719 2776//8720 2766//8721 2765//8722
f 2765//8723 2767//8724 2769//8725 2771//8726 2773//8727 2775//8728
g default
v 10.708243 6.132149 0.107522
v 10.724047 6.141574 0.107522
v 10.710735 6.126533 0.098026
v 10.726540 6.135958 0.098026
v 10.715721 6.115301 0.098026
v 10.731525 6.124726 0.098026
v 10.718213 6.109684 0.107522
v 10.734018 6.119110 0.107522
v 10.715721 6.115301 0.117018
v 10.731525 6.124726 0.117018
v 10.710735 6.126533 0.117018
v 10.726540 6.135958 0.117018
vn -0.430953 0.722616 -0.540468
vn -0.430953 0.722616 -0.540468
vn -0.430953 0.722616 -0.540468
vn -0.430953 0.722616 -0.540468
vn 0.000000 -0.000000 -1.000000
vn 0.000000 -0.000000 -1.000000
vn 0.000000 -0.000000 -1.000000
vn 0.000000 -0.000000 -1.000000
vn 0.430950 -0.722611 -0.540476
vn 0.430950 -0.722611 -0.540476
vn 0.430950 -0.722611 -0.540476
vn 0.430950 -0.722611 -0.540476
vn 0.430951 -0.722612 0.540475
vn 0.430951 -0.722612 0.540475
vn 0.430951 -0.722612 0.540475
vn 0.430951 -0.722612 0.540475
vn 0.914021 0.405668 -0.000000
vn 0.914020 0.405668 -0.000000
vn 0.914020 0.405668 -0.000000
vn 0.914020 0.405668 -0.000000
vn 0.914021 0.405668 -0.000000
vn 0.914020 0.405668 -0.000000
vn 0.000000 0.000000 1.000000
vn 0.000000 0.000000 1.000000
vn 0.000000 0.000000 1.000000
vn 0.000000 0.000000 1.000000
vn -0.430953 0.722617 0.540466
vn -0.430953 0.722617 0.540466
vn -0.430953 0.722617 0.540466
vn -0.430953 0.722617 0.540466
vn -0.914020 -0.405668 -0.000000
vn -0.914020 -0.405668 -0.000000
vn -0.914021 -0.405668 -0.000000
vn -0.914020 -0.405668 -0.000000
vn -0.914020 -0.405668 -0.000000
vn -0.914020 -0.405668 -0.000000
s off
g lightTower lightTowerGrp light3 lightGrp4 polySurface131
usemtl SM_Light_Tower_1_JFGSG
f 2777//8729 2778//8730 2780//8731 2779//8732
f 2779//8733 2780//8734 2782//8735 2781//8736
f 2781//8737 2782//8738 2784//8739 2783//8740
f 2783//8741 2784//8742 2786//8743 2785//8744
f 2780//8745 2778//8746 2788//8747 2786//8748 2784//8749 2782//8750
f 2785//8751 2786//8752 2788//8753 2787//8754
f 2787//8755 2788//8756 2778//8757 2777//8758
f 2777//8759 2779//8760 2781//8761 2783//8762 2785//8763 2787//8764
g default
v 10.865200 5.882191 0.355515
v 10.758845 6.121822 0.355515
v 10.865200 5.882191 0.123069
v 10.758845 6.121821 0.123069
v 10.894839 5.880986 0.370090
v 10.775232 6.150476 0.370090
v 10.894839 5.880986 0.108494
v 10.775232 6.150476 0.108494
v 10.871826 5.867261 0.108494
v 10.871826 5.867261 0.370090
v 10.752219 6.136752 0.370090
v 10.752219 6.136752 0.108494
v 10.882453 5.892481 0.123069
v 10.882453 5.892481 0.355515
v 10.776098 6.132111 0.355515
v 10.776098 6.132111 0.123069
vn 0.512207 -0.858862 0.000000
vn 0.512207 -0.858862 0.000000
vn 0.512207 -0.858862 0.000000
vn 0.512207 -0.858862 0.000000
vn 0.000000 -0.000000 -1.000000
vn 0.000000 -0.000000 -1.000000
vn 0.000000 -0.000000 -1.000000
vn 0.000000 -0.000000 -1.000000
vn 0.914020 0.405668 -0.000000
vn 0.914020 0.405668 -0.000000
vn 0.914020 0.405668 -0.000000
vn 0.914020 0.405668 -0.000000
vn 0.000000 0.000000 1.000000
vn 0.000000 0.000000 1.000000
vn 0.000000 0.000000 1.000000
vn 0.000000 0.000000 1.000000
vn 0.512207 -0.858862 0.000000
vn 0.512207 -0.858862 0.000000
vn 0.512207 -0.858862 0.000000
vn 0.512207 -0.858862 0.000000
vn -0.512207 0.858862 -0.000000
vn -0.512207 0.858862 -0.000000
vn -0.512207 0.858862 -0.000000
vn -0.512207 0.858862 -0.000000
vn -0.914020 -0.405668 0.000000
vn -0.914020 -0.405668 0.000000
vn -0.914020 -0.405668 0.000000
vn -0.914020 -0.405668 0.000000
vn -0.914020 -0.405668 0.000000
vn -0.914020 -0.405668 0.000000
vn -0.914020 -0.405668 0.000000
vn -0.914020 -0.405668 0.000000
vn -0.914020 -0.405668 0.000000
vn -0.914020 -0.405668 0.000000
vn -0.914020 -0.405668 0.000000
vn -0.914020 -0.405668 0.000000
vn -0.914020 -0.405668 0.000000
vn -0.914020 -0.405668 0.000000
vn -0.914021 -0.405668 0.000000
vn -0.914021 -0.405668 0.000000
vn -0.914020 -0.405668 0.000000
vn -0.914020 -0.405668 0.000000
vn -0.914020 -0.405668 0.000000
vn -0.914020 -0.405668 0.000000
vn -0.512207 0.858862 -0.000000
vn -0.512207 0.858862 -0.000000
vn -0.512207 0.858862 -0.000000
vn -0.512207 0.858862 -0.000000
vn 0.000000 0.000000 1.000000
vn 0.000000 0.000000 1.000000
vn 0.000000 0.000000 1.000000
vn 0.000000 0.000000 1.000000
vn 0.000000 -0.000000 -1.000000
vn 0.000000 -0.000000 -1.000000
vn 0.000000 -0.000000 -1.000000
vn 0.000000 -0.000000 -1.000000
s off
g lightTower lightTowerGrp light3 lightGrp4 polySurface146
usemtl SM_Light_Tower_1_JFGSG
f 2790//8765 2792//8766 2804//8767 2803//8768
f 2797//8769 2800//8770 2796//8771 2795//8772
f 2795//8773 2796//8774 2794//8775 2793//8776
f 2793//8777 2794//8778 2799//8779 2798//8780
f 2797//8781 2795//8782 2793//8783 2798//8784
f 2796//8785 2800//8786 2799//8787 2794//8788
f 2789//8789 2791//8790 2797//8791 2798//8792
f 2790//8793 2789//8794 2798//8795 2799//8796
f 2792//8797 2790//8798 2799//8799 2800//8800
f 2791//8801 2792//8802 2800//8803 2797//8804
f 2802//8805 2803//8806 2804//8807 2801//8808
f 2791//8809 2789//8810 2802//8811 2801//8812
f 2792//8813 2791//8814 2801//8815 2804//8816
f 2789//8817 2790//8818 2803//8819 2802//8820
g default
v 10.964042 5.705139 0.096801
v 10.985057 5.721568 0.096801
v 10.966547 5.699494 0.087254
v 10.988287 5.714290 0.084494
v 10.971559 5.688202 0.087254
v 10.994747 5.699735 0.084494
v 10.974065 5.682556 0.096801
v 10.997978 5.692457 0.096801
v 10.971559 5.688202 0.106347
v 10.994747 5.699735 0.109107
v 10.966547 5.699494 0.106347
v 10.988287 5.714290 0.109107
v 10.663175 6.253309 0.096800
v 10.730120 6.293404 0.096800
v 10.665356 6.248394 0.088490
v 10.732331 6.288422 0.088377
v 10.669719 6.238564 0.088490
v 10.736754 6.278458 0.088377
v 10.671900 6.233650 0.096800
v 10.738965 6.273476 0.096800
v 10.669719 6.238564 0.105111
v 10.736754 6.278458 0.105224
v 10.665356 6.248394 0.105111
v 10.732331 6.288422 0.105224
v 10.982268 5.729543 0.096801
v 10.742564 6.269627 0.096800
v 10.987968 5.732942 0.085629
v 10.748264 6.273026 0.085629
v 10.999368 5.739741 0.085629
v 10.759663 6.279825 0.085629
v 11.005068 5.743140 0.096801
v 10.765363 6.283224 0.096800
v 10.999368 5.739741 0.107973
v 10.759663 6.279825 0.107972
v 10.987968 5.732942 0.107973
v 10.748264 6.273026 0.107972
v 10.987842 5.720978 0.096801
v 10.994492 5.719739 0.108540
v 11.013079 5.715101 0.108540
v 11.019729 5.713862 0.096801
v 11.013079 5.715101 0.085062
v 10.994492 5.719739 0.085062
v 10.753804 6.301086 0.087003
v 10.743626 6.279564 0.087003
v 10.741881 6.275373 0.096800
v 10.743626 6.279564 0.106598
v 10.753804 6.301086 0.106598
v 10.755549 6.305277 0.096800
vn -0.521665 0.667301 -0.531578
vn -0.521665 0.667301 -0.531578
vn -0.521665 0.667301 -0.531578
vn -0.521666 0.667301 -0.531578
vn -0.096942 -0.043025 -0.994360
vn -0.096942 -0.043025 -0.994360
vn -0.096942 -0.043025 -0.994360
vn -0.096942 -0.043025 -0.994360
vn 0.321190 -0.775793 -0.543123
vn 0.321190 -0.775793 -0.543123
vn 0.321190 -0.775793 -0.543123
vn 0.321190 -0.775793 -0.543123
vn 0.321191 -0.775794 0.543121
vn 0.321191 -0.775794 0.543121
vn 0.321191 -0.775794 0.543121
vn 0.321191 -0.775794 0.543121
vn -0.096943 -0.043023 0.994360
vn -0.096943 -0.043023 0.994360
vn -0.096943 -0.043023 0.994360
vn -0.096943 -0.043023 0.994360
vn -0.521663 0.667304 0.531576
vn -0.521663 0.667304 0.531576
vn -0.521663 0.667304 0.531576
vn -0.521663 0.667304 0.531576
vn -0.432328 0.721847 -0.540398
vn -0.432328 0.721847 -0.540398
vn -0.432328 0.721847 -0.540398
vn -0.432328 0.721847 -0.540398
vn -0.001339 -0.000595 -0.999999
vn -0.001339 -0.000595 -0.999999
vn -0.001339 -0.000595 -0.999999
vn -0.001339 -0.000595 -0.999999
vn 0.429578 -0.723372 -0.540552
vn 0.429578 -0.723372 -0.540552
vn 0.429578 -0.723372 -0.540552
vn 0.429578 -0.723372 -0.540552
vn 0.429578 -0.723372 0.540552
vn 0.429578 -0.723372 0.540552
vn 0.429578 -0.723372 0.540552
vn 0.429578 -0.723372 0.540552
vn -0.001339 -0.000594 0.999999
vn -0.001339 -0.000594 0.999999
vn -0.001339 -0.000594 0.999999
vn -0.001339 -0.000594 0.999999
vn -0.432326 0.721848 0.540398
vn -0.432326 0.721848 0.540398
vn -0.432326 0.721848 0.540398
vn -0.432326 0.721848 0.540398
vn -0.787302 -0.349427 -0.507993
vn -0.787302 -0.349427 -0.507993
vn -0.787302 -0.349427 -0.507993
vn -0.787302 -0.349427 -0.507993
vn 0.000000 -0.000000 -1.000000
vn 0.000000 -0.000000 -1.000000
vn 0.000000 -0.000000 -1.000000
vn 0.000000 -0.000000 -1.000000
vn 0.787302 0.349427 -0.507993
vn 0.787302 0.349427 -0.507993
vn 0.787302 0.349427 -0.507993
vn 0.787302 0.349427 -0.507993
vn 0.787302 0.349427 0.507992
vn 0.787302 0.349427 0.507992
vn 0.787302 0.349427 0.507992
vn 0.787302 0.349427 0.507992
vn 0.000000 0.000000 1.000000
vn 0.000000 0.000000 1.000000
vn 0.000000 0.000000 1.000000
vn 0.000000 0.000000 1.000000
vn -0.787302 -0.349427 0.507992
vn -0.787302 -0.349427 0.507992
vn -0.787302 -0.349427 0.507992
vn -0.787302 -0.349427 0.507992
vn -0.105785 0.019339 -0.994201
vn -0.105785 0.019339 -0.994201
vn -0.105785 0.019339 -0.994201
vn -0.105785 0.019339 -0.994201
vn 0.205180 -0.872094 -0.444244
vn 0.205180 -0.872094 -0.444244
vn 0.205180 -0.872094 -0.444244
vn 0.205180 -0.872094 -0.444244
vn 0.205170 -0.872096 0.444245
vn 0.205170 -0.872096 0.444245
vn 0.205170 -0.872096 0.444244
vn 0.205170 -0.872096 0.444245
vn -0.105785 0.019340 0.994201
vn -0.105785 0.019340 0.994201
vn -0.105785 0.019340 0.994201
vn -0.105785 0.019340 0.994201
vn -0.431387 0.801345 0.414430
vn -0.431387 0.801345 0.414430
vn -0.431387 0.801345 0.414430
vn -0.431387 0.801345 0.414430
vn -0.431385 0.801345 -0.414431
vn -0.431385 0.801345 -0.414431
vn -0.431385 0.801345 -0.414431
vn -0.431385 0.801345 -0.414431
vn -0.002078 0.028845 -0.999582
vn -0.002078 0.028845 -0.999582
vn -0.002078 0.028845 -0.999582
vn -0.002078 0.028845 -0.999582
vn 0.783105 0.416929 -0.461430
vn 0.783105 0.416929 -0.461430
vn 0.783105 0.416929 -0.461430
vn 0.783105 0.416929 -0.461430
vn 0.783104 0.416929 0.461430
vn 0.783104 0.416929 0.461430
vn 0.783104 0.416929 0.461430
vn 0.783104 0.416930 0.461431
vn -0.002077 0.028846 0.999582
vn -0.002077 0.028846 0.999582
vn -0.002077 0.028846 0.999582
vn -0.002077 0.028846 0.999582
vn -0.780856 -0.421936 0.460688
vn -0.780856 -0.421936 0.460688
vn -0.780856 -0.421936 0.460688
vn -0.780856 -0.421936 0.460688
vn -0.780855 -0.421937 -0.460689
vn -0.780855 -0.421937 -0.460689
vn -0.780855 -0.421937 -0.460689
vn -0.780855 -0.421937 -0.460689
vn -0.402964 0.797948 0.448217
vn -0.402964 0.797948 0.448217
vn -0.402964 0.797948 0.448217
vn -0.402964 0.797948 0.448217
vn 0.021923 0.028612 0.999350
vn 0.021923 0.028612 0.999350
vn 0.021923 0.028612 0.999350
vn 0.021923 0.028612 0.999350
vn 0.598688 -0.645267 0.474556
vn 0.598688 -0.645267 0.474556
vn 0.598688 -0.645267 0.474556
vn 0.598688 -0.645266 0.474556
vn 0.598686 -0.645268 -0.474556
vn 0.598686 -0.645268 -0.474556
vn 0.598686 -0.645268 -0.474556
vn 0.598686 -0.645268 -0.474556
vn 0.021924 0.028609 -0.999350
vn 0.021924 0.028609 -0.999350
vn 0.021924 0.028609 -0.999350
vn 0.021924 0.028609 -0.999350
vn -0.402955 0.797952 -0.448219
vn -0.402955 0.797952 -0.448219
vn -0.402955 0.797952 -0.448219
vn -0.402955 0.797952 -0.448219
vn 0.849982 0.320819 -0.417859
vn 0.849982 0.320819 -0.417859
vn 0.849982 0.320819 -0.417859
vn 0.849982 0.320819 -0.417859
vn 0.849982 0.320817 0.417860
vn 0.849982 0.320817 0.417860
vn 0.849982 0.320817 0.417860
vn 0.849982 0.320817 0.417860
vn -0.086238 0.065707 0.994105
vn -0.086238 0.065707 0.994105
vn -0.086238 0.065707 0.994105
vn -0.086238 0.065707 0.994106
vn -0.849740 -0.321325 0.417961
vn -0.849740 -0.321325 0.417961
vn -0.849740 -0.321325 0.417961
vn -0.849740 -0.321325 0.417961
vn -0.849742 -0.321323 -0.417959
vn -0.849742 -0.321323 -0.417959
vn -0.849742 -0.321323 -0.417959
vn -0.849742 -0.321323 -0.417959
vn -0.086238 0.065707 -0.994105
vn -0.086238 0.065707 -0.994105
vn -0.086238 0.065707 -0.994105
vn -0.086238 0.065707 -0.994105
s off
g lightTower lightTowerGrp light3 lightGrp4 polySurface130
usemtl SM_Light_Tower_1_JFGSG
f 2805//8821 2806//8822 2808//8823 2807//8824
f 2807//8825 2808//8826 2810//8827 2809//8828
f 2809//8829 2810//8830 2812//8831 2811//8832
f 2811//8833 2812//8834 2814//8835 2813//8836
f 2813//8837 2814//8838 2816//8839 2815//8840
f 2815//8841 2816//8842 2806//8843 2805//8844
f 2817//8845 2818//8846 2820//8847 2819//8848
f 2819//8849 2820//8850 2822//8851 2821//8852
f 2821//8853 2822//8854 2824//8855 2823//8856
f 2823//8857 2824//8858 2826//8859 2825//8860
f 2825//8861 2826//8862 2828//8863 2827//8864
f 2827//8865 2828//8866 2818//8867 2817//8868
f 2829//8869 2830//8870 2832//8871 2831//8872
f 2831//8873 2832//8874 2834//8875 2833//8876
f 2833//8877 2834//8878 2836//8879 2835//8880
f 2835//8881 2836//8882 2838//8883 2837//8884
f 2837//8885 2838//8886 2840//8887 2839//8888
f 2839//8889 2840//8890 2830//8891 2829//8892
f 2847//8893 2848//8894 2822//8895 2820//8896
f 2848//8897 2849//8898 2824//8899 2822//8900
f 2849//8901 2850//8902 2826//8903 2824//8904
f 2850//8905 2851//8906 2828//8907 2826//8908
f 2851//8909 2852//8910 2818//8911 2828//8912
f 2852//8913 2847//8914 2820//8915 2818//8916
f 2831//8917 2833//8918 2845//8919 2846//8920
f 2833//8921 2835//8922 2844//8923 2845//8924
f 2835//8925 2837//8926 2843//8927 2844//8928
f 2837//8929 2839//8930 2842//8931 2843//8932
f 2839//8933 2829//8934 2841//8935 2842//8936
f 2829//8937 2831//8938 2846//8939 2841//8940
f 2842//8941 2841//8942 2806//8943 2816//8944
f 2843//8945 2842//8946 2816//8947 2814//8948
f 2844//8949 2843//8950 2814//8951 2812//8952
f 2845//8953 2844//8954 2812//8955 2810//8956
f 2846//8957 2845//8958 2810//8959 2808//8960
f 2841//8961 2846//8962 2808//8963 2806//8964
f 2836//8965 2834//8966 2847//8967 2852//8968
f 2838//8969 2836//8970 2852//8971 2851//8972
f 2840//8973 2838//8974 2851//8975 2850//8976
f 2830//8977 2840//8978 2850//8979 2849//8980
f 2832//8981 2830//8982 2849//8983 2848//8984
f 2834//8985 2832//8986 2848//8987 2847//8988
g default
v 10.828105 6.073064 0.357852
v 10.827933 6.073452 0.346951
v 10.869207 5.985890 0.359441
v 10.869235 5.985828 0.347699
v 10.869306 6.099547 0.352055
v 10.868902 6.099227 0.344430
v 10.910967 6.013639 0.354004
v 10.910563 6.013318 0.345158
vn -0.904525 -0.426420 -0.000359
vn -0.904525 -0.426420 -0.000359
vn -0.904525 -0.426420 -0.000359
vn -0.904525 -0.426420 -0.000359
vn 0.553982 -0.832511 0.005367
vn 0.553982 -0.832511 0.005367
vn 0.553982 -0.832511 0.005367
vn 0.553982 -0.832511 0.005367
vn 0.898478 0.434763 -0.060975
vn 0.898478 0.434763 -0.060975
vn 0.898478 0.434763 -0.060975
vn 0.898478 0.434763 -0.060975
vn -0.535115 0.844548 0.019740
vn -0.535115 0.844548 0.019740
vn -0.535116 0.844548 0.019740
vn -0.535115 0.844548 0.019740
vn 0.092403 0.064490 0.993631
vn 0.092403 0.064490 0.993631
vn 0.092403 0.064490 0.993631
vn 0.092403 0.064490 0.993631
s off
g lightTower lightTowerGrp light3 lightGrp4 polySurface112
usemtl SM_Light_Tower_1_JFGSG
f 2853//8989 2854//8990 2856//8991 2855//8992
f 2855//8993 2856//8994 2860//8995 2859//8996
f 2859//8997 2860//8998 2858//8999 2857//9000
f 2857//9001 2858//9002 2854//9003 2853//9004
f 2855//9005 2859//9006 2857//9007 2853//9008
g default
v 10.877654 5.904826 0.339520
v 10.781659 6.121114 0.339520
v 10.877654 5.904826 0.144780
v 10.781659 6.121114 0.144780
v 10.859950 5.894268 0.339520
v 10.763955 6.110556 0.339520
v 10.859950 5.894268 0.144780
v 10.763955 6.110556 0.144780
v 10.747889 6.088134 0.152380
v 10.834871 5.892152 0.152380
v 10.834871 5.892152 0.334476
v 10.747889 6.088134 0.334476
v 10.736111 6.046403 0.163887
v 10.798734 5.905306 0.163887
v 10.798734 5.905306 0.322762
v 10.736111 6.046404 0.322762
v 10.735516 6.006929 0.181551
v 10.770682 5.927696 0.181551
v 10.770682 5.927696 0.304581
v 10.735516 6.006929 0.304581
vn 0.000000 -0.000000 -1.000000
vn 0.000000 -0.000000 -1.000000
vn 0.000000 -0.000000 -1.000000
vn 0.000000 -0.000000 -1.000000
vn -0.278229 -0.123486 -0.952544
vn -0.278229 -0.123486 -0.952544
vn -0.278229 -0.123486 -0.952544
vn -0.278229 -0.123486 -0.952544
vn 0.000000 0.000000 1.000000
vn 0.000000 0.000000 1.000000
vn 0.000000 0.000000 1.000000
vn 0.000000 0.000000 1.000000
vn 0.512207 -0.858862 0.000000
vn 0.512207 -0.858862 0.000000
vn 0.512207 -0.858862 0.000000
vn 0.512207 -0.858862 0.000000
vn -0.512207 0.858862 -0.000000
vn -0.512207 0.858862 -0.000000
vn -0.512207 0.858862 -0.000000
vn -0.512207 0.858862 -0.000000
vn -0.356064 -0.158031 0.921002
vn -0.356064 -0.158031 0.921002
vn -0.356064 -0.158031 0.921002
vn -0.356064 -0.158031 0.921002
vn -0.189648 -0.084171 0.978238
vn -0.189648 -0.084171 0.978238
vn -0.189648 -0.084171 0.978238
vn -0.189648 -0.084171 0.978238
vn 0.084075 -0.996459 0.000000
vn 0.084075 -0.996459 0.000000
vn 0.084075 -0.996459 0.000000
vn 0.084075 -0.996459 0.000000
vn -0.812868 0.582447 -0.000000
vn -0.812868 0.582447 -0.000000
vn -0.812868 0.582447 -0.000000
vn -0.812868 0.582447 -0.000000
vn -0.999887 0.015049 -0.000000
vn -0.999887 0.015049 -0.000000
vn -0.999887 0.015049 -0.000000
vn -0.999887 0.015049 -0.000000
vn -0.342047 -0.939683 0.000000
vn -0.342047 -0.939683 0.000000
vn -0.342047 -0.939683 0.000000
vn -0.342047 -0.939683 0.000000
vn -0.962398 0.271643 -0.000000
vn -0.962398 0.271642 -0.000000
vn -0.962398 0.271642 -0.000000
vn -0.962398 0.271643 -0.000000
vn -0.350707 -0.155654 -0.923459
vn -0.350707 -0.155654 -0.923459
vn -0.350707 -0.155654 -0.923459
vn -0.350707 -0.155654 -0.923459
vn -0.914020 -0.405668 0.000000
vn -0.914020 -0.405668 0.000000
vn -0.914020 -0.405668 0.000000
vn -0.914020 -0.405668 0.000000
vn -0.666882 -0.295981 -0.683860
vn -0.666882 -0.295981 -0.683860
vn -0.666882 -0.295981 -0.683860
vn -0.666882 -0.295981 -0.683860
vn -0.675795 -0.299937 0.673305
vn -0.675795 -0.299937 0.673305
vn -0.675795 -0.299937 0.673305
vn -0.675795 -0.299937 0.673305
vn -0.623833 -0.781558 0.000000
vn -0.623833 -0.781558 0.000000
vn -0.623833 -0.781558 0.000000
vn -0.623833 -0.781558 0.000000
s off
g lightTower lightTowerGrp light3 lightGrp4 polySurface126
usemtl SM_Light_Tower_1_JFGSG
f 2863//9009 2867//9010 2868//9011 2864//9012
f 2867//9013 2870//9014 2869//9015 2868//9016
f 2865//9017 2861//9018 2862//9019 2866//9020
f 2863//9021 2861//9022 2865//9023 2867//9024
f 2868//9025 2866//9026 2862//9027 2864//9028
f 2872//9029 2876//9030 2875//9031 2871//9032
f 2866//9033 2872//9034 2871//9035 2865//9036
f 2865//9037 2871//9038 2870//9039 2867//9040
f 2868//9041 2869//9042 2872//9043 2866//9044
f 2873//9045 2877//9046 2880//9047 2876//9048
f 2871//9049 2875//9050 2874//9051 2870//9052
f 2869//9053 2873//9054 2876//9055 2872//9056
f 2870//9057 2874//9058 2873//9059 2869//9060
f 2878//9061 2879//9062 2880//9063 2877//9064
f 2874//9065 2878//9066 2877//9067 2873//9068
f 2876//9069 2880//9070 2879//9071 2875//9072
f 2875//9073 2879//9074 2878//9075 2874//9076
g default
v 10.668761 6.244394 0.112134
v 10.668761 6.244394 0.359636
v 10.668075 6.227994 0.112134
v 10.668075 6.227994 0.359636
v 10.655480 6.220483 0.112134
v 10.655480 6.220483 0.359636
v 10.643571 6.229371 0.112134
v 10.643571 6.229371 0.359636
v 10.644257 6.245771 0.112134
v 10.644257 6.245771 0.359636
v 10.656852 6.253282 0.112134
v 10.656852 6.253282 0.359636
vn 0.999127 -0.041778 0.000000
vn 0.999127 -0.041778 0.000000
vn 0.999127 -0.041778 0.000000
vn 0.999127 -0.041778 0.000000
vn 0.512207 -0.858862 0.000000
vn 0.512207 -0.858862 0.000000
vn 0.512207 -0.858862 0.000000
vn 0.512207 -0.858862 0.000000
vn -0.598118 -0.801408 0.000000
vn -0.598118 -0.801408 0.000000
vn -0.598118 -0.801408 0.000000
vn -0.598118 -0.801408 0.000000
vn -0.999127 0.041778 -0.000000
vn -0.999127 0.041778 -0.000000
vn -0.999127 0.041778 -0.000000
vn -0.999127 0.041778 -0.000000
vn 0.000000 -0.000000 1.000000
vn 0.000000 -0.000000 1.000000
vn 0.000000 -0.000000 1.000000
vn 0.000000 -0.000000 1.000000
vn 0.000000 -0.000000 1.000000
vn 0.000000 -0.000000 1.000000
vn -0.512207 0.858862 -0.000000
vn -0.512207 0.858862 -0.000000
vn -0.512207 0.858862 -0.000000
vn -0.512207 0.858862 -0.000000
vn 0.598118 0.801408 -0.000000
vn 0.598118 0.801408 -0.000000
vn 0.598118 0.801408 -0.000000
vn 0.598118 0.801408 -0.000000
vn -0.000000 0.000001 -1.000000
vn -0.000000 0.000001 -1.000000
vn -0.000000 0.000001 -1.000000
vn -0.000000 0.000001 -1.000000
vn -0.000000 0.000001 -1.000000
vn -0.000000 0.000001 -1.000000
s off
g lightTower lightTowerGrp light3 lightGrp4 polySurface133
usemtl SM_Light_Tower_1_JFGSG
f 2881//9077 2882//9078 2884//9079 2883//9080
f 2883//9081 2884//9082 2886//9083 2885//9084
f 2885//9085 2886//9086 2888//9087 2887//9088
f 2887//9089 2888//9090 2890//9091 2889//9092
f 2884//9093 2882//9094 2892//9095 2890//9096 2888//9097 2886//9098
f 2889//9099 2890//9100 2892//9101 2891//9102
f 2891//9103 2892//9104 2882//9105 2881//9106
f 2881//9107 2883//9108 2885//9109 2887//9110 2889//9111 2891//9112
g default
v 10.799199 6.180632 0.101234
v 10.799199 6.180632 0.370504
v 10.807728 6.180152 0.101234
v 10.807728 6.180153 0.370504
v 10.811634 6.171351 0.101234
v 10.811634 6.171351 0.370504
v 10.807012 6.163028 0.101234
v 10.807012 6.163028 0.370504
v 10.798483 6.163507 0.101234
v 10.798483 6.163507 0.370504
v 10.794576 6.172309 0.101234
v 10.794576 6.172309 0.370504
vn 0.056100 0.998425 -0.000000
vn 0.056100 0.998425 -0.000000
vn 0.056100 0.998425 -0.000000
vn 0.056100 0.998425 -0.000000
vn 0.914020 0.405668 -0.000000
vn 0.914020 0.405668 -0.000000
vn 0.914020 0.405668 -0.000000
vn 0.914020 0.405668 -0.000000
vn 0.874206 -0.485555 0.000000
vn 0.874206 -0.485555 0.000000
vn 0.874206 -0.485555 0.000000
vn 0.874206 -0.485555 0.000000
vn -0.056100 -0.998425 0.000000
vn -0.056100 -0.998425 0.000000
vn -0.056100 -0.998425 0.000000
vn -0.056100 -0.998425 0.000000
vn -0.914020 -0.405668 0.000000
vn -0.914020 -0.405668 0.000000
vn -0.914020 -0.405668 0.000000
vn -0.914020 -0.405668 0.000000
vn -0.874206 0.485555 -0.000000
vn -0.874206 0.485555 -0.000000
vn -0.874206 0.485555 -0.000000
vn -0.874206 0.485555 -0.000000
vn 0.000000 -0.000000 1.000000
vn 0.000000 -0.000000 1.000000
vn 0.000000 -0.000000 1.000000
vn 0.000000 -0.000000 1.000000
vn 0.000000 -0.000000 1.000000
vn 0.000000 -0.000000 1.000000
s off
g lightTower lightTowerGrp light3 lightGrp4 polySurface138
usemtl SM_Light_Tower_1_JFGSG
f 2893//9113 2894//9114 2896//9115 2895//9116
f 2895//9117 2896//9118 2898//9119 2897//9120
f 2897//9121 2898//9122 2900//9123 2899//9124
f 2899//9125 2900//9126 2902//9127 2901//9128
f 2901//9129 2902//9130 2904//9131 2903//9132
f 2903//9133 2904//9134 2894//9135 2893//9136
f 2896//9137 2894//9138 2904//9139 2902//9140 2900//9141 2898//9142
g default
v 10.691460 6.119671 0.374219
v 10.708738 6.129975 0.374219
v 10.694185 6.113531 0.363837
v 10.711463 6.123836 0.363837
v 10.699635 6.101252 0.363837
v 10.716913 6.111556 0.363837
v 10.702360 6.095112 0.374219
v 10.719638 6.105416 0.374219
v 10.699635 6.101252 0.384600
v 10.716913 6.111556 0.384600
v 10.694185 6.113531 0.384600
v 10.711463 6.123836 0.384600
vn -0.430950 0.722611 -0.540476
vn -0.430950 0.722611 -0.540476
vn -0.430950 0.722611 -0.540476
vn -0.430950 0.722611 -0.540476
vn -0.000000 0.000000 -1.000000
vn -0.000000 0.000000 -1.000000
vn -0.000000 0.000000 -1.000000
vn -0.000000 0.000000 -1.000000
vn 0.430950 -0.722612 -0.540476
vn 0.430950 -0.722612 -0.540476
vn 0.430950 -0.722612 -0.540476
vn 0.430950 -0.722612 -0.540476
vn 0.430950 -0.722611 0.540476
vn 0.430950 -0.722611 0.540476
vn 0.430950 -0.722611 0.540476
vn 0.430950 -0.722611 0.540476
vn 0.914021 0.405668 -0.000000
vn 0.914021 0.405668 -0.000000
vn 0.914021 0.405668 -0.000000
vn 0.914021 0.405668 -0.000000
vn 0.914021 0.405668 -0.000000
vn 0.914021 0.405668 -0.000000
vn 0.000000 0.000000 1.000000
vn 0.000000 0.000000 1.000000
vn 0.000000 0.000000 1.000000
vn 0.000000 0.000000 1.000000
vn -0.430950 0.722612 0.540476
vn -0.430950 0.722612 0.540476
vn -0.430950 0.722612 0.540476
vn -0.430950 0.722612 0.540476
vn -0.914021 -0.405668 0.000000
vn -0.914021 -0.405668 0.000000
vn -0.914021 -0.405668 0.000000
vn -0.914021 -0.405668 0.000000
vn -0.914021 -0.405668 0.000000
vn -0.914021 -0.405668 0.000000
s off
g lightTower lightTowerGrp light3 lightGrp4 polySurface136
usemtl SM_Light_Tower_1_JFGSG
f 2905//9143 2906//9144 2908//9145 2907//9146
f 2907//9147 2908//9148 2910//9149 2909//9150
f 2909//9151 2910//9152 2912//9153 2911//9154
f 2911//9155 2912//9156 2914//9157 2913//9158
f 2908//9159 2906//9160 2916//9161 2914//9162 2912//9163 2910//9164
f 2913//9165 2914//9166 2916//9167 2915//9168
f 2915//9169 2916//9170 2906//9171 2905//9172
f 2905//9173 2907//9174 2909//9175 2911//9176 2913//9177 2915//9178
g default
v 10.639532 6.226963 0.358264
v 10.669946 6.245101 0.358264
v 10.646684 6.210848 0.367347
v 10.677098 6.228987 0.367347
v 10.646684 6.210848 0.385512
v 10.677098 6.228987 0.385512
v 10.639532 6.226963 0.394594
v 10.669946 6.245101 0.394594
v 10.632380 6.243077 0.385512
v 10.662794 6.261215 0.385512
v 10.632380 6.243077 0.367347
v 10.662794 6.261215 0.367347
vn 0.235915 -0.395579 -0.887616
vn 0.235915 -0.395579 -0.887616
vn 0.235915 -0.395579 -0.887616
vn 0.235915 -0.395579 -0.887616
vn 0.512207 -0.858862 0.000000
vn 0.512207 -0.858862 0.000000
vn 0.512207 -0.858862 0.000000
vn 0.512207 -0.858862 0.000000
vn 0.235915 -0.395579 0.887616
vn 0.235915 -0.395579 0.887616
vn 0.235915 -0.395579 0.887616
vn 0.235915 -0.395579 0.887616
vn -0.235918 0.395578 0.887615
vn -0.235918 0.395578 0.887615
vn -0.235918 0.395578 0.887615
vn -0.235918 0.395578 0.887615
vn 0.914020 0.405668 -0.000000
vn 0.914021 0.405668 -0.000000
vn 0.914020 0.405668 -0.000000
vn 0.914020 0.405668 -0.000000
vn 0.914021 0.405668 -0.000000
vn 0.914020 0.405668 -0.000000
vn -0.512207 0.858862 -0.000000
vn -0.512207 0.858862 -0.000000
vn -0.512207 0.858862 -0.000000
vn -0.512207 0.858862 -0.000000
vn -0.235912 0.395580 -0.887616
vn -0.235912 0.395580 -0.887616
vn -0.235912 0.395580 -0.887616
vn -0.235912 0.395580 -0.887616
vn -0.914020 -0.405668 0.000000
vn -0.914020 -0.405668 0.000000
vn -0.914020 -0.405668 0.000000
vn -0.914020 -0.405668 0.000000
vn -0.914020 -0.405668 0.000000
vn -0.914020 -0.405668 0.000000
s off
g lightTower lightTowerGrp light3 lightGrp4 polySurface142
usemtl SM_Light_Tower_1_JFGSG
f 2917//9179 2918//9180 2920//9181 2919//9182
f 2919//9183 2920//9184 2922//9185 2921//9186
f 2921//9187 2922//9188 2924//9189 2923//9190
f 2923//9191 2924//9192 2926//9193 2925//9194
f 2920//9195 2918//9196 2928//9197 2926//9198 2924//9199 2922//9200
f 2925//9201 2926//9202 2928//9203 2927//9204
f 2927//9205 2928//9206 2918//9207 2917//9208
f 2917//9209 2919//9210 2921//9211 2923//9212 2925//9213 2927//9214
g default
v 10.925551 5.697351 0.375130
v 10.957792 5.716579 0.375130
v 10.929800 5.687777 0.358941
v 10.962041 5.707005 0.358941
v 10.938299 5.668629 0.358941
v 10.970539 5.687857 0.358941
v 10.942548 5.659055 0.375130
v 10.974788 5.678283 0.375130
v 10.938299 5.668629 0.391318
v 10.970539 5.687857 0.391318
v 10.929800 5.687777 0.391318
v 10.962041 5.707005 0.391318
vn -0.430950 0.722611 -0.540477
vn -0.430950 0.722611 -0.540477
vn -0.430950 0.722611 -0.540477
vn -0.430950 0.722611 -0.540477
vn -0.000000 0.000000 -1.000000
vn -0.000000 0.000000 -1.000000
vn -0.000000 0.000000 -1.000000
vn -0.000000 0.000000 -1.000000
vn 0.430952 -0.722614 -0.540472
vn 0.430952 -0.722614 -0.540472
vn 0.430952 -0.722614 -0.540472
vn 0.430952 -0.722614 -0.540472
vn 0.430951 -0.722614 0.540473
vn 0.430951 -0.722614 0.540473
vn 0.430951 -0.722614 0.540473
vn 0.430951 -0.722614 0.540473
vn 0.914021 0.405668 -0.000000
vn 0.914020 0.405668 -0.000000
vn 0.914021 0.405668 -0.000000
vn 0.914020 0.405668 -0.000000
vn 0.914020 0.405668 -0.000000
vn 0.914020 0.405668 -0.000000
vn -0.000000 0.000000 1.000000
vn -0.000000 0.000000 1.000000
vn -0.000000 0.000000 1.000000
vn -0.000000 0.000000 1.000000
vn -0.430950 0.722611 0.540477
vn -0.430950 0.722611 0.540477
vn -0.430950 0.722611 0.540477
vn -0.430950 0.722611 0.540477
vn -0.914020 -0.405668 0.000000
vn -0.914021 -0.405668 0.000000
vn -0.914020 -0.405668 0.000000
vn -0.914020 -0.405668 0.000000
vn -0.914020 -0.405668 0.000000
vn -0.914021 -0.405668 0.000000
s off
g lightTower lightTowerGrp light3 lightGrp4 polySurface115
usemtl SM_Light_Tower_1_JFGSG
f 2929//9215 2930//9216 2932//9217 2931//9218
f 2931//9219 2932//9220 2934//9221 2933//9222
f 2933//9223 2934//9224 2936//9225 2935//9226
f 2935//9227 2936//9228 2938//9229 2937//9230
f 2932//9231 2930//9232 2940//9233 2938//9234 2936//9235 2934//9236
f 2937//9237 2938//9238 2940//9239 2939//9240
f 2939//9241 2940//9242 2930//9243 2929//9244
f 2929//9245 2931//9246 2933//9247 2935//9248 2937//9249 2939//9250
g default
v 10.925551 5.697351 0.538862
v 10.958390 5.716936 0.538862
v 10.929800 5.687777 0.522674
v 10.962640 5.707362 0.522674
v 10.938299 5.668629 0.522674
v 10.971138 5.688214 0.522674
v 10.942548 5.659055 0.538862
v 10.975387 5.678640 0.538862
v 10.938299 5.668629 0.555051
v 10.971138 5.688214 0.555051
v 10.929800 5.687777 0.555051
v 10.962640 5.707362 0.555051
vn -0.926649 0.375929 -0.000001
vn 0.207391 0.978258 -0.000001
vn 0.382362 0.576642 -0.722000
vn -0.726303 0.063417 -0.684443
vn -0.726303 0.063417 -0.684443
vn 0.382362 0.576642 -0.722000
vn 0.726303 -0.063419 -0.684443
vn -0.382362 -0.576643 -0.721999
vn -0.382362 -0.576643 -0.721999
vn 0.726303 -0.063419 -0.684443
vn 0.926649 -0.375928 -0.000000
vn -0.207392 -0.978258 -0.000000
vn -0.207392 -0.978258 -0.000000
vn 0.926649 -0.375928 -0.000000
vn 0.726303 -0.063420 0.684443
vn -0.382361 -0.576644 0.721999
vn 0.382362 0.576642 -0.722000
vn 0.207391 0.978258 -0.000001
vn 0.382363 0.576642 0.721999
vn 0.726303 -0.063420 0.684443
vn 0.926649 -0.375928 -0.000000
vn 0.726303 -0.063419 -0.684443
vn -0.382361 -0.576644 0.721999
vn 0.726303 -0.063420 0.684443
vn 0.382363 0.576642 0.721999
vn -0.726303 0.063417 0.684443
vn -0.726303 0.063417 0.684443
vn 0.382363 0.576642 0.721999
vn 0.207391 0.978258 -0.000001
vn -0.926649 0.375929 -0.000001
vn -0.926649 0.375929 -0.000001
vn -0.726303 0.063417 -0.684443
vn -0.382362 -0.576643 -0.721999
vn -0.207392 -0.978258 -0.000000
vn -0.382361 -0.576644 0.721999
vn -0.726303 0.063417 0.684443
s off
g lightTower lightTowerGrp lightGrp4 polySurface35 light2
usemtl SM_Light_Tower_1_JFGSG
f 2941//9251 2942//9252 2944//9253 2943//9254
f 2943//9255 2944//9256 2946//9257 2945//9258
f 2945//9259 2946//9260 2948//9261 2947//9262
f 2947//9263 2948//9264 2950//9265 2949//9266
f 2944//9267 2942//9268 2952//9269 2950//9270 2948//9271 2946//9272
f 2949//9273 2950//9274 2952//9275 2951//9276
f 2951//9277 2952//9278 2942//9279 2941//9280
f 2941//9281 2943//9282 2945//9283 2947//9284 2949//9285 2951//9286
g default
v 10.925551 5.697351 0.815328
v 10.957792 5.716579 0.815328
v 10.929800 5.687777 0.799140
v 10.962041 5.707005 0.799140
v 10.938299 5.668629 0.799140
v 10.970539 5.687857 0.799140
v 10.942548 5.659055 0.815328
v 10.974788 5.678283 0.815328
v 10.938299 5.668629 0.831517
v 10.970539 5.687857 0.831517
v 10.929800 5.687777 0.831517
v 10.962041 5.707005 0.831517
vn -0.926649 0.375929 -0.000000
vn 0.207391 0.978258 -0.000000
vn 0.382362 0.576641 -0.722000
vn -0.726302 0.063417 -0.684444
vn -0.726302 0.063417 -0.684444
vn 0.382362 0.576641 -0.722000
vn 0.726303 -0.063419 -0.684443
vn -0.382361 -0.576643 -0.721999
vn -0.382361 -0.576643 -0.721999
vn 0.726303 -0.063419 -0.684443
vn 0.926649 -0.375928 0.000000
vn -0.207393 -0.978258 0.000000
vn -0.207393 -0.978258 0.000000
vn 0.926649 -0.375928 0.000000
vn 0.726303 -0.063419 0.684443
vn -0.382361 -0.576643 0.721999
vn 0.382362 0.576641 -0.722000
vn 0.207391 0.978258 -0.000000
vn 0.382362 0.576642 0.721999
vn 0.726303 -0.063419 0.684443
vn 0.926649 -0.375928 0.000000
vn 0.726303 -0.063419 -0.684443
vn -0.382361 -0.576643 0.721999
vn 0.726303 -0.063419 0.684443
vn 0.382362 0.576642 0.721999
vn -0.726302 0.063417 0.684444
vn -0.726302 0.063417 0.684444
vn 0.382362 0.576642 0.721999
vn 0.207391 0.978258 -0.000000
vn -0.926649 0.375929 -0.000000
vn -0.926649 0.375929 -0.000000
vn -0.726302 0.063417 -0.684444
vn -0.382361 -0.576643 -0.721999
vn -0.207393 -0.978258 0.000000
vn -0.382361 -0.576643 0.721999
vn -0.726302 0.063417 0.684444
s off
g lightTower lightTowerGrp lightGrp4 light2 polySurface37
usemtl SM_Light_Tower_1_JFGSG
f 2953//9287 2954//9288 2956//9289 2955//9290
f 2955//9291 2956//9292 2958//9293 2957//9294
f 2957//9295 2958//9296 2960//9297 2959//9298
f 2959//9299 2960//9300 2962//9301 2961//9302
f 2956//9303 2954//9304 2964//9305 2962//9306 2960//9307 2958//9308
f 2961//9309 2962//9310 2964//9311 2963//9312
f 2963//9313 2964//9314 2954//9315 2953//9316
f 2953//9317 2955//9318 2957//9319 2959//9320 2961//9321 2963//9322
g default
v 10.962341 5.704742 0.816879
v 10.985057 5.721568 0.816879
v 10.964996 5.698761 0.806765
v 10.988287 5.714290 0.804573
v 10.970306 5.686798 0.806765
v 10.994747 5.699735 0.804573
v 10.972960 5.680816 0.816879
v 10.997978 5.692457 0.816879
v 10.970306 5.686798 0.826993
v 10.994747 5.699735 0.829185
v 10.964996 5.698761 0.826993
v 10.988287 5.714290 0.829185
v 10.663175 6.253309 0.816879
v 10.730120 6.293404 0.816879
v 10.665356 6.248394 0.808569
v 10.732331 6.288422 0.808455
v 10.669719 6.238564 0.808569
v 10.736754 6.278458 0.808455
v 10.671900 6.233650 0.816879
v 10.738965 6.273476 0.816879
v 10.669719 6.238564 0.825189
v 10.736754 6.278458 0.825303
v 10.665356 6.248394 0.825189
v 10.732331 6.288422 0.825303
v 10.982268 5.729543 0.816879
v 10.742564 6.269627 0.816879
v 10.987968 5.732942 0.805707
v 10.748264 6.273026 0.805707
v 10.999368 5.739741 0.805707
v 10.759663 6.279825 0.805707
v 11.005068 5.743140 0.816879
v 10.765363 6.283224 0.816879
v 10.999368 5.739741 0.828051
v 10.759663 6.279825 0.828051
v 10.987968 5.732942 0.828051
v 10.748264 6.273026 0.828051
v 10.987842 5.720978 0.816879
v 10.994492 5.719739 0.828618
v 11.013079 5.715101 0.828618
v 11.019729 5.713862 0.816879
v 11.013079 5.715101 0.805140
v 10.994492 5.719739 0.805140
v 10.753804 6.301087 0.807081
v 10.743626 6.279564 0.807081
v 10.741881 6.275373 0.816879
v 10.743626 6.279564 0.826677
v 10.753804 6.301087 0.826677
v 10.755549 6.305277 0.816879
vn -0.595218 0.803564 -0.000001
vn -0.530631 0.847603 0.000000
vn -0.252589 0.385796 -0.887333
vn -0.318812 0.354050 -0.879208
vn -0.318812 0.354050 -0.879208
vn -0.252589 0.385796 -0.887333
vn 0.263121 -0.407089 -0.874669
vn 0.150082 -0.434058 -0.888296
vn 0.150082 -0.434058 -0.888296
vn 0.263121 -0.407089 -0.874669
vn 0.559537 -0.828805 0.000001
vn 0.421871 -0.906656 -0.000001
vn 0.421871 -0.906656 -0.000001
vn 0.559537 -0.828805 0.000001
vn 0.263121 -0.407088 0.874669
vn 0.150079 -0.434060 0.888295
vn 0.150079 -0.434060 0.888295
vn 0.263121 -0.407088 0.874669
vn -0.252591 0.385795 0.887333
vn -0.318816 0.354049 0.879207
vn -0.318816 0.354049 0.879207
vn -0.252591 0.385795 0.887333
vn -0.530631 0.847603 0.000000
vn -0.595218 0.803564 -0.000001
vn -0.513812 0.857903 -0.000001
vn -0.493715 0.869624 -0.000000
vn -0.272537 0.430099 -0.860662
vn -0.237475 0.394833 -0.887532
vn -0.237475 0.394833 -0.887532
vn -0.272537 0.430099 -0.860662
vn 0.131205 -0.414835 -0.900387
vn 0.234355 -0.396323 -0.887697
vn 0.234355 -0.396323 -0.887697
vn 0.131205 -0.414835 -0.900387
vn 0.372792 -0.927915 -0.000000
vn 0.510604 -0.859816 -0.000000
vn 0.510604 -0.859816 -0.000000
vn 0.372792 -0.927915 -0.000000
vn 0.131206 -0.414835 0.900387
vn 0.234356 -0.396323 0.887697
vn 0.234356 -0.396323 0.887697
vn 0.131206 -0.414835 0.900387
vn -0.272537 0.430100 0.860661
vn -0.237475 0.394834 0.887532
vn -0.237475 0.394834 0.887532
vn -0.272537 0.430100 0.860661
vn -0.493715 0.869624 -0.000000
vn -0.513812 0.857903 -0.000001
vn -0.897872 -0.440256 0.000000
vn -0.924759 -0.380553 0.000000
vn -0.461640 -0.156788 -0.873101
vn -0.459527 -0.217848 -0.861032
vn -0.459527 -0.217848 -0.861032
vn -0.461640 -0.156788 -0.873101
vn 0.426875 0.208472 -0.879953
vn 0.440720 0.223984 -0.869251
vn 0.440720 0.223984 -0.869251
vn 0.426875 0.208472 -0.879953
vn 0.925476 0.378806 -0.000000
vn 0.898638 0.438691 0.000001
vn 0.898638 0.438691 0.000001
vn 0.925476 0.378806 -0.000000
vn 0.426875 0.208472 0.879953
vn 0.440720 0.223984 0.869251
vn 0.440720 0.223984 0.869251
vn 0.426875 0.208472 0.879953
vn -0.461640 -0.156788 0.873101
vn -0.459527 -0.217848 0.861032
vn -0.459527 -0.217848 0.861032
vn -0.461640 -0.156788 0.873101
vn -0.924759 -0.380553 0.000000
vn -0.897872 -0.440256 0.000000
vn 0.211948 0.557362 -0.802761
vn -0.270626 -0.223408 -0.936403
vn 0.131205 -0.414835 -0.900387
vn -0.272537 0.430099 -0.860662
vn -0.270626 -0.223408 -0.936403
vn -0.513792 -0.857915 0.000000
vn 0.372792 -0.927915 -0.000000
vn 0.131205 -0.414835 -0.900387
vn -0.513792 -0.857915 0.000000
vn -0.270626 -0.223408 0.936403
vn 0.131206 -0.414835 0.900387
vn 0.372792 -0.927915 -0.000000
vn -0.270626 -0.223408 0.936403
vn 0.211947 0.557362 0.802761
vn -0.272537 0.430100 0.860661
vn 0.131206 -0.414835 0.900387
vn 0.211947 0.557362 0.802761
vn 0.414646 0.909983 -0.000000
vn -0.493715 0.869624 -0.000000
vn -0.272537 0.430100 0.860661
vn 0.414646 0.909983 -0.000000
vn 0.211948 0.557362 -0.802761
vn -0.272537 0.430099 -0.860662
vn -0.493715 0.869624 -0.000000
vn -0.459527 -0.217848 -0.861032
vn 0.440720 0.223984 -0.869251
vn 0.605574 -0.087316 -0.790985
vn -0.231347 0.097036 -0.968020
vn 0.440720 0.223984 -0.869251
vn 0.898638 0.438691 0.000001
vn 0.989298 -0.145907 0.000001
vn 0.605574 -0.087316 -0.790985
vn 0.898638 0.438691 0.000001
vn 0.440720 0.223984 0.869251
vn 0.605574 -0.087314 0.790984
vn 0.989298 -0.145907 0.000001
vn 0.440720 0.223984 0.869251
vn -0.459527 -0.217848 0.861032
vn -0.231346 0.097036 0.968020
vn 0.605574 -0.087314 0.790984
vn -0.459527 -0.217848 0.861032
vn -0.897872 -0.440256 0.000000
vn -0.951890 0.306440 -0.000000
vn -0.231346 0.097036 0.968020
vn -0.897872 -0.440256 0.000000
vn -0.459527 -0.217848 -0.861032
vn -0.231347 0.097036 -0.968020
vn -0.951890 0.306440 -0.000000
vn -0.231346 0.097036 0.968020
vn -0.951890 0.306440 -0.000000
vn -0.530631 0.847603 0.000000
vn -0.252591 0.385795 0.887333
vn 0.605574 -0.087314 0.790984
vn -0.231346 0.097036 0.968020
vn -0.252591 0.385795 0.887333
vn 0.263121 -0.407088 0.874669
vn 0.989298 -0.145907 0.000001
vn 0.605574 -0.087314 0.790984
vn 0.263121 -0.407088 0.874669
vn 0.559537 -0.828805 0.000001
vn 0.605574 -0.087316 -0.790985
vn 0.989298 -0.145907 0.000001
vn 0.559537 -0.828805 0.000001
vn 0.263121 -0.407089 -0.874669
vn -0.231347 0.097036 -0.968020
vn 0.605574 -0.087316 -0.790985
vn 0.263121 -0.407089 -0.874669
vn -0.252589 0.385796 -0.887333
vn -0.951890 0.306440 -0.000000
vn -0.231347 0.097036 -0.968020
vn -0.252589 0.385796 -0.887333
vn -0.530631 0.847603 0.000000
vn 0.925476 0.378806 -0.000000
vn 0.426875 0.208472 -0.879953
vn 0.211948 0.557362 -0.802761
vn 0.414646 0.909983 -0.000000
vn 0.426875 0.208472 0.879953
vn 0.925476 0.378806 -0.000000
vn 0.414646 0.909983 -0.000000
vn 0.211947 0.557362 0.802761
vn -0.461640 -0.156788 0.873101
vn 0.426875 0.208472 0.879953
vn 0.211947 0.557362 0.802761
vn -0.270626 -0.223408 0.936403
vn -0.924759 -0.380553 0.000000
vn -0.461640 -0.156788 0.873101
vn -0.270626 -0.223408 0.936403
vn -0.513792 -0.857915 0.000000
vn -0.461640 -0.156788 -0.873101
vn -0.924759 -0.380553 0.000000
vn -0.513792 -0.857915 0.000000
vn -0.270626 -0.223408 -0.936403
vn 0.426875 0.208472 -0.879953
vn -0.461640 -0.156788 -0.873101
vn -0.270626 -0.223408 -0.936403
vn 0.211948 0.557362 -0.802761
s off
g lightTower lightTowerGrp lightGrp4 light2 polySurface93
usemtl SM_Light_Tower_1_JFGSG
f 2965//9323 2966//9324 2968//9325 2967//9326
f 2967//9327 2968//9328 2970//9329 2969//9330
f 2969//9331 2970//9332 2972//9333 2971//9334
f 2971//9335 2972//9336 2974//9337 2973//9338
f 2973//9339 2974//9340 2976//9341 2975//9342
f 2975//9343 2976//9344 2966//9345 2965//9346
f 2977//9347 2978//9348 2980//9349 2979//9350
f 2979//9351 2980//9352 2982//9353 2981//9354
f 2981//9355 2982//9356 2984//9357 2983//9358
f 2983//9359 2984//9360 2986//9361 2985//9362
f 2985//9363 2986//9364 2988//9365 2987//9366
f 2987//9367 2988//9368 2978//9369 2977//9370
f 2989//9371 2990//9372 2992//9373 2991//9374
f 2991//9375 2992//9376 2994//9377 2993//9378
f 2993//9379 2994//9380 2996//9381 2995//9382
f 2995//9383 2996//9384 2998//9385 2997//9386
f 2997//9387 2998//9388 3000//9389 2999//9390
f 2999//9391 3000//9392 2990//9393 2989//9394
f 3007//9395 3008//9396 2982//9397 2980//9398
f 3008//9399 3009//9400 2984//9401 2982//9402
f 3009//9403 3010//9404 2986//9405 2984//9406
f 3010//9407 3011//9408 2988//9409 2986//9410
f 3011//9411 3012//9412 2978//9413 2988//9414
f 3012//9415 3007//9416 2980//9417 2978//9418
f 2991//9419 2993//9420 3005//9421 3006//9422
f 2993//9423 2995//9424 3004//9425 3005//9426
f 2995//9427 2997//9428 3003//9429 3004//9430
f 2997//9431 2999//9432 3002//9433 3003//9434
f 2999//9435 2989//9436 3001//9437 3002//9438
f 2989//9439 2991//9440 3006//9441 3001//9442
f 3002//9443 3001//9444 2966//9445 2976//9446
f 3003//9447 3002//9448 2976//9449 2974//9450
f 3004//9451 3003//9452 2974//9453 2972//9454
f 3005//9455 3004//9456 2972//9457 2970//9458
f 3006//9459 3005//9460 2970//9461 2968//9462
f 3001//9463 3006//9464 2968//9465 2966//9466
f 2996//9467 2994//9468 3007//9469 3012//9470
f 2998//9471 2996//9472 3012//9473 3011//9474
f 3000//9475 2998//9476 3011//9477 3010//9478
f 2990//9479 3000//9480 3010//9481 3009//9482
f 2992//9483 2990//9484 3009//9485 3008//9486
f 2994//9487 2992//9488 3008//9489 3007//9490
g default
v 10.877654 5.904826 0.779719
v 10.781659 6.121114 0.779719
v 10.877654 5.904826 0.584979
v 10.781659 6.121114 0.584979
v 10.859950 5.894268 0.779719
v 10.763955 6.110556 0.779719
v 10.859950 5.894268 0.584979
v 10.763955 6.110556 0.584979
v 10.747889 6.088134 0.592578
v 10.834871 5.892152 0.592579
v 10.834871 5.892152 0.774675
v 10.747889 6.088134 0.774675
v 10.736111 6.046403 0.604086
v 10.798734 5.905306 0.604086
v 10.798734 5.905306 0.762961
v 10.736111 6.046404 0.762961
v 10.735516 6.006929 0.621750
v 10.770682 5.927696 0.621750
v 10.770682 5.927696 0.744780
v 10.735516 6.006929 0.744780
vn 0.342389 -0.574113 -0.743750
vn 0.132102 -0.668697 -0.731706
vn -0.534436 0.464623 -0.706048
vn -0.342389 0.574112 -0.743751
vn 0.132102 -0.668697 -0.731706
vn -0.260319 -0.730832 -0.630966
vn -0.779347 0.224550 -0.584975
vn -0.534436 0.464623 -0.706048
vn 0.160411 -0.668017 0.726651
vn 0.342389 -0.574112 0.743751
vn -0.342389 0.574113 0.743750
vn -0.519605 0.484973 0.703429
vn 0.342389 -0.574113 -0.743750
vn 0.342389 -0.574112 0.743751
vn 0.160411 -0.668017 0.726651
vn 0.132102 -0.668697 -0.731706
vn -0.534436 0.464623 -0.706048
vn -0.519605 0.484973 0.703429
vn -0.342389 0.574113 0.743750
vn -0.342389 0.574112 -0.743751
vn -0.749262 0.236565 0.618582
vn -0.850117 -0.008964 0.526518
vn -0.535973 -0.630580 0.561338
vn -0.228116 -0.712113 0.663972
vn -0.519605 0.484973 0.703429
vn -0.749262 0.236565 0.618582
vn -0.228116 -0.712113 0.663972
vn 0.160411 -0.668017 0.726651
vn 0.160411 -0.668017 0.726651
vn -0.228116 -0.712113 0.663972
vn -0.260319 -0.730832 -0.630966
vn 0.132102 -0.668697 -0.731706
vn -0.534436 0.464623 -0.706048
vn -0.779347 0.224550 -0.584975
vn -0.749262 0.236565 0.618582
vn -0.519605 0.484973 0.703429
vn -0.848403 -0.007150 -0.529303
vn -0.922821 -0.238379 -0.302617
vn -0.924857 -0.238856 0.295951
vn -0.850117 -0.008964 0.526518
vn -0.228116 -0.712113 0.663972
vn -0.535973 -0.630580 0.561338
vn -0.533072 -0.630405 -0.564291
vn -0.260319 -0.730832 -0.630966
vn -0.779347 0.224550 -0.584975
vn -0.848403 -0.007150 -0.529303
vn -0.850117 -0.008964 0.526518
vn -0.749262 0.236565 0.618582
vn -0.260319 -0.730832 -0.630966
vn -0.533072 -0.630405 -0.564291
vn -0.848403 -0.007150 -0.529303
vn -0.779347 0.224550 -0.584975
vn -0.789308 -0.527797 -0.313725
vn -0.791140 -0.529083 0.306867
vn -0.924857 -0.238856 0.295951
vn -0.922821 -0.238379 -0.302617
vn -0.533072 -0.630405 -0.564291
vn -0.789308 -0.527797 -0.313725
vn -0.922821 -0.238379 -0.302617
vn -0.848403 -0.007150 -0.529303
vn -0.850117 -0.008964 0.526518
vn -0.924857 -0.238856 0.295951
vn -0.791140 -0.529083 0.306867
vn -0.535973 -0.630580 0.561338
vn -0.535973 -0.630580 0.561338
vn -0.791140 -0.529083 0.306867
vn -0.789308 -0.527797 -0.313725
vn -0.533072 -0.630405 -0.564291
s off
g lightTower lightTowerGrp lightGrp4 light2 polySurface11
usemtl SM_Light_Tower_1_JFGSG
f 3015//9491 3019//9492 3020//9493 3016//9494
f 3019//9495 3022//9496 3021//9497 3020//9498
f 3017//9499 3013//9500 3014//9501 3018//9502
f 3015//9503 3013//9504 3017//9505 3019//9506
f 3020//9507 3018//9508 3014//9509 3016//9510
f 3024//9511 3028//9512 3027//9513 3023//9514
f 3018//9515 3024//9516 3023//9517 3017//9518
f 3017//9519 3023//9520 3022//9521 3019//9522
f 3020//9523 3021//9524 3024//9525 3018//9526
f 3025//9527 3029//9528 3032//9529 3028//9530
f 3023//9531 3027//9532 3026//9533 3022//9534
f 3021//9535 3025//9536 3028//9537 3024//9538
f 3022//9539 3026//9540 3025//9541 3021//9542
f 3030//9543 3031//9544 3032//9545 3029//9546
f 3026//9547 3030//9548 3029//9549 3025//9550
f 3028//9551 3032//9552 3031//9553 3027//9554
f 3027//9555 3031//9556 3030//9557 3026//9558
g default
v 10.865200 5.882191 0.795714
v 10.758845 6.121822 0.795714
v 10.865200 5.882191 0.563268
v 10.758845 6.121821 0.563268
v 10.894839 5.880986 0.810289
v 10.775232 6.150476 0.810289
v 10.894839 5.880986 0.548692
v 10.775232 6.150476 0.548692
v 10.871826 5.867261 0.548692
v 10.871826 5.867261 0.810289
v 10.752219 6.136752 0.810289
v 10.752219 6.136752 0.548692
v 10.882453 5.892481 0.563268
v 10.882453 5.892481 0.795714
v 10.776098 6.132111 0.795714
v 10.776098 6.132111 0.563268
vn -0.710406 -0.627130 -0.319423
vn -0.710406 -0.627130 0.319423
vn -0.271769 -0.731311 0.625560
vn -0.271769 -0.731312 -0.625560
vn -0.271769 -0.731312 -0.625560
vn -0.785427 0.217218 -0.579587
vn 0.271769 0.731311 -0.625560
vn 0.785427 -0.217218 -0.579587
vn 0.785427 -0.217218 -0.579587
vn 0.271769 0.731311 -0.625560
vn 0.271769 0.731312 0.625560
vn 0.785427 -0.217218 0.579587
vn 0.785427 -0.217218 0.579587
vn 0.271769 0.731312 0.625560
vn -0.785427 0.217218 0.579587
vn -0.271769 -0.731311 0.625560
vn -0.271769 -0.731312 -0.625560
vn 0.785427 -0.217218 -0.579587
vn 0.785427 -0.217218 0.579587
vn -0.271769 -0.731311 0.625560
vn 0.271769 0.731311 -0.625560
vn -0.785427 0.217218 -0.579587
vn -0.785427 0.217218 0.579587
vn 0.271769 0.731312 0.625560
vn -0.945370 -0.126107 -0.300620
vn -0.945370 -0.126107 0.300620
vn -0.271769 -0.731312 -0.625560
vn -0.271769 -0.731311 0.625560
vn -0.710406 -0.627130 -0.319423
vn -0.945370 -0.126107 -0.300620
vn -0.271769 -0.731311 0.625560
vn -0.785427 0.217218 0.579587
vn -0.710406 -0.627130 0.319423
vn -0.710406 -0.627130 -0.319423
vn -0.785427 0.217218 0.579587
vn -0.785427 0.217218 -0.579587
vn -0.945370 -0.126107 0.300620
vn -0.710406 -0.627130 0.319423
vn -0.785427 0.217218 -0.579587
vn -0.271769 -0.731312 -0.625560
vn -0.785427 0.217218 -0.579587
vn -0.271769 -0.731312 -0.625560
vn -0.271769 -0.731311 0.625560
vn -0.785427 0.217218 0.579587
vn -0.945370 -0.126107 0.300620
vn -0.945370 -0.126107 -0.300620
vn -0.785427 0.217218 -0.579587
vn -0.785427 0.217218 0.579587
vn -0.710406 -0.627130 0.319423
vn -0.945370 -0.126107 0.300620
vn -0.785427 0.217218 0.579587
vn -0.271769 -0.731311 0.625560
vn -0.945370 -0.126107 -0.300620
vn -0.710406 -0.627130 -0.319423
vn -0.271769 -0.731312 -0.625560
vn -0.785427 0.217218 -0.579587
s off
g lightTower lightTowerGrp lightGrp4 light2 polySurface1
usemtl SM_Light_Tower_1_JFGSG
f 3034//9559 3036//9560 3048//9561 3047//9562
f 3041//9563 3044//9564 3040//9565 3039//9566
f 3039//9567 3040//9568 3038//9569 3037//9570
f 3037//9571 3038//9572 3043//9573 3042//9574
f 3041//9575 3039//9576 3037//9577 3042//9578
f 3040//9579 3044//9580 3043//9581 3038//9582
f 3033//9583 3035//9584 3041//9585 3042//9586
f 3034//9587 3033//9588 3042//9589 3043//9590
f 3036//9591 3034//9592 3043//9593 3044//9594
f 3035//9595 3036//9596 3044//9597 3041//9598
f 3046//9599 3047//9600 3048//9601 3045//9602
f 3035//9603 3033//9604 3046//9605 3045//9606
f 3036//9607 3035//9608 3045//9609 3048//9610
f 3033//9611 3034//9612 3047//9613 3046//9614
g default
v 10.708243 6.132149 0.547720
v 10.724047 6.141574 0.547720
v 10.710735 6.126533 0.538224
v 10.726540 6.135958 0.538224
v 10.715721 6.115301 0.538224
v 10.731525 6.124726 0.538224
v 10.718213 6.109684 0.547720
v 10.734018 6.119110 0.547720
v 10.715721 6.115301 0.557217
v 10.731525 6.124726 0.557217
v 10.710735 6.126533 0.557217
v 10.726540 6.135958 0.557217
vn -0.926649 0.375927 -0.000001
vn 0.207394 0.978258 -0.000001
vn 0.382360 0.576644 -0.721999
vn -0.726303 0.063420 -0.684442
vn -0.726303 0.063420 -0.684442
vn 0.382360 0.576644 -0.721999
vn 0.726302 -0.063418 -0.684444
vn -0.382362 -0.576642 -0.721999
vn -0.382362 -0.576642 -0.721999
vn 0.726302 -0.063418 -0.684444
vn 0.926649 -0.375928 -0.000001
vn -0.207392 -0.978258 -0.000001
vn -0.207392 -0.978258 -0.000001
vn 0.926649 -0.375928 -0.000001
vn 0.726303 -0.063418 0.684443
vn -0.382362 -0.576642 0.721999
vn 0.382360 0.576644 -0.721999
vn 0.207394 0.978258 -0.000001
vn 0.382360 0.576645 0.721998
vn 0.726303 -0.063418 0.684443
vn 0.926649 -0.375928 -0.000001
vn 0.726302 -0.063418 -0.684444
vn -0.382362 -0.576642 0.721999
vn 0.726303 -0.063418 0.684443
vn 0.382360 0.576645 0.721998
vn -0.726304 0.063421 0.684442
vn -0.726304 0.063421 0.684442
vn 0.382360 0.576645 0.721998
vn 0.207394 0.978258 -0.000001
vn -0.926649 0.375927 -0.000001
vn -0.926649 0.375927 -0.000001
vn -0.726303 0.063420 -0.684442
vn -0.382362 -0.576642 -0.721999
vn -0.207392 -0.978258 -0.000001
vn -0.382362 -0.576642 0.721999
vn -0.726304 0.063421 0.684442
s off
g lightTower lightTowerGrp lightGrp4 light2 polySurface69
usemtl SM_Light_Tower_1_JFGSG
f 3049//9615 3050//9616 3052//9617 3051//9618
f 3051//9619 3052//9620 3054//9621 3053//9622
f 3053//9623 3054//9624 3056//9625 3055//9626
f 3055//9627 3056//9628 3058//9629 3057//9630
f 3052//9631 3050//9632 3060//9633 3058//9634 3056//9635 3054//9636
f 3057//9637 3058//9638 3060//9639 3059//9640
f 3059//9641 3060//9642 3050//9643 3049//9644
f 3049//9645 3051//9646 3053//9647 3055//9648 3057//9649 3059//9650
g default
v 10.799199 6.180632 0.541432
v 10.799199 6.180632 0.810703
v 10.807728 6.180152 0.541432
v 10.807728 6.180153 0.810703
v 10.811634 6.171351 0.541432
v 10.811634 6.171351 0.810703
v 10.807012 6.163028 0.541432
v 10.807012 6.163028 0.810703
v 10.798483 6.163507 0.541432
v 10.798483 6.163507 0.810703
v 10.794576 6.172309 0.541432
v 10.794576 6.172309 0.810703
vn -0.512207 0.858862 -0.000000
vn -0.389019 0.652302 0.650512
vn 0.456801 0.612062 0.645533
vn 0.598117 0.801409 -0.000000
vn 0.598117 0.801409 -0.000000
vn 0.456801 0.612062 0.645533
vn 0.793463 -0.033179 0.607714
vn 0.999127 -0.041779 0.000000
vn 0.999127 -0.041779 0.000000
vn 0.793463 -0.033179 0.607714
vn 0.389019 -0.652302 0.650513
vn 0.512207 -0.858862 0.000000
vn 0.512207 -0.858862 0.000000
vn 0.389019 -0.652302 0.650513
vn -0.456801 -0.612062 0.645533
vn -0.598117 -0.801409 0.000000
vn -0.598117 -0.801409 0.000000
vn -0.456801 -0.612062 0.645533
vn -0.793462 0.033179 0.607714
vn -0.999127 0.041779 -0.000000
vn -0.999127 0.041779 -0.000000
vn -0.793462 0.033179 0.607714
vn -0.389019 0.652302 0.650512
vn -0.512207 0.858862 -0.000000
vn 0.456801 0.612062 0.645533
vn -0.389019 0.652302 0.650512
vn -0.793462 0.033179 0.607714
vn -0.456801 -0.612062 0.645533
vn 0.389019 -0.652302 0.650513
vn 0.793463 -0.033179 0.607714
s off
g lightTower lightTowerGrp lightGrp4 light2 polySurface66
usemtl SM_Light_Tower_1_JFGSG
f 3061//9651 3062//9652 3064//9653 3063//9654
f 3063//9655 3064//9656 3066//9657 3065//9658
f 3065//9659 3066//9660 3068//9661 3067//9662
f 3067//9663 3068//9664 3070//9665 3069//9666
f 3069//9667 3070//9668 3072//9669 3071//9670
f 3071//9671 3072//9672 3062//9673 3061//9674
f 3064//9675 3062//9676 3072//9677 3070//9678 3068//9679 3066//9680
g default
v 10.723745 6.134835 0.546872
v 10.799444 6.179980 0.546872
v 10.725448 6.130998 0.540384
v 10.801147 6.176143 0.540384
v 10.728854 6.123324 0.540384
v 10.804553 6.168470 0.540384
v 10.730557 6.119487 0.546872
v 10.806256 6.164633 0.546872
v 10.728854 6.123324 0.553360
v 10.804553 6.168470 0.553360
v 10.725448 6.130998 0.553360
v 10.801147 6.176143 0.553360
vn -0.512207 0.858862 -0.000003
vn 0.207391 0.978258 -0.000002
vn 0.382363 0.576641 -0.722000
vn -0.235915 0.395578 -0.887616
vn -0.235915 0.395578 -0.887616
vn 0.382363 0.576641 -0.722000
vn 0.726304 -0.063422 -0.684442
vn 0.235917 -0.395583 -0.887613
vn 0.235917 -0.395583 -0.887613
vn 0.726304 -0.063422 -0.684442
vn 0.926650 -0.375926 0.000001
vn 0.512207 -0.858862 0.000002
vn 0.512207 -0.858862 0.000002
vn 0.926650 -0.375926 0.000001
vn 0.726303 -0.063421 0.684442
vn 0.235917 -0.395582 0.887614
vn 0.235917 -0.395582 0.887614
vn 0.726303 -0.063421 0.684442
vn 0.382362 0.576643 0.721999
vn -0.235915 0.395580 0.887615
vn -0.235915 0.395580 0.887615
vn 0.382362 0.576643 0.721999
vn 0.207391 0.978258 -0.000002
vn -0.512207 0.858862 -0.000003
vn 0.382363 0.576641 -0.722000
vn 0.207391 0.978258 -0.000002
vn 0.382362 0.576643 0.721999
vn 0.726303 -0.063421 0.684442
vn 0.926650 -0.375926 0.000001
vn 0.726304 -0.063422 -0.684442
s off
g lightTower lightTowerGrp lightGrp4 light2 polySurface70
usemtl SM_Light_Tower_1_JFGSG
f 3073//9681 3074//9682 3076//9683 3075//9684
f 3075//9685 3076//9686 3078//9687 3077//9688
f 3077//9689 3078//9690 3080//9691 3079//9692
f 3079//9693 3080//9694 3082//9695 3081//9696
f 3081//9697 3082//9698 3084//9699 3083//9700
f 3083//9701 3084//9702 3074//9703 3073//9704
f 3076//9705 3074//9706 3084//9707 3082//9708 3080//9709 3078//9710
g default
v 10.964042 5.705139 0.536999
v 10.985057 5.721568 0.536999
v 10.966547 5.699494 0.527453
v 10.988287 5.714290 0.524693
v 10.971559 5.688202 0.527453
v 10.994747 5.699735 0.524693
v 10.974065 5.682556 0.536999
v 10.997978 5.692457 0.536999
v 10.971559 5.688202 0.546546
v 10.994747 5.699735 0.549305
v 10.966547 5.699494 0.546546
v 10.988287 5.714290 0.549305
v 10.663175 6.253309 0.536999
v 10.730120 6.293404 0.536999
v 10.665356 6.248394 0.528689
v 10.732331 6.288422 0.528575
v 10.669719 6.238564 0.528689
v 10.736754 6.278458 0.528575
v 10.671900 6.233650 0.536999
v 10.738965 6.273476 0.536999
v 10.669719 6.238564 0.545309
v 10.736754 6.278458 0.545423
v 10.665356 6.248394 0.545309
v 10.732331 6.288422 0.545423
v 10.982268 5.729543 0.536999
v 10.742564 6.269627 0.536999
v 10.987968 5.732942 0.525827
v 10.748264 6.273026 0.525827
v 10.999368 5.739741 0.525827
v 10.759663 6.279825 0.525827
v 11.005068 5.743140 0.536999
v 10.765363 6.283224 0.536999
v 10.999368 5.739741 0.548171
v 10.759663 6.279825 0.548171
v 10.987968 5.732942 0.548171
v 10.748264 6.273026 0.548171
v 10.987842 5.720978 0.536999
v 10.994492 5.719739 0.548738
v 11.013079 5.715101 0.548738
v 11.019729 5.713862 0.536999
v 11.013079 5.715101 0.525260
v 10.994492 5.719739 0.525260
v 10.753804 6.301086 0.527201
v 10.743626 6.279564 0.527201
v 10.741881 6.275373 0.536999
v 10.743626 6.279564 0.546797
v 10.753804 6.301086 0.546797
v 10.755549 6.305277 0.536999
vn -0.615891 0.787831 -0.000002
vn -0.542294 0.840189 -0.000001
vn -0.264399 0.379171 -0.886748
vn -0.344046 0.342418 -0.874289
vn -0.344046 0.342418 -0.874289
vn -0.264399 0.379171 -0.886748
vn 0.248152 -0.415341 -0.875164
vn 0.116283 -0.446156 -0.887369
vn 0.116283 -0.446156 -0.887369
vn 0.248152 -0.415341 -0.875164
vn 0.543044 -0.839704 -0.000000
vn 0.382528 -0.923944 -0.000001
vn 0.382528 -0.923944 -0.000001
vn 0.543044 -0.839704 -0.000000
vn 0.248152 -0.415340 0.875164
vn 0.116280 -0.446155 0.887369
vn 0.116280 -0.446155 0.887369
vn 0.248152 -0.415340 0.875164
vn -0.264399 0.379173 0.886747
vn -0.344046 0.342421 0.874288
vn -0.344046 0.342421 0.874288
vn -0.264399 0.379173 0.886747
vn -0.542294 0.840189 -0.000001
vn -0.615891 0.787831 -0.000002
vn -0.513812 0.857903 -0.000000
vn -0.493715 0.869624 -0.000001
vn -0.272537 0.430099 -0.860661
vn -0.237475 0.394833 -0.887532
vn -0.237475 0.394833 -0.887532
vn -0.272537 0.430099 -0.860661
vn 0.131205 -0.414835 -0.900387
vn 0.234355 -0.396323 -0.887697
vn 0.234355 -0.396323 -0.887697
vn 0.131205 -0.414835 -0.900387
vn 0.372791 -0.927915 0.000001
vn 0.510604 -0.859816 0.000000
vn 0.510604 -0.859816 0.000000
vn 0.372791 -0.927915 0.000001
vn 0.131206 -0.414835 0.900387
vn 0.234356 -0.396323 0.887697
vn 0.234356 -0.396323 0.887697
vn 0.131206 -0.414835 0.900387
vn -0.272537 0.430100 0.860661
vn -0.237475 0.394833 0.887532
vn -0.237475 0.394833 0.887532
vn -0.272537 0.430100 0.860661
vn -0.493715 0.869624 -0.000001
vn -0.513812 0.857903 -0.000000
vn -0.897872 -0.440256 -0.000000
vn -0.924759 -0.380553 -0.000000
vn -0.461640 -0.156788 -0.873101
vn -0.459528 -0.217849 -0.861032
vn -0.459528 -0.217849 -0.861032
vn -0.461640 -0.156788 -0.873101
vn 0.426875 0.208472 -0.879953
vn 0.440720 0.223983 -0.869251
vn 0.440720 0.223983 -0.869251
vn 0.426875 0.208472 -0.879953
vn 0.925476 0.378806 -0.000000
vn 0.898638 0.438691 -0.000000
vn 0.898638 0.438691 -0.000000
vn 0.925476 0.378806 -0.000000
vn 0.426876 0.208472 0.879953
vn 0.440721 0.223984 0.869251
vn 0.440721 0.223984 0.869251
vn 0.426876 0.208472 0.879953
vn -0.461640 -0.156788 0.873101
vn -0.459528 -0.217849 0.861032
vn -0.459528 -0.217849 0.861032
vn -0.461640 -0.156788 0.873101
vn -0.924759 -0.380553 -0.000000
vn -0.897872 -0.440256 -0.000000
vn 0.211947 0.557362 -0.802761
vn -0.270626 -0.223408 -0.936403
vn 0.131205 -0.414835 -0.900387
vn -0.272537 0.430099 -0.860661
vn -0.270626 -0.223408 -0.936403
vn -0.513793 -0.857914 0.000001
vn 0.372791 -0.927915 0.000001
vn 0.131205 -0.414835 -0.900387
vn -0.513793 -0.857914 0.000001
vn -0.270625 -0.223408 0.936403
vn 0.131206 -0.414835 0.900387
vn 0.372791 -0.927915 0.000001
vn -0.270625 -0.223408 0.936403
vn 0.211948 0.557362 0.802761
vn -0.272537 0.430100 0.860661
vn 0.131206 -0.414835 0.900387
vn 0.211948 0.557362 0.802761
vn 0.414646 0.909983 -0.000001
vn -0.493715 0.869624 -0.000001
vn -0.272537 0.430100 0.860661
vn 0.414646 0.909983 -0.000001
vn 0.211947 0.557362 -0.802761
vn -0.272537 0.430099 -0.860661
vn -0.493715 0.869624 -0.000001
vn -0.459528 -0.217849 -0.861032
vn 0.440720 0.223983 -0.869251
vn 0.605575 -0.087315 -0.790984
vn -0.231342 0.097037 -0.968021
vn 0.440720 0.223983 -0.869251
vn 0.898638 0.438691 -0.000000
vn 0.989299 -0.145904 -0.000000
vn 0.605575 -0.087315 -0.790984
vn 0.898638 0.438691 -0.000000
vn 0.440721 0.223984 0.869251
vn 0.605577 -0.087313 0.790983
vn 0.989299 -0.145904 -0.000000
vn 0.440721 0.223984 0.869251
vn -0.459528 -0.217849 0.861032
vn -0.231341 0.097038 0.968021
vn 0.605577 -0.087313 0.790983
vn -0.459528 -0.217849 0.861032
vn -0.897872 -0.440256 -0.000000
vn -0.951886 0.306453 -0.000001
vn -0.231341 0.097038 0.968021
vn -0.897872 -0.440256 -0.000000
vn -0.459528 -0.217849 -0.861032
vn -0.231342 0.097037 -0.968021
vn -0.951886 0.306453 -0.000001
vn -0.231341 0.097038 0.968021
vn -0.951886 0.306453 -0.000001
vn -0.542294 0.840189 -0.000001
vn -0.264399 0.379173 0.886747
vn 0.605577 -0.087313 0.790983
vn -0.231341 0.097038 0.968021
vn -0.264399 0.379173 0.886747
vn 0.248152 -0.415340 0.875164
vn 0.989299 -0.145904 -0.000000
vn 0.605577 -0.087313 0.790983
vn 0.248152 -0.415340 0.875164
vn 0.543044 -0.839704 -0.000000
vn 0.605575 -0.087315 -0.790984
vn 0.989299 -0.145904 -0.000000
vn 0.543044 -0.839704 -0.000000
vn 0.248152 -0.415341 -0.875164
vn -0.231342 0.097037 -0.968021
vn 0.605575 -0.087315 -0.790984
vn 0.248152 -0.415341 -0.875164
vn -0.264399 0.379171 -0.886748
vn -0.951886 0.306453 -0.000001
vn -0.231342 0.097037 -0.968021
vn -0.264399 0.379171 -0.886748
vn -0.542294 0.840189 -0.000001
vn 0.925476 0.378806 -0.000000
vn 0.426875 0.208472 -0.879953
vn 0.211947 0.557362 -0.802761
vn 0.414646 0.909983 -0.000001
vn 0.426876 0.208472 0.879953
vn 0.925476 0.378806 -0.000000
vn 0.414646 0.909983 -0.000001
vn 0.211948 0.557362 0.802761
vn -0.461640 -0.156788 0.873101
vn 0.426876 0.208472 0.879953
vn 0.211948 0.557362 0.802761
vn -0.270625 -0.223408 0.936403
vn -0.924759 -0.380553 -0.000000
vn -0.461640 -0.156788 0.873101
vn -0.270625 -0.223408 0.936403
vn -0.513793 -0.857914 0.000001
vn -0.461640 -0.156788 -0.873101
vn -0.924759 -0.380553 -0.000000
vn -0.513793 -0.857914 0.000001
vn -0.270626 -0.223408 -0.936403
vn 0.426875 0.208472 -0.879953
vn -0.461640 -0.156788 -0.873101
vn -0.270626 -0.223408 -0.936403
vn 0.211947 0.557362 -0.802761
s off
g lightTower lightTowerGrp lightGrp4 light2 polySurface92
usemtl SM_Light_Tower_1_JFGSG
f 3085//9711 3086//9712 3088//9713 3087//9714
f 3087//9715 3088//9716 3090//9717 3089//9718
f 3089//9719 3090//9720 3092//9721 3091//9722
f 3091//9723 3092//9724 3094//9725 3093//9726
f 3093//9727 3094//9728 3096//9729 3095//9730
f 3095//9731 3096//9732 3086//9733 3085//9734
f 3097//9735 3098//9736 3100//9737 3099//9738
f 3099//9739 3100//9740 3102//9741 3101//9742
f 3101//9743 3102//9744 3104//9745 3103//9746
f 3103//9747 3104//9748 3106//9749 3105//9750
f 3105//9751 3106//9752 3108//9753 3107//9754
f 3107//9755 3108//9756 3098//9757 3097//9758
f 3109//9759 3110//9760 3112//9761 3111//9762
f 3111//9763 3112//9764 3114//9765 3113//9766
f 3113//9767 3114//9768 3116//9769 3115//9770
f 3115//9771 3116//9772 3118//9773 3117//9774
f 3117//9775 3118//9776 3120//9777 3119//9778
f 3119//9779 3120//9780 3110//9781 3109//9782
f 3127//9783 3128//9784 3102//9785 3100//9786
f 3128//9787 3129//9788 3104//9789 3102//9790
f 3129//9791 3130//9792 3106//9793 3104//9794
f 3130//9795 3131//9796 3108//9797 3106//9798
f 3131//9799 3132//9800 3098//9801 3108//9802
f 3132//9803 3127//9804 3100//9805 3098//9806
f 3111//9807 3113//9808 3125//9809 3126//9810
f 3113//9811 3115//9812 3124//9813 3125//9814
f 3115//9815 3117//9816 3123//9817 3124//9818
f 3117//9819 3119//9820 3122//9821 3123//9822
f 3119//9823 3109//9824 3121//9825 3122//9826
f 3109//9827 3111//9828 3126//9829 3121//9830
f 3122//9831 3121//9832 3086//9833 3096//9834
f 3123//9835 3122//9836 3096//9837 3094//9838
f 3124//9839 3123//9840 3094//9841 3092//9842
f 3125//9843 3124//9844 3092//9845 3090//9846
f 3126//9847 3125//9848 3090//9849 3088//9850
f 3121//9851 3126//9852 3088//9853 3086//9854
f 3116//9855 3114//9856 3127//9857 3132//9858
f 3118//9859 3116//9860 3132//9861 3131//9862
f 3120//9863 3118//9864 3131//9865 3130//9866
f 3110//9867 3120//9868 3130//9869 3129//9870
f 3112//9871 3110//9872 3129//9873 3128//9874
f 3114//9875 3112//9876 3128//9877 3127//9878
g default
v 10.668761 6.244394 0.552333
v 10.668761 6.244394 0.799834
v 10.668075 6.227994 0.552333
v 10.668075 6.227994 0.799834
v 10.655480 6.220483 0.552333
v 10.655480 6.220483 0.799834
v 10.643571 6.229371 0.552333
v 10.643571 6.229371 0.799834
v 10.644257 6.245771 0.552333
v 10.644257 6.245771 0.799834
v 10.656852 6.253282 0.552333
v 10.656852 6.253282 0.799834
vn 0.999127 -0.041778 0.000000
vn 0.999127 -0.041778 0.000000
vn 0.999127 -0.041778 0.000000
vn 0.999127 -0.041778 0.000000
vn 0.512207 -0.858862 0.000000
vn 0.512207 -0.858862 0.000000
vn 0.512207 -0.858862 0.000000
vn 0.512207 -0.858862 0.000000
vn -0.598118 -0.801408 0.000000
vn -0.598118 -0.801408 0.000000
vn -0.598118 -0.801408 0.000000
vn -0.598118 -0.801408 0.000000
vn -0.999127 0.041778 -0.000000
vn -0.999127 0.041778 -0.000000
vn -0.999127 0.041778 -0.000000
vn -0.999127 0.041778 -0.000000
vn 0.000000 -0.000000 1.000000
vn 0.000000 -0.000000 1.000000
vn 0.000000 -0.000000 1.000000
vn 0.000000 -0.000000 1.000000
vn 0.000000 -0.000000 1.000000
vn 0.000000 -0.000000 1.000000
vn -0.512207 0.858862 -0.000000
vn -0.512207 0.858862 -0.000000
vn -0.512207 0.858862 -0.000000
vn -0.512207 0.858862 -0.000000
vn 0.598118 0.801408 -0.000000
vn 0.598118 0.801408 -0.000000
vn 0.598118 0.801408 -0.000000
vn 0.598118 0.801408 -0.000000
vn -0.000000 0.000001 -1.000000
vn -0.000000 0.000001 -1.000000
vn -0.000000 0.000001 -1.000000
vn -0.000000 0.000001 -1.000000
vn -0.000000 0.000001 -1.000000
vn -0.000000 0.000001 -1.000000
s off
g lightTower lightTowerGrp lightGrp4 light2 polySurface51
usemtl SM_Light_Tower_1_JFGSG
f 3133//9879 3134//9880 3136//9881 3135//9882
f 3135//9883 3136//9884 3138//9885 3137//9886
f 3137//9887 3138//9888 3140//9889 3139//9890
f 3139//9891 3140//9892 3142//9893 3141//9894
f 3136//9895 3134//9896 3144//9897 3142//9898 3140//9899 3138//9900
f 3141//9901 3142//9902 3144//9903 3143//9904
f 3143//9905 3144//9906 3134//9907 3133//9908
f 3133//9909 3135//9910 3137//9911 3139//9912 3141//9913 3143//9914
g default
v 10.639532 6.226963 0.798463
v 10.669946 6.245101 0.798463
v 10.646684 6.210848 0.807545
v 10.677098 6.228987 0.807545
v 10.646684 6.210848 0.825710
v 10.677098 6.228987 0.825710
v 10.639532 6.226963 0.834793
v 10.669946 6.245101 0.834793
v 10.632380 6.243077 0.825710
v 10.662794 6.261215 0.825710
v 10.632380 6.243077 0.807545
v 10.662794 6.261215 0.807545
vn -0.550096 -0.244148 -0.798615
vn 0.550097 0.244148 -0.798615
vn 0.869506 -0.290065 -0.399776
vn -0.256119 -0.859993 -0.441379
vn -0.256119 -0.859993 -0.441379
vn 0.869506 -0.290065 -0.399776
vn 0.869506 -0.290065 0.399777
vn -0.256119 -0.859993 0.441378
vn -0.256119 -0.859993 0.441378
vn 0.869506 -0.290065 0.399777
vn 0.550096 0.244148 0.798615
vn -0.550097 -0.244149 0.798614
vn -0.550097 -0.244149 0.798614
vn 0.550096 0.244148 0.798615
vn 0.256117 0.859993 0.441379
vn -0.869507 0.290063 0.399776
vn 0.869506 -0.290065 -0.399776
vn 0.550097 0.244148 -0.798615
vn 0.256118 0.859993 -0.441379
vn 0.256117 0.859993 0.441379
vn 0.550096 0.244148 0.798615
vn 0.869506 -0.290065 0.399777
vn -0.869507 0.290063 0.399776
vn 0.256117 0.859993 0.441379
vn 0.256118 0.859993 -0.441379
vn -0.869506 0.290064 -0.399777
vn -0.869506 0.290064 -0.399777
vn 0.256118 0.859993 -0.441379
vn 0.550097 0.244148 -0.798615
vn -0.550096 -0.244148 -0.798615
vn -0.550096 -0.244148 -0.798615
vn -0.256119 -0.859993 -0.441379
vn -0.256119 -0.859993 0.441378
vn -0.550097 -0.244149 0.798614
vn -0.869507 0.290063 0.399776
vn -0.869506 0.290064 -0.399777
s off
g lightTower lightTowerGrp lightGrp4 light2 polySurface55
usemtl SM_Light_Tower_1_JFGSG
f 3145//9915 3146//9916 3148//9917 3147//9918
f 3147//9919 3148//9920 3150//9921 3149//9922
f 3149//9923 3150//9924 3152//9925 3151//9926
f 3151//9927 3152//9928 3154//9929 3153//9930
f 3148//9931 3146//9932 3156//9933 3154//9934 3152//9935 3150//9936
f 3153//9937 3154//9938 3156//9939 3155//9940
f 3155//9941 3156//9942 3146//9943 3145//9944
f 3145//9945 3147//9946 3149//9947 3151//9948 3153//9949 3155//9950
g default
v 10.691460 6.119671 0.814417
v 10.708738 6.129975 0.814417
v 10.694185 6.113531 0.804035
v 10.711463 6.123836 0.804035
v 10.699635 6.101252 0.804035
v 10.716913 6.111556 0.804035
v 10.702360 6.095112 0.814417
v 10.719638 6.105416 0.814417
v 10.699635 6.101252 0.824799
v 10.716913 6.111556 0.824799
v 10.694185 6.113531 0.824799
v 10.711463 6.123836 0.824799
vn -0.926649 0.375929 -0.000000
vn 0.207392 0.978258 -0.000000
vn 0.382362 0.576642 -0.722000
vn -0.726303 0.063418 -0.684443
vn -0.726303 0.063418 -0.684443
vn 0.382362 0.576642 -0.722000
vn 0.726303 -0.063418 -0.684443
vn -0.382363 -0.576642 -0.721999
vn -0.382363 -0.576642 -0.721999
vn 0.726303 -0.063418 -0.684443
vn 0.926649 -0.375929 0.000000
vn -0.207392 -0.978258 0.000000
vn -0.207392 -0.978258 0.000000
vn 0.926649 -0.375929 0.000000
vn 0.726303 -0.063418 0.684444
vn -0.382362 -0.576642 0.722000
vn 0.382362 0.576642 -0.722000
vn 0.207392 0.978258 -0.000000
vn 0.382362 0.576642 0.721999
vn 0.726303 -0.063418 0.684444
vn 0.926649 -0.375929 0.000000
vn 0.726303 -0.063418 -0.684443
vn -0.382362 -0.576642 0.722000
vn 0.726303 -0.063418 0.684444
vn 0.382362 0.576642 0.721999
vn -0.726302 0.063418 0.684443
vn -0.726302 0.063418 0.684443
vn 0.382362 0.576642 0.721999
vn 0.207392 0.978258 -0.000000
vn -0.926649 0.375929 -0.000000
vn -0.926649 0.375929 -0.000000
vn -0.726303 0.063418 -0.684443
vn -0.382363 -0.576642 -0.721999
vn -0.207392 -0.978258 0.000000
vn -0.382362 -0.576642 0.722000
vn -0.726302 0.063418 0.684443
s off
g lightTower lightTowerGrp lightGrp4 light2 polySurface68
usemtl SM_Light_Tower_1_JFGSG
f 3157//9951 3158//9952 3160//9953 3159//9954
f 3159//9955 3160//9956 3162//9957 3161//9958
f 3161//9959 3162//9960 3164//9961 3163//9962
f 3163//9963 3164//9964 3166//9965 3165//9966
f 3160//9967 3158//9968 3168//9969 3166//9970 3164//9971 3162//9972
f 3165//9973 3166//9974 3168//9975 3167//9976
f 3167//9977 3168//9978 3158//9979 3157//9980
f 3157//9981 3159//9982 3161//9983 3163//9984 3165//9985 3167//9986
g default
v 10.706529 6.124358 0.814305
v 10.796774 6.178179 0.814305
v 10.708305 6.120355 0.807536
v 10.798551 6.174176 0.807536
v 10.711858 6.112350 0.807536
v 10.802104 6.166170 0.807536
v 10.713635 6.108347 0.814305
v 10.803881 6.162168 0.814305
v 10.711858 6.112350 0.821073
v 10.802104 6.166170 0.821073
v 10.708305 6.120355 0.821073
v 10.798551 6.174176 0.821073
vn -0.512207 0.858862 -0.000000
vn 0.207390 0.978258 -0.000000
vn 0.382364 0.576638 -0.722001
vn -0.235913 0.395575 -0.887618
vn -0.235913 0.395575 -0.887618
vn 0.382364 0.576638 -0.722001
vn 0.726304 -0.063423 -0.684441
vn 0.235918 -0.395585 -0.887612
vn 0.235918 -0.395585 -0.887612
vn 0.726304 -0.063423 -0.684441
vn 0.926650 -0.375926 -0.000000
vn 0.512207 -0.858862 -0.000000
vn 0.512207 -0.858862 -0.000000
vn 0.926650 -0.375926 -0.000000
vn 0.726304 -0.063422 0.684441
vn 0.235918 -0.395584 0.887612
vn 0.235918 -0.395584 0.887612
vn 0.726304 -0.063422 0.684441
vn 0.382365 0.576639 0.722000
vn -0.235912 0.395575 0.887618
vn -0.235912 0.395575 0.887618
vn 0.382365 0.576639 0.722000
vn 0.207390 0.978258 -0.000000
vn -0.512207 0.858862 -0.000000
vn 0.382364 0.576638 -0.722001
vn 0.207390 0.978258 -0.000000
vn 0.382365 0.576639 0.722000
vn 0.726304 -0.063422 0.684441
vn 0.926650 -0.375926 -0.000000
vn 0.726304 -0.063423 -0.684441
s off
g lightTower lightTowerGrp lightGrp4 light2 polySurface67
usemtl SM_Light_Tower_1_JFGSG
f 3169//9987 3170//9988 3172//9989 3171//9990
f 3171//9991 3172//9992 3174//9993 3173//9994
f 3173//9995 3174//9996 3176//9997 3175//9998
f 3175//9999 3176//10000 3178//10001 3177//10002
f 3177//10003 3178//10004 3180//10005 3179//10006
f 3179//10007 3180//10008 3170//10009 3169//10010
f 3172//10011 3170//10012 3180//10013 3178//10014 3176//10015 3174//10016
g default
v 10.893319 5.886517 0.797469
v 10.780764 6.140116 0.797469
v 10.893319 5.886517 0.569137
v 10.780764 6.140116 0.569137
v 10.914076 5.898897 0.797469
v 10.801522 6.152495 0.797469
v 10.914076 5.898896 0.569137
v 10.801522 6.152495 0.569137
v 10.830927 6.154976 0.578047
v 10.932914 5.925187 0.578047
v 10.932914 5.925187 0.791555
v 10.830927 6.154976 0.791555
v 10.873299 6.139553 0.591539
v 10.946724 5.974116 0.591539
v 10.946724 5.974116 0.777821
v 10.873299 6.139553 0.777821
v 10.906189 6.113300 0.612250
v 10.947421 6.020399 0.612250
v 10.947421 6.020399 0.756503
v 10.906189 6.113300 0.756503
vn 0.342389 -0.574113 -0.743750
vn -0.342389 0.574112 -0.743751
vn -0.132100 0.668697 -0.731706
vn 0.534435 -0.464625 -0.706047
vn 0.534435 -0.464625 -0.706047
vn -0.132100 0.668697 -0.731706
vn 0.260321 0.730831 -0.630967
vn 0.779345 -0.224552 -0.584977
vn 0.519604 -0.484974 0.703429
vn -0.160408 0.668018 0.726651
vn -0.342389 0.574113 0.743750
vn 0.342389 -0.574112 0.743751
vn 0.342389 -0.574113 -0.743750
vn 0.534435 -0.464625 -0.706047
vn 0.519604 -0.484974 0.703429
vn 0.342389 -0.574112 0.743751
vn -0.132100 0.668697 -0.731706
vn -0.342389 0.574112 -0.743751
vn -0.342389 0.574113 0.743750
vn -0.160408 0.668018 0.726651
vn 0.228118 0.712112 0.663972
vn 0.749261 -0.236567 0.618583
vn 0.850117 0.008964 0.526518
vn 0.535972 0.630581 0.561338
vn -0.160408 0.668018 0.726651
vn 0.519604 -0.484974 0.703429
vn 0.749261 -0.236567 0.618583
vn 0.228118 0.712112 0.663972
vn 0.519604 -0.484974 0.703429
vn 0.534435 -0.464625 -0.706047
vn 0.779345 -0.224552 -0.584977
vn 0.749261 -0.236567 0.618583
vn -0.132100 0.668697 -0.731706
vn -0.160408 0.668018 0.726651
vn 0.228118 0.712112 0.663972
vn 0.260321 0.730831 -0.630967
vn 0.533071 0.630405 -0.564291
vn 0.535972 0.630581 0.561338
vn 0.791141 0.529083 0.306867
vn 0.789308 0.527797 -0.313725
vn 0.749261 -0.236567 0.618583
vn 0.779345 -0.224552 -0.584977
vn 0.848403 0.007150 -0.529303
vn 0.850117 0.008964 0.526518
vn 0.260321 0.730831 -0.630967
vn 0.228118 0.712112 0.663972
vn 0.535972 0.630581 0.561338
vn 0.533071 0.630405 -0.564291
vn 0.779345 -0.224552 -0.584977
vn 0.260321 0.730831 -0.630967
vn 0.533071 0.630405 -0.564291
vn 0.848403 0.007150 -0.529303
vn 0.922821 0.238379 -0.302617
vn 0.789308 0.527797 -0.313725
vn 0.791141 0.529083 0.306867
vn 0.924857 0.238856 0.295951
vn 0.848403 0.007150 -0.529303
vn 0.533071 0.630405 -0.564291
vn 0.789308 0.527797 -0.313725
vn 0.922821 0.238379 -0.302617
vn 0.535972 0.630581 0.561338
vn 0.850117 0.008964 0.526518
vn 0.924857 0.238856 0.295951
vn 0.791141 0.529083 0.306867
vn 0.850117 0.008964 0.526518
vn 0.848403 0.007150 -0.529303
vn 0.922821 0.238379 -0.302617
vn 0.924857 0.238856 0.295951
s off
g lightTower lightTowerGrp lightGrp4 light2 polySurface12
usemtl SM_Light_Tower_1_JFGSG
f 3183//10017 3184//10018 3188//10019 3187//10020
f 3187//10021 3188//10022 3189//10023 3190//10024
f 3185//10025 3186//10026 3182//10027 3181//10028
f 3183//10029 3187//10030 3185//10031 3181//10032
f 3188//10033 3184//10034 3182//10035 3186//10036
f 3192//10037 3191//10038 3195//10039 3196//10040
f 3186//10041 3185//10042 3191//10043 3192//10044
f 3185//10045 3187//10046 3190//10047 3191//10048
f 3188//10049 3186//10050 3192//10051 3189//10052
f 3193//10053 3196//10054 3200//10055 3197//10056
f 3191//10057 3190//10058 3194//10059 3195//10060
f 3189//10061 3192//10062 3196//10063 3193//10064
f 3190//10065 3189//10066 3193//10067 3194//10068
f 3198//10069 3197//10070 3200//10071 3199//10072
f 3194//10073 3193//10074 3197//10075 3198//10076
f 3196//10077 3195//10078 3199//10079 3200//10080
f 3195//10081 3194//10082 3198//10083 3199//10084
g default
v 10.893528 5.883027 0.704031
v 10.891926 5.886636 0.704031
v 10.893528 5.883027 0.660760
v 10.891926 5.886636 0.660760
v 10.906989 5.891101 0.703437
v 10.907352 5.895929 0.703437
v 10.906358 5.890724 0.661325
v 10.906722 5.895553 0.661325
vn -0.258500 -0.727867 0.635128
vn -0.623097 -0.284719 0.728481
vn -0.623123 -0.284697 -0.728468
vn -0.258587 -0.727869 -0.635090
vn -0.258587 -0.727869 -0.635090
vn -0.623123 -0.284697 -0.728468
vn 0.843382 -0.059072 -0.534057
vn 0.685206 -0.388632 -0.616002
vn 0.685206 -0.388632 -0.616002
vn 0.843382 -0.059072 -0.534057
vn 0.851304 -0.059558 0.521281
vn 0.693009 -0.385446 0.609238
vn 0.693009 -0.385446 0.609238
vn 0.851304 -0.059558 0.521281
vn -0.623097 -0.284719 0.728481
vn -0.258500 -0.727867 0.635128
vn -0.258587 -0.727869 -0.635090
vn 0.685206 -0.388632 -0.616002
vn 0.693009 -0.385446 0.609238
vn -0.258500 -0.727867 0.635128
s off
g lightTower lightTowerGrp lightGrp4 light2 polySurface10
usemtl SM_Light_Tower_1_JFGSG
f 3201//10085 3202//10086 3204//10087 3203//10088
f 3203//10089 3204//10090 3208//10091 3207//10092
f 3207//10093 3208//10094 3206//10095 3205//10096
f 3205//10097 3206//10098 3202//10099 3201//10100
f 3203//10101 3207//10102 3205//10103 3201//10104
g default
v 10.641251 6.227988 0.518060
v 10.669946 6.245101 0.518060
v 10.648403 6.211874 0.527142
v 10.677098 6.228987 0.527142
v 10.648403 6.211874 0.545307
v 10.677098 6.228987 0.545307
v 10.641251 6.227988 0.554390
v 10.669946 6.245101 0.554390
v 10.634099 6.244102 0.545307
v 10.662794 6.261215 0.545307
v 10.634099 6.244102 0.527142
v 10.662794 6.261215 0.527142
vn -0.550095 -0.244148 -0.798615
vn 0.550097 0.244149 -0.798614
vn 0.869507 -0.290064 -0.399776
vn -0.256118 -0.859993 -0.441379
vn -0.256118 -0.859993 -0.441379
vn 0.869507 -0.290064 -0.399776
vn 0.869506 -0.290064 0.399777
vn -0.256119 -0.859993 0.441379
vn -0.256119 -0.859993 0.441379
vn 0.869506 -0.290064 0.399777
vn 0.550096 0.244148 0.798615
vn -0.550097 -0.244148 0.798614
vn -0.550097 -0.244148 0.798614
vn 0.550096 0.244148 0.798615
vn 0.256117 0.859993 0.441379
vn -0.869507 0.290063 0.399776
vn 0.869507 -0.290064 -0.399776
vn 0.550097 0.244149 -0.798614
vn 0.256118 0.859993 -0.441379
vn 0.256117 0.859993 0.441379
vn 0.550096 0.244148 0.798615
vn 0.869506 -0.290064 0.399777
vn -0.869507 0.290063 0.399776
vn 0.256117 0.859993 0.441379
vn 0.256118 0.859993 -0.441379
vn -0.869507 0.290064 -0.399777
vn -0.869507 0.290064 -0.399777
vn 0.256118 0.859993 -0.441379
vn 0.550097 0.244149 -0.798614
vn -0.550095 -0.244148 -0.798615
vn -0.550095 -0.244148 -0.798615
vn -0.256118 -0.859993 -0.441379
vn -0.256119 -0.859993 0.441379
vn -0.550097 -0.244148 0.798614
vn -0.869507 0.290063 0.399776
vn -0.869507 0.290064 -0.399777
s off
g lightTower lightTowerGrp lightGrp4 light2 polySurface54
usemtl SM_Light_Tower_1_JFGSG
f 3209//10105 3210//10106 3212//10107 3211//10108
f 3211//10109 3212//10110 3214//10111 3213//10112
f 3213//10113 3214//10114 3216//10115 3215//10116
f 3215//10117 3216//10118 3218//10119 3217//10120
f 3212//10121 3210//10122 3220//10123 3218//10124 3216//10125 3214//10126
f 3217//10127 3218//10128 3220//10129 3219//10130
f 3219//10131 3220//10132 3210//10133 3209//10134
f 3209//10135 3211//10136 3213//10137 3215//10138 3217//10139 3219//10140
g default
v 10.828105 6.073064 0.798051
v 10.827933 6.073452 0.787149
v 10.869207 5.985890 0.799639
v 10.869235 5.985828 0.787897
v 10.869306 6.099547 0.792253
v 10.868902 6.099227 0.784628
v 10.910967 6.013639 0.794202
v 10.910563 6.013318 0.785356
vn -0.763881 0.203222 0.612525
vn -0.962333 0.271572 0.012811
vn -0.293644 -0.955907 0.003730
vn -0.216754 -0.712182 0.667694
vn -0.216754 -0.712182 0.667694
vn -0.293644 -0.955907 0.003730
vn 0.971985 -0.231861 -0.038552
vn 0.830511 -0.166231 0.531618
vn 0.830511 -0.166231 0.531618
vn 0.971985 -0.231861 -0.038552
vn 0.310395 0.950032 -0.033078
vn 0.286516 0.768947 0.571514
vn 0.286516 0.768947 0.571514
vn 0.310395 0.950032 -0.033078
vn -0.962333 0.271572 0.012811
vn -0.763881 0.203222 0.612525
vn -0.216754 -0.712182 0.667694
vn 0.830511 -0.166231 0.531618
vn 0.286516 0.768947 0.571514
vn -0.763881 0.203222 0.612525
s off
g lightTower lightTowerGrp lightGrp4 light2 polySurface13
usemtl SM_Light_Tower_1_JFGSG
f 3221//10141 3222//10142 3224//10143 3223//10144
f 3223//10145 3224//10146 3228//10147 3227//10148
f 3227//10149 3228//10150 3226//10151 3225//10152
f 3225//10153 3226//10154 3222//10155 3221//10156
f 3223//10157 3227//10158 3225//10159 3221//10160
g default
v 10.893319 5.886517 1.229151
v 10.780764 6.140116 1.229151
v 10.893319 5.886517 1.000818
v 10.780764 6.140116 1.000818
v 10.914076 5.898897 1.229151
v 10.801522 6.152495 1.229151
v 10.914076 5.898897 1.000818
v 10.801522 6.152495 1.000818
v 10.830927 6.154976 1.009729
v 10.932914 5.925187 1.009729
v 10.932914 5.925187 1.223237
v 10.830927 6.154976 1.223237
v 10.873299 6.139553 1.023221
v 10.946724 5.974116 1.023221
v 10.946724 5.974116 1.209502
v 10.873299 6.139553 1.209502
v 10.906189 6.113300 1.043932
v 10.947421 6.020399 1.043932
v 10.947421 6.020399 1.188185
v 10.906189 6.113300 1.188185
vn 0.342389 -0.574113 -0.743750
vn -0.342389 0.574112 -0.743751
vn -0.132101 0.668697 -0.731706
vn 0.534436 -0.464624 -0.706047
vn 0.534436 -0.464624 -0.706047
vn -0.132101 0.668697 -0.731706
vn 0.260320 0.730832 -0.630967
vn 0.779346 -0.224551 -0.584976
vn 0.519605 -0.484973 0.703429
vn -0.160410 0.668018 0.726651
vn -0.342389 0.574113 0.743750
vn 0.342389 -0.574112 0.743751
vn 0.342389 -0.574113 -0.743750
vn 0.534436 -0.464624 -0.706047
vn 0.519605 -0.484973 0.703429
vn 0.342389 -0.574112 0.743751
vn -0.132101 0.668697 -0.731706
vn -0.342389 0.574112 -0.743751
vn -0.342389 0.574113 0.743750
vn -0.160410 0.668018 0.726651
vn 0.228116 0.712113 0.663972
vn 0.749261 -0.236565 0.618582
vn 0.850116 0.008964 0.526518
vn 0.535972 0.630581 0.561339
vn -0.160410 0.668018 0.726651
vn 0.519605 -0.484973 0.703429
vn 0.749261 -0.236565 0.618582
vn 0.228116 0.712113 0.663972
vn 0.519605 -0.484973 0.703429
vn 0.534436 -0.464624 -0.706047
vn 0.779346 -0.224551 -0.584976
vn 0.749261 -0.236565 0.618582
vn -0.132101 0.668697 -0.731706
vn -0.160410 0.668018 0.726651
vn 0.228116 0.712113 0.663972
vn 0.260320 0.730832 -0.630967
vn 0.533071 0.630405 -0.564292
vn 0.535972 0.630581 0.561339
vn 0.791141 0.529083 0.306867
vn 0.789309 0.527796 -0.313725
vn 0.749261 -0.236565 0.618582
vn 0.779346 -0.224551 -0.584976
vn 0.848403 0.007150 -0.529303
vn 0.850116 0.008964 0.526518
vn 0.260320 0.730832 -0.630967
vn 0.228116 0.712113 0.663972
vn 0.535972 0.630581 0.561339
vn 0.533071 0.630405 -0.564292
vn 0.779346 -0.224551 -0.584976
vn 0.260320 0.730832 -0.630967
vn 0.533071 0.630405 -0.564292
vn 0.848403 0.007150 -0.529303
vn 0.922821 0.238378 -0.302617
vn 0.789309 0.527796 -0.313725
vn 0.791141 0.529083 0.306867
vn 0.924857 0.238856 0.295951
vn 0.848403 0.007150 -0.529303
vn 0.533071 0.630405 -0.564292
vn 0.789309 0.527796 -0.313725
vn 0.922821 0.238378 -0.302617
vn 0.535972 0.630581 0.561339
vn 0.850116 0.008964 0.526518
vn 0.924857 0.238856 0.295951
vn 0.791141 0.529083 0.306867
vn 0.850116 0.008964 0.526518
vn 0.848403 0.007150 -0.529303
vn 0.922821 0.238378 -0.302617
vn 0.924857 0.238856 0.295951
s off
g lightTower lightTowerGrp lightGrp4 polySurface5 light1
usemtl SM_Light_Tower_1_JFGSG
f 3231//10161 3232//10162 3236//10163 3235//10164
f 3235//10165 3236//10166 3237//10167 3238//10168
f 3233//10169 3234//10170 3230//10171 3229//10172
f 3231//10173 3235//10174 3233//10175 3229//10176
f 3236//10177 3232//10178 3230//10179 3234//10180
f 3240//10181 3239//10182 3243//10183 3244//10184
f 3234//10185 3233//10186 3239//10187 3240//10188
f 3233//10189 3235//10190 3238//10191 3239//10192
f 3236//10193 3234//10194 3240//10195 3237//10196
f 3241//10197 3244//10198 3248//10199 3245//10200
f 3239//10201 3238//10202 3242//10203 3243//10204
f 3237//10205 3240//10206 3244//10207 3241//10208
f 3238//10209 3237//10210 3241//10211 3242//10212
f 3246//10213 3245//10214 3248//10215 3247//10216
f 3242//10217 3241//10218 3245//10219 3246//10220
f 3244//10221 3243//10222 3247//10223 3248//10224
f 3243//10225 3242//10226 3246//10227 3247//10228
g default
v 10.865200 5.882191 1.227395
v 10.758845 6.121822 1.227395
v 10.865200 5.882191 0.994949
v 10.758845 6.121822 0.994949
v 10.894839 5.880986 1.241971
v 10.775232 6.150476 1.241971
v 10.894839 5.880986 0.980374
v 10.775232 6.150476 0.980374
v 10.871826 5.867261 0.980374
v 10.871826 5.867261 1.241971
v 10.752219 6.136752 1.241971
v 10.752219 6.136752 0.980374
v 10.882453 5.892481 0.994949
v 10.882453 5.892481 1.227395
v 10.776098 6.132111 1.227395
v 10.776098 6.132111 0.994949
vn -0.710406 -0.627130 -0.319423
vn -0.710406 -0.627130 0.319423
vn -0.271769 -0.731311 0.625560
vn -0.271769 -0.731312 -0.625560
vn -0.271769 -0.731312 -0.625560
vn -0.785427 0.217218 -0.579587
vn 0.271769 0.731311 -0.625560
vn 0.785427 -0.217218 -0.579587
vn 0.785427 -0.217218 -0.579587
vn 0.271769 0.731311 -0.625560
vn 0.271769 0.731312 0.625560
vn 0.785427 -0.217218 0.579587
vn 0.785427 -0.217218 0.579587
vn 0.271769 0.731312 0.625560
vn -0.785427 0.217218 0.579587
vn -0.271769 -0.731311 0.625560
vn -0.271769 -0.731312 -0.625560
vn 0.785427 -0.217218 -0.579587
vn 0.785427 -0.217218 0.579587
vn -0.271769 -0.731311 0.625560
vn 0.271769 0.731311 -0.625560
vn -0.785427 0.217218 -0.579587
vn -0.785427 0.217218 0.579587
vn 0.271769 0.731312 0.625560
vn -0.945370 -0.126107 -0.300620
vn -0.945370 -0.126107 0.300620
vn -0.271769 -0.731312 -0.625560
vn -0.271769 -0.731311 0.625560
vn -0.710406 -0.627130 -0.319423
vn -0.945370 -0.126107 -0.300620
vn -0.271769 -0.731311 0.625560
vn -0.785427 0.217218 0.579587
vn -0.710406 -0.627130 0.319423
vn -0.710406 -0.627130 -0.319423
vn -0.785427 0.217218 0.579587
vn -0.785427 0.217218 -0.579587
vn -0.945370 -0.126107 0.300620
vn -0.710406 -0.627130 0.319423
vn -0.785427 0.217218 -0.579587
vn -0.271769 -0.731312 -0.625560
vn -0.785427 0.217218 -0.579587
vn -0.271769 -0.731312 -0.625560
vn -0.271769 -0.731311 0.625560
vn -0.785427 0.217218 0.579587
vn -0.945370 -0.126107 0.300620
vn -0.945370 -0.126107 -0.300620
vn -0.785427 0.217218 -0.579587
vn -0.785427 0.217218 0.579587
vn -0.710406 -0.627130 0.319423
vn -0.945370 -0.126107 0.300620
vn -0.785427 0.217218 0.579587
vn -0.271769 -0.731311 0.625560
vn -0.945370 -0.126107 -0.300620
vn -0.710406 -0.627130 -0.319423
vn -0.271769 -0.731312 -0.625560
vn -0.785427 0.217218 -0.579587
s off
g lightTower lightTowerGrp lightGrp4 light1 polySurface4
usemtl SM_Light_Tower_1_JFGSG
f 3250//10229 3252//10230 3264//10231 3263//10232
f 3257//10233 3260//10234 3256//10235 3255//10236
f 3255//10237 3256//10238 3254//10239 3253//10240
f 3253//10241 3254//10242 3259//10243 3258//10244
f 3257//10245 3255//10246 3253//10247 3258//10248
f 3256//10249 3260//10250 3259//10251 3254//10252
f 3249//10253 3251//10254 3257//10255 3258//10256
f 3250//10257 3249//10258 3258//10259 3259//10260
f 3252//10261 3250//10262 3259//10263 3260//10264
f 3251//10265 3252//10266 3260//10267 3257//10268
f 3262//10269 3263//10270 3264//10271 3261//10272
f 3251//10273 3249//10274 3262//10275 3261//10276
f 3252//10277 3251//10278 3261//10279 3264//10280
f 3249//10281 3250//10282 3263//10283 3262//10284
g default
v 10.639913 6.227190 0.954404
v 10.669946 6.245101 0.954162
v 10.647065 6.211075 0.963487
v 10.677098 6.228987 0.963244
v 10.647065 6.211075 0.981651
v 10.677098 6.228987 0.981409
v 10.639913 6.227190 0.990734
v 10.669946 6.245101 0.990492
v 10.632761 6.243304 0.981651
v 10.662794 6.261215 0.981409
v 10.632761 6.243304 0.963487
v 10.662794 6.261215 0.963244
vn -0.552548 -0.245236 -0.796587
vn 0.547644 0.243060 -0.800630
vn 0.868409 -0.290714 -0.401685
vn -0.257540 -0.860601 -0.439362
vn -0.257540 -0.860601 -0.439362
vn 0.868409 -0.290714 -0.401685
vn 0.870596 -0.289421 0.397868
vn -0.254686 -0.859381 0.443395
vn -0.254686 -0.859381 0.443395
vn 0.870596 -0.289421 0.397868
vn 0.552548 0.245236 0.796587
vn -0.547644 -0.243060 0.800630
vn -0.547644 -0.243060 0.800630
vn 0.552548 0.245236 0.796587
vn 0.257539 0.860601 0.439362
vn -0.868410 0.290713 0.401685
vn 0.868409 -0.290714 -0.401685
vn 0.547644 0.243060 -0.800630
vn 0.254686 0.859381 -0.443395
vn 0.257539 0.860601 0.439362
vn 0.552548 0.245236 0.796587
vn 0.870596 -0.289421 0.397868
vn -0.868410 0.290713 0.401685
vn 0.257539 0.860601 0.439362
vn 0.254686 0.859381 -0.443395
vn -0.870596 0.289421 -0.397868
vn -0.870596 0.289421 -0.397868
vn 0.254686 0.859381 -0.443395
vn 0.547644 0.243060 -0.800630
vn -0.552548 -0.245236 -0.796587
vn -0.552548 -0.245236 -0.796587
vn -0.257540 -0.860601 -0.439362
vn -0.254686 -0.859381 0.443395
vn -0.547644 -0.243060 0.800630
vn -0.868410 0.290713 0.401685
vn -0.870596 0.289421 -0.397868
s off
g lightTower lightTowerGrp lightGrp4 light1 polySurface56
usemtl SM_Light_Tower_1_JFGSG
f 3265//10285 3266//10286 3268//10287 3267//10288
f 3267//10289 3268//10290 3270//10291 3269//10292
f 3269//10293 3270//10294 3272//10295 3271//10296
f 3271//10297 3272//10298 3274//10299 3273//10300
f 3268//10301 3266//10302 3276//10303 3274//10304 3272//10305 3270//10306
f 3273//10307 3274//10308 3276//10309 3275//10310
f 3275//10311 3276//10312 3266//10313 3265//10314
f 3265//10315 3267//10316 3269//10317 3271//10318 3273//10319 3275//10320
g default
v 10.641251 6.227988 1.234126
v 10.669946 6.245101 1.234126
v 10.648403 6.211874 1.243208
v 10.677098 6.228987 1.243208
v 10.648403 6.211874 1.261373
v 10.677098 6.228987 1.261373
v 10.641251 6.227988 1.270456
v 10.669946 6.245101 1.270456
v 10.634099 6.244102 1.261373
v 10.662794 6.261215 1.261373
v 10.634099 6.244102 1.243208
v 10.662794 6.261215 1.243208
vn -0.550095 -0.244148 -0.798616
vn 0.550098 0.244149 -0.798613
vn 0.869506 -0.290064 -0.399777
vn -0.256118 -0.859993 -0.441379
vn -0.256118 -0.859993 -0.441379
vn 0.869506 -0.290064 -0.399777
vn 0.869506 -0.290064 0.399777
vn -0.256119 -0.859993 0.441379
vn -0.256119 -0.859993 0.441379
vn 0.869506 -0.290064 0.399777
vn 0.550096 0.244148 0.798615
vn -0.550097 -0.244149 0.798614
vn -0.550097 -0.244149 0.798614
vn 0.550096 0.244148 0.798615
vn 0.256119 0.859993 0.441379
vn -0.869506 0.290065 0.399777
vn 0.869506 -0.290064 -0.399777
vn 0.550098 0.244149 -0.798613
vn 0.256119 0.859993 -0.441379
vn 0.256119 0.859993 0.441379
vn 0.550096 0.244148 0.798615
vn 0.869506 -0.290064 0.399777
vn -0.869506 0.290065 0.399777
vn 0.256119 0.859993 0.441379
vn 0.256119 0.859993 -0.441379
vn -0.869506 0.290064 -0.399777
vn -0.869506 0.290064 -0.399777
vn 0.256119 0.859993 -0.441379
vn 0.550098 0.244149 -0.798613
vn -0.550095 -0.244148 -0.798616
vn -0.550095 -0.244148 -0.798616
vn -0.256118 -0.859993 -0.441379
vn -0.256119 -0.859993 0.441379
vn -0.550097 -0.244149 0.798614
vn -0.869506 0.290065 0.399777
vn -0.869506 0.290064 -0.399777
s off
g lightTower lightTowerGrp lightGrp4 light1 polySurface53
usemtl SM_Light_Tower_1_JFGSG
f 3277//10321 3278//10322 3280//10323 3279//10324
f 3279//10325 3280//10326 3282//10327 3281//10328
f 3281//10329 3282//10330 3284//10331 3283//10332
f 3283//10333 3284//10334 3286//10335 3285//10336
f 3280//10337 3278//10338 3288//10339 3286//10340 3284//10341 3282//10342
f 3285//10343 3286//10344 3288//10345 3287//10346
f 3287//10347 3288//10348 3278//10349 3277//10350
f 3277//10351 3279//10352 3281//10353 3283//10354 3285//10355 3287//10356
g default
v 10.668761 6.244394 0.986100
v 10.668761 6.244394 1.233601
v 10.668075 6.227995 0.986100
v 10.668075 6.227995 1.233601
v 10.655480 6.220483 0.986100
v 10.655480 6.220483 1.233601
v 10.643571 6.229371 0.986100
v 10.643571 6.229371 1.233601
v 10.644257 6.245771 0.986100
v 10.644257 6.245771 1.233601
v 10.656852 6.253282 0.986100
v 10.656852 6.253282 1.233601
vn 0.999127 -0.041778 0.000000
vn 0.999127 -0.041778 0.000000
vn 0.999127 -0.041778 0.000000
vn 0.999127 -0.041778 0.000000
vn 0.512207 -0.858862 0.000000
vn 0.512207 -0.858862 0.000000
vn 0.512207 -0.858862 0.000000
vn 0.512207 -0.858862 0.000000
vn -0.598118 -0.801408 0.000000
vn -0.598118 -0.801408 0.000000
vn -0.598118 -0.801408 0.000000
vn -0.598118 -0.801408 0.000000
vn -0.999127 0.041778 -0.000000
vn -0.999127 0.041778 -0.000000
vn -0.999127 0.041778 -0.000000
vn -0.999127 0.041778 -0.000000
vn -0.512207 0.858862 -0.000000
vn -0.512207 0.858862 -0.000000
vn -0.512207 0.858862 -0.000000
vn -0.512207 0.858862 -0.000000
vn 0.598118 0.801408 -0.000000
vn 0.598118 0.801408 -0.000000
vn 0.598118 0.801408 -0.000000
vn 0.598118 0.801408 -0.000000
s off
g lightTower lightTowerGrp lightGrp4 light1 polySurface103
usemtl SM_Light_Tower_1_JFGSG
f 3289//10357 3290//10358 3292//10359 3291//10360
f 3291//10361 3292//10362 3294//10363 3293//10364
f 3293//10365 3294//10366 3296//10367 3295//10368
f 3295//10369 3296//10370 3298//10371 3297//10372
f 3297//10373 3298//10374 3300//10375 3299//10376
f 3299//10377 3300//10378 3290//10379 3289//10380
g default
v 10.707059 6.124675 0.976178
v 10.797305 6.178495 0.976178
v 10.708836 6.120672 0.969410
v 10.799081 6.174492 0.969410
v 10.712389 6.112666 0.969410
v 10.802635 6.166487 0.969410
v 10.714165 6.108663 0.976178
v 10.804411 6.162484 0.976178
v 10.712389 6.112666 0.982946
v 10.802635 6.166487 0.982946
v 10.708836 6.120672 0.982946
v 10.799081 6.174492 0.982946
vn -0.512207 0.858862 -0.000000
vn 0.207389 0.978258 -0.000000
vn 0.382365 0.576638 -0.722001
vn -0.235912 0.395575 -0.887618
vn -0.235912 0.395575 -0.887618
vn 0.382365 0.576638 -0.722001
vn 0.726304 -0.063422 -0.684441
vn 0.235918 -0.395584 -0.887612
vn 0.235918 -0.395584 -0.887612
vn 0.726304 -0.063422 -0.684441
vn 0.926650 -0.375926 -0.000000
vn 0.512207 -0.858862 0.000000
vn 0.512207 -0.858862 0.000000
vn 0.926650 -0.375926 -0.000000
vn 0.726304 -0.063422 0.684441
vn 0.235918 -0.395584 0.887612
vn 0.235918 -0.395584 0.887612
vn 0.726304 -0.063422 0.684441
vn 0.382365 0.576639 0.722001
vn -0.235912 0.395575 0.887618
vn -0.235912 0.395575 0.887618
vn 0.382365 0.576639 0.722001
vn 0.207389 0.978258 -0.000000
vn -0.512207 0.858862 -0.000000
vn 0.382365 0.576638 -0.722001
vn 0.207389 0.978258 -0.000000
vn 0.382365 0.576639 0.722001
vn 0.726304 -0.063422 0.684441
vn 0.926650 -0.375926 -0.000000
vn 0.726304 -0.063422 -0.684441
s off
g lightTower lightTowerGrp lightGrp4 light1 polySurface64
usemtl SM_Light_Tower_1_JFGSG
f 3301//10381 3302//10382 3304//10383 3303//10384
f 3303//10385 3304//10386 3306//10387 3305//10388
f 3305//10389 3306//10390 3308//10391 3307//10392
f 3307//10393 3308//10394 3310//10395 3309//10396
f 3309//10397 3310//10398 3312//10399 3311//10400
f 3311//10401 3312//10402 3302//10403 3301//10404
f 3304//10405 3302//10406 3312//10407 3310//10408 3308//10409 3306//10410
g default
v 10.799199 6.180632 0.976495
v 10.799199 6.180632 1.245765
v 10.807728 6.180153 0.976495
v 10.807728 6.180153 1.245765
v 10.811634 6.171351 0.976495
v 10.811634 6.171351 1.245765
v 10.807012 6.163028 0.976495
v 10.807012 6.163028 1.245765
v 10.798483 6.163507 0.976495
v 10.798483 6.163507 1.245765
v 10.794576 6.172309 0.976495
v 10.794576 6.172309 1.245765
vn -0.512207 0.858862 -0.000000
vn -0.389019 0.652302 0.650512
vn 0.456801 0.612063 0.645533
vn 0.598117 0.801409 -0.000000
vn 0.598117 0.801409 -0.000000
vn 0.456801 0.612063 0.645533
vn 0.793462 -0.033179 0.607714
vn 0.999127 -0.041779 0.000000
vn 0.999127 -0.041779 0.000000
vn 0.793462 -0.033179 0.607714
vn 0.389019 -0.652302 0.650513
vn 0.512207 -0.858862 0.000000
vn 0.512207 -0.858862 0.000000
vn 0.389019 -0.652302 0.650513
vn -0.456802 -0.612061 0.645533
vn -0.598117 -0.801409 0.000000
vn -0.598117 -0.801409 0.000000
vn -0.456802 -0.612061 0.645533
vn -0.793463 0.033180 0.607714
vn -0.999127 0.041779 -0.000000
vn -0.999127 0.041779 -0.000000
vn -0.793463 0.033180 0.607714
vn -0.389019 0.652302 0.650512
vn -0.512207 0.858862 -0.000000
vn 0.456801 0.612063 0.645533
vn -0.389019 0.652302 0.650512
vn -0.793463 0.033180 0.607714
vn -0.456802 -0.612061 0.645533
vn 0.389019 -0.652302 0.650513
vn 0.793462 -0.033179 0.607714
s off
g lightTower lightTowerGrp lightGrp4 light1 polySurface65
usemtl SM_Light_Tower_1_JFGSG
f 3313//10411 3314//10412 3316//10413 3315//10414
f 3315//10415 3316//10416 3318//10417 3317//10418
f 3317//10419 3318//10420 3320//10421 3319//10422
f 3319//10423 3320//10424 3322//10425 3321//10426
f 3321//10427 3322//10428 3324//10429 3323//10430
f 3323//10431 3324//10432 3314//10433 3313//10434
f 3316//10435 3314//10436 3324//10437 3322//10438 3320//10439 3318//10440
g default
v 10.964042 5.705140 1.252029
v 10.985057 5.721568 1.252029
v 10.966547 5.699494 1.242482
v 10.988287 5.714290 1.239722
v 10.971559 5.688202 1.242482
v 10.994747 5.699735 1.239722
v 10.974065 5.682556 1.252029
v 10.997978 5.692457 1.252029
v 10.971559 5.688202 1.261575
v 10.994747 5.699735 1.264335
v 10.966547 5.699494 1.261575
v 10.988287 5.714290 1.264335
v 10.663175 6.253309 1.252029
v 10.730120 6.293404 1.252029
v 10.665356 6.248394 1.243718
v 10.732331 6.288422 1.243605
v 10.669719 6.238564 1.243718
v 10.736754 6.278458 1.243605
v 10.671900 6.233650 1.252029
v 10.738965 6.273476 1.252029
v 10.669719 6.238564 1.260339
v 10.736754 6.278458 1.260452
v 10.665356 6.248394 1.260339
v 10.732331 6.288422 1.260452
v 10.982268 5.729543 1.252029
v 10.742564 6.269627 1.252029
v 10.987968 5.732942 1.240857
v 10.748264 6.273026 1.240857
v 10.999368 5.739741 1.240857
v 10.759663 6.279825 1.240857
v 11.005068 5.743140 1.252029
v 10.765363 6.283224 1.252029
v 10.999368 5.739741 1.263201
v 10.759663 6.279825 1.263201
v 10.987968 5.732942 1.263201
v 10.748264 6.273026 1.263201
v 10.987842 5.720978 1.252029
v 10.994492 5.719739 1.263768
v 11.013079 5.715101 1.263768
v 11.019729 5.713862 1.252029
v 11.013079 5.715101 1.240290
v 10.994492 5.719739 1.240290
v 10.753804 6.301087 1.242231
v 10.743626 6.279564 1.242231
v 10.741881 6.275373 1.252029
v 10.743626 6.279564 1.261826
v 10.753804 6.301087 1.261826
v 10.755549 6.305277 1.252029
vn -0.615890 0.787832 -0.000000
vn -0.542306 0.840181 -0.000000
vn -0.264406 0.379169 -0.886747
vn -0.344047 0.342421 -0.874288
vn -0.344047 0.342421 -0.874288
vn -0.264406 0.379169 -0.886747
vn 0.248152 -0.415341 -0.875164
vn 0.116278 -0.446157 -0.887369
vn 0.116278 -0.446157 -0.887369
vn 0.248152 -0.415341 -0.875164
vn 0.543044 -0.839704 -0.000001
vn 0.382525 -0.923945 -0.000001
vn 0.382525 -0.923945 -0.000001
vn 0.543044 -0.839704 -0.000001
vn 0.248153 -0.415341 0.875164
vn 0.116281 -0.446157 0.887368
vn 0.116281 -0.446157 0.887368
vn 0.248153 -0.415341 0.875164
vn -0.264405 0.379170 0.886747
vn -0.344046 0.342420 0.874289
vn -0.344046 0.342420 0.874289
vn -0.264405 0.379170 0.886747
vn -0.542306 0.840181 -0.000000
vn -0.615890 0.787832 -0.000000
vn -0.513811 0.857903 -0.000000
vn -0.493718 0.869622 0.000000
vn -0.272538 0.430098 -0.860662
vn -0.237475 0.394833 -0.887532
vn -0.237475 0.394833 -0.887532
vn -0.272538 0.430098 -0.860662
vn 0.131216 -0.414833 -0.900387
vn 0.234355 -0.396323 -0.887697
vn 0.234355 -0.396323 -0.887697
vn 0.131216 -0.414833 -0.900387
vn 0.372811 -0.927907 0.000000
vn 0.510603 -0.859816 0.000000
vn 0.510603 -0.859816 0.000000
vn 0.372811 -0.927907 0.000000
vn 0.131215 -0.414832 0.900387
vn 0.234356 -0.396323 0.887697
vn 0.234356 -0.396323 0.887697
vn 0.131215 -0.414832 0.900387
vn -0.272538 0.430099 0.860661
vn -0.237475 0.394833 0.887532
vn -0.237475 0.394833 0.887532
vn -0.272538 0.430099 0.860661
vn -0.493718 0.869622 0.000000
vn -0.513811 0.857903 -0.000000
vn -0.897872 -0.440256 0.000000
vn -0.924759 -0.380552 0.000000
vn -0.461641 -0.156788 -0.873101
vn -0.459528 -0.217849 -0.861032
vn -0.459528 -0.217849 -0.861032
vn -0.461641 -0.156788 -0.873101
vn 0.426875 0.208472 -0.879953
vn 0.440720 0.223983 -0.869251
vn 0.440720 0.223983 -0.869251
vn 0.426875 0.208472 -0.879953
vn 0.925476 0.378806 -0.000000
vn 0.898638 0.438691 0.000000
vn 0.898638 0.438691 0.000000
vn 0.925476 0.378806 -0.000000
vn 0.426875 0.208473 0.879953
vn 0.440720 0.223984 0.869251
vn 0.440720 0.223984 0.869251
vn 0.426875 0.208473 0.879953
vn -0.461641 -0.156787 0.873101
vn -0.459528 -0.217849 0.861032
vn -0.459528 -0.217849 0.861032
vn -0.461641 -0.156787 0.873101
vn -0.924759 -0.380552 0.000000
vn -0.897872 -0.440256 0.000000
vn 0.211945 0.557362 -0.802762
vn -0.270618 -0.223408 -0.936405
vn 0.131216 -0.414833 -0.900387
vn -0.272538 0.430098 -0.860662
vn -0.270618 -0.223408 -0.936405
vn -0.513777 -0.857924 0.000000
vn 0.372811 -0.927907 0.000000
vn 0.131216 -0.414833 -0.900387
vn -0.513777 -0.857924 0.000000
vn -0.270619 -0.223406 0.936405
vn 0.131215 -0.414832 0.900387
vn 0.372811 -0.927907 0.000000
vn -0.270619 -0.223406 0.936405
vn 0.211944 0.557362 0.802762
vn -0.272538 0.430099 0.860661
vn 0.131215 -0.414832 0.900387
vn 0.211944 0.557362 0.802762
vn 0.414642 0.909985 0.000000
vn -0.493718 0.869622 0.000000
vn -0.272538 0.430099 0.860661
vn 0.414642 0.909985 0.000000
vn 0.211945 0.557362 -0.802762
vn -0.272538 0.430098 -0.860662
vn -0.493718 0.869622 0.000000
vn -0.459528 -0.217849 -0.861032
vn 0.440720 0.223983 -0.869251
vn 0.605577 -0.087313 -0.790983
vn -0.231347 0.097036 -0.968020
vn 0.440720 0.223983 -0.869251
vn 0.898638 0.438691 0.000000
vn 0.989299 -0.145903 -0.000000
vn 0.605577 -0.087313 -0.790983
vn 0.898638 0.438691 0.000000
vn 0.440720 0.223984 0.869251
vn 0.605577 -0.087313 0.790983
vn 0.989299 -0.145903 -0.000000
vn 0.440720 0.223984 0.869251
vn -0.459528 -0.217849 0.861032
vn -0.231347 0.097036 0.968020
vn 0.605577 -0.087313 0.790983
vn -0.459528 -0.217849 0.861032
vn -0.897872 -0.440256 0.000000
vn -0.951890 0.306439 -0.000000
vn -0.231347 0.097036 0.968020
vn -0.897872 -0.440256 0.000000
vn -0.459528 -0.217849 -0.861032
vn -0.231347 0.097036 -0.968020
vn -0.951890 0.306439 -0.000000
vn -0.231347 0.097036 0.968020
vn -0.951890 0.306439 -0.000000
vn -0.542306 0.840181 -0.000000
vn -0.264405 0.379170 0.886747
vn 0.605577 -0.087313 0.790983
vn -0.231347 0.097036 0.968020
vn -0.264405 0.379170 0.886747
vn 0.248153 -0.415341 0.875164
vn 0.989299 -0.145903 -0.000000
vn 0.605577 -0.087313 0.790983
vn 0.248153 -0.415341 0.875164
vn 0.543044 -0.839704 -0.000001
vn 0.605577 -0.087313 -0.790983
vn 0.989299 -0.145903 -0.000000
vn 0.543044 -0.839704 -0.000001
vn 0.248152 -0.415341 -0.875164
vn -0.231347 0.097036 -0.968020
vn 0.605577 -0.087313 -0.790983
vn 0.248152 -0.415341 -0.875164
vn -0.264406 0.379169 -0.886747
vn -0.951890 0.306439 -0.000000
vn -0.231347 0.097036 -0.968020
vn -0.264406 0.379169 -0.886747
vn -0.542306 0.840181 -0.000000
vn 0.925476 0.378806 -0.000000
vn 0.426875 0.208472 -0.879953
vn 0.211945 0.557362 -0.802762
vn 0.414642 0.909985 0.000000
vn 0.426875 0.208473 0.879953
vn 0.925476 0.378806 -0.000000
vn 0.414642 0.909985 0.000000
vn 0.211944 0.557362 0.802762
vn -0.461641 -0.156787 0.873101
vn 0.426875 0.208473 0.879953
vn 0.211944 0.557362 0.802762
vn -0.270619 -0.223406 0.936405
vn -0.924759 -0.380552 0.000000
vn -0.461641 -0.156787 0.873101
vn -0.270619 -0.223406 0.936405
vn -0.513777 -0.857924 0.000000
vn -0.461641 -0.156788 -0.873101
vn -0.924759 -0.380552 0.000000
vn -0.513777 -0.857924 0.000000
vn -0.270618 -0.223408 -0.936405
vn 0.426875 0.208472 -0.879953
vn -0.461641 -0.156788 -0.873101
vn -0.270618 -0.223408 -0.936405
vn 0.211945 0.557362 -0.802762
s off
g lightTower lightTowerGrp lightGrp4 light1 polySurface97
usemtl SM_Light_Tower_1_JFGSG
f 3325//10441 3326//10442 3328//10443 3327//10444
f 3327//10445 3328//10446 3330//10447 3329//10448
f 3329//10449 3330//10450 3332//10451 3331//10452
f 3331//10453 3332//10454 3334//10455 3333//10456
f 3333//10457 3334//10458 3336//10459 3335//10460
f 3335//10461 3336//10462 3326//10463 3325//10464
f 3337//10465 3338//10466 3340//10467 3339//10468
f 3339//10469 3340//10470 3342//10471 3341//10472
f 3341//10473 3342//10474 3344//10475 3343//10476
f 3343//10477 3344//10478 3346//10479 3345//10480
f 3345//10481 3346//10482 3348//10483 3347//10484
f 3347//10485 3348//10486 3338//10487 3337//10488
f 3349//10489 3350//10490 3352//10491 3351//10492
f 3351//10493 3352//10494 3354//10495 3353//10496
f 3353//10497 3354//10498 3356//10499 3355//10500
f 3355//10501 3356//10502 3358//10503 3357//10504
f 3357//10505 3358//10506 3360//10507 3359//10508
f 3359//10509 3360//10510 3350//10511 3349//10512
f 3367//10513 3368//10514 3342//10515 3340//10516
f 3368//10517 3369//10518 3344//10519 3342//10520
f 3369//10521 3370//10522 3346//10523 3344//10524
f 3370//10525 3371//10526 3348//10527 3346//10528
f 3371//10529 3372//10530 3338//10531 3348//10532
f 3372//10533 3367//10534 3340//10535 3338//10536
f 3351//10537 3353//10538 3365//10539 3366//10540
f 3353//10541 3355//10542 3364//10543 3365//10544
f 3355//10545 3357//10546 3363//10547 3364//10548
f 3357//10549 3359//10550 3362//10551 3363//10552
f 3359//10553 3349//10554 3361//10555 3362//10556
f 3349//10557 3351//10558 3366//10559 3361//10560
f 3362//10561 3361//10562 3326//10563 3336//10564
f 3363//10565 3362//10566 3336//10567 3334//10568
f 3364//10569 3363//10570 3334//10571 3332//10572
f 3365//10573 3364//10574 3332//10575 3330//10576
f 3366//10577 3365//10578 3330//10579 3328//10580
f 3361//10581 3366//10582 3328//10583 3326//10584
f 3356//10585 3354//10586 3367//10587 3372//10588
f 3358//10589 3356//10590 3372//10591 3371//10592
f 3360//10593 3358//10594 3371//10595 3370//10596
f 3350//10597 3360//10598 3370//10599 3369//10600
f 3352//10601 3350//10602 3369//10603 3368//10604
f 3354//10605 3352//10606 3368//10607 3367//10608
g default
v 10.724291 6.133606 1.244376
v 10.793918 6.175130 1.244376
v 10.725994 6.129769 1.237888
v 10.795621 6.171293 1.237888
v 10.729400 6.122095 1.237888
v 10.799027 6.163619 1.237888
v 10.731102 6.118258 1.244376
v 10.800729 6.159783 1.244376
v 10.729399 6.122095 1.250864
v 10.799027 6.163619 1.250864
v 10.725994 6.129769 1.250864
v 10.795621 6.171293 1.250864
vn -0.512207 0.858862 -0.000000
vn 0.207391 0.978258 -0.000000
vn 0.382363 0.576641 -0.722000
vn -0.235914 0.395578 -0.887616
vn -0.235914 0.395578 -0.887616
vn 0.382363 0.576641 -0.722000
vn 0.726304 -0.063421 -0.684442
vn 0.235917 -0.395583 -0.887613
vn 0.235917 -0.395583 -0.887613
vn 0.726304 -0.063421 -0.684442
vn 0.926650 -0.375926 0.000003
vn 0.512207 -0.858862 0.000004
vn 0.512207 -0.858862 0.000004
vn 0.926650 -0.375926 0.000003
vn 0.726303 -0.063420 0.684443
vn 0.235916 -0.395580 0.887615
vn 0.235916 -0.395580 0.887615
vn 0.726303 -0.063420 0.684443
vn 0.382363 0.576642 0.722000
vn -0.235914 0.395578 0.887616
vn -0.235914 0.395578 0.887616
vn 0.382363 0.576642 0.722000
vn 0.207391 0.978258 -0.000000
vn -0.512207 0.858862 -0.000000
vn 0.382363 0.576641 -0.722000
vn 0.207391 0.978258 -0.000000
vn 0.382363 0.576642 0.722000
vn 0.726303 -0.063420 0.684443
vn 0.926650 -0.375926 0.000003
vn 0.726304 -0.063421 -0.684442
s off
g lightTower lightTowerGrp lightGrp4 light1 polySurface61
usemtl SM_Light_Tower_1_JFGSG
f 3373//10609 3374//10610 3376//10611 3375//10612
f 3375//10613 3376//10614 3378//10615 3377//10616
f 3377//10617 3378//10618 3380//10619 3379//10620
f 3379//10621 3380//10622 3382//10623 3381//10624
f 3381//10625 3382//10626 3384//10627 3383//10628
f 3383//10629 3384//10630 3374//10631 3373//10632
f 3376//10633 3374//10634 3384//10635 3382//10636 3380//10637 3378//10638
g default
v 10.893528 5.883027 1.130729
v 10.891926 5.886636 1.130729
v 10.893528 5.883027 1.087458
v 10.891926 5.886636 1.087458
v 10.906989 5.891101 1.130135
v 10.907352 5.895929 1.130135
v 10.906358 5.890724 1.088023
v 10.906722 5.895553 1.088023
vn -0.258493 -0.727868 0.635129
vn -0.623096 -0.284721 0.728481
vn -0.623123 -0.284697 -0.728468
vn -0.258581 -0.727869 -0.635093
vn -0.258581 -0.727869 -0.635093
vn -0.623123 -0.284697 -0.728468
vn 0.843383 -0.059072 -0.534056
vn 0.685209 -0.388629 -0.616000
vn 0.685209 -0.388629 -0.616000
vn 0.843383 -0.059072 -0.534056
vn 0.851305 -0.059560 0.521280
vn 0.693012 -0.385444 0.609236
vn 0.693012 -0.385444 0.609236
vn 0.851305 -0.059560 0.521280
vn -0.623096 -0.284721 0.728481
vn -0.258493 -0.727868 0.635129
vn -0.258581 -0.727869 -0.635093
vn 0.685209 -0.388629 -0.616000
vn 0.693012 -0.385444 0.609236
vn -0.258493 -0.727868 0.635129
s off
g lightTower lightTowerGrp lightGrp4 light1 polySurface9
usemtl SM_Light_Tower_1_JFGSG
f 3385//10639 3386//10640 3388//10641 3387//10642
f 3387//10643 3388//10644 3392//10645 3391//10646
f 3391//10647 3392//10648 3390//10649 3389//10650
f 3389//10651 3390//10652 3386//10653 3385//10654
f 3387//10655 3391//10656 3389//10657 3385//10658
g default
v 10.691990 6.119988 0.976290
v 10.709268 6.130292 0.976290
v 10.694715 6.113848 0.965909
v 10.711993 6.124152 0.965909
v 10.700165 6.101568 0.965909
v 10.717443 6.111872 0.965909
v 10.702890 6.095428 0.976290
v 10.720168 6.105733 0.976290
v 10.700165 6.101568 0.986672
v 10.717443 6.111872 0.986672
v 10.694715 6.113848 0.986672
v 10.711993 6.124152 0.986672
vn -0.926649 0.375929 0.000000
vn 0.207392 0.978258 -0.000000
vn 0.382362 0.576642 -0.722000
vn -0.726303 0.063418 -0.684443
vn -0.726303 0.063418 -0.684443
vn 0.382362 0.576642 -0.722000
vn 0.726302 -0.063418 -0.684443
vn -0.382362 -0.576642 -0.721999
vn -0.382362 -0.576642 -0.721999
vn 0.726302 -0.063418 -0.684443
vn 0.926649 -0.375929 -0.000000
vn -0.207392 -0.978258 0.000000
vn -0.207392 -0.978258 0.000000
vn 0.926649 -0.375929 -0.000000
vn 0.726303 -0.063418 0.684443
vn -0.382362 -0.576642 0.722000
vn 0.382362 0.576642 -0.722000
vn 0.207392 0.978258 -0.000000
vn 0.382362 0.576642 0.721999
vn 0.726303 -0.063418 0.684443
vn 0.926649 -0.375929 -0.000000
vn 0.726302 -0.063418 -0.684443
vn -0.382362 -0.576642 0.722000
vn 0.726303 -0.063418 0.684443
vn 0.382362 0.576642 0.721999
vn -0.726302 0.063418 0.684444
vn -0.726302 0.063418 0.684444
vn 0.382362 0.576642 0.721999
vn 0.207392 0.978258 -0.000000
vn -0.926649 0.375929 0.000000
vn -0.926649 0.375929 0.000000
vn -0.726303 0.063418 -0.684443
vn -0.382362 -0.576642 -0.721999
vn -0.207392 -0.978258 0.000000
vn -0.382362 -0.576642 0.722000
vn -0.726302 0.063418 0.684444
s off
g lightTower lightTowerGrp lightGrp4 light1 polySurface63
usemtl SM_Light_Tower_1_JFGSG
f 3393//10659 3394//10660 3396//10661 3395//10662
f 3395//10663 3396//10664 3398//10665 3397//10666
f 3397//10667 3398//10668 3400//10669 3399//10670
f 3399//10671 3400//10672 3402//10673 3401//10674
f 3396//10675 3394//10676 3404//10677 3402//10678 3400//10679 3398//10680
f 3401//10681 3402//10682 3404//10683 3403//10684
f 3403//10685 3404//10686 3394//10687 3393//10688
f 3393//10689 3395//10690 3397//10691 3399//10692 3401//10693 3403//10694
g default
v 10.877654 5.904826 1.211400
v 10.781659 6.121114 1.211400
v 10.877654 5.904826 1.016661
v 10.781659 6.121114 1.016661
v 10.859950 5.894268 1.211400
v 10.763955 6.110556 1.211400
v 10.859950 5.894268 1.016661
v 10.763955 6.110556 1.016661
v 10.747889 6.088134 1.024260
v 10.834871 5.892152 1.024260
v 10.834871 5.892152 1.206356
v 10.747889 6.088134 1.206356
v 10.736111 6.046404 1.035767
v 10.798734 5.905306 1.035767
v 10.798734 5.905306 1.194642
v 10.736111 6.046404 1.194642
v 10.735516 6.006929 1.053431
v 10.770682 5.927696 1.053431
v 10.770682 5.927696 1.176462
v 10.735516 6.006930 1.176461
vn 0.342389 -0.574113 -0.743750
vn 0.132102 -0.668697 -0.731706
vn -0.534436 0.464624 -0.706048
vn -0.342389 0.574112 -0.743751
vn 0.132102 -0.668697 -0.731706
vn -0.260319 -0.730832 -0.630967
vn -0.779346 0.224550 -0.584976
vn -0.534436 0.464624 -0.706048
vn 0.160410 -0.668017 0.726651
vn 0.342389 -0.574112 0.743751
vn -0.342389 0.574113 0.743750
vn -0.519605 0.484973 0.703429
vn 0.342389 -0.574113 -0.743750
vn 0.342389 -0.574112 0.743751
vn 0.160410 -0.668017 0.726651
vn 0.132102 -0.668697 -0.731706
vn -0.534436 0.464624 -0.706048
vn -0.519605 0.484973 0.703429
vn -0.342389 0.574113 0.743750
vn -0.342389 0.574112 -0.743751
vn -0.749262 0.236565 0.618582
vn -0.850117 -0.008964 0.526518
vn -0.535973 -0.630581 0.561339
vn -0.228116 -0.712113 0.663972
vn -0.519605 0.484973 0.703429
vn -0.749262 0.236565 0.618582
vn -0.228116 -0.712113 0.663972
vn 0.160410 -0.668017 0.726651
vn 0.160410 -0.668017 0.726651
vn -0.228116 -0.712113 0.663972
vn -0.260319 -0.730832 -0.630967
vn 0.132102 -0.668697 -0.731706
vn -0.534436 0.464624 -0.706048
vn -0.779346 0.224550 -0.584976
vn -0.749262 0.236565 0.618582
vn -0.519605 0.484973 0.703429
vn -0.848403 -0.007150 -0.529303
vn -0.922821 -0.238378 -0.302617
vn -0.924857 -0.238856 0.295952
vn -0.850117 -0.008964 0.526518
vn -0.228116 -0.712113 0.663972
vn -0.535973 -0.630581 0.561339
vn -0.533071 -0.630405 -0.564292
vn -0.260319 -0.730832 -0.630967
vn -0.779346 0.224550 -0.584976
vn -0.848403 -0.007150 -0.529303
vn -0.850117 -0.008964 0.526518
vn -0.749262 0.236565 0.618582
vn -0.260319 -0.730832 -0.630967
vn -0.533071 -0.630405 -0.564292
vn -0.848403 -0.007150 -0.529303
vn -0.779346 0.224550 -0.584976
vn -0.789308 -0.527797 -0.313725
vn -0.791140 -0.529083 0.306868
vn -0.924857 -0.238856 0.295952
vn -0.922821 -0.238378 -0.302617
vn -0.533071 -0.630405 -0.564292
vn -0.789308 -0.527797 -0.313725
vn -0.922821 -0.238378 -0.302617
vn -0.848403 -0.007150 -0.529303
vn -0.850117 -0.008964 0.526518
vn -0.924857 -0.238856 0.295952
vn -0.791140 -0.529083 0.306868
vn -0.535973 -0.630581 0.561339
vn -0.535973 -0.630581 0.561339
vn -0.791140 -0.529083 0.306868
vn -0.789308 -0.527797 -0.313725
vn -0.533071 -0.630405 -0.564292
s off
g lightTower lightTowerGrp lightGrp4 light1 polySurface8
usemtl SM_Light_Tower_1_JFGSG
f 3407//10695 3411//10696 3412//10697 3408//10698
f 3411//10699 3414//10700 3413//10701 3412//10702
f 3409//10703 3405//10704 3406//10705 3410//10706
f 3407//10707 3405//10708 3409//10709 3411//10710
f 3412//10711 3410//10712 3406//10713 3408//10714
f 3416//10715 3420//10716 3419//10717 3415//10718
f 3410//10719 3416//10720 3415//10721 3409//10722
f 3409//10723 3415//10724 3414//10725 3411//10726
f 3412//10727 3413//10728 3416//10729 3410//10730
f 3417//10731 3421//10732 3424//10733 3420//10734
f 3415//10735 3419//10736 3418//10737 3414//10738
f 3413//10739 3417//10740 3420//10741 3416//10742
f 3414//10743 3418//10744 3417//10745 3413//10746
f 3422//10747 3423//10748 3424//10749 3421//10750
f 3418//10751 3422//10752 3421//10753 3417//10754
f 3420//10755 3424//10756 3423//10757 3419//10758
f 3419//10759 3423//10760 3422//10761 3418//10762
g default
v 10.962341 5.704742 0.971755
v 10.985057 5.721568 0.971755
v 10.964996 5.698761 0.961641
v 10.988287 5.714290 0.959449
v 10.970306 5.686798 0.961641
v 10.994747 5.699735 0.959449
v 10.972960 5.680816 0.971755
v 10.997978 5.692457 0.971755
v 10.970306 5.686798 0.981869
v 10.994747 5.699735 0.984061
v 10.964996 5.698761 0.981869
v 10.988287 5.714290 0.984061
v 10.663175 6.253309 0.971755
v 10.730120 6.293404 0.971755
v 10.665356 6.248394 0.963445
v 10.732331 6.288422 0.963331
v 10.669719 6.238564 0.963445
v 10.736754 6.278458 0.963331
v 10.671900 6.233650 0.971755
v 10.738965 6.273476 0.971755
v 10.669719 6.238564 0.980066
v 10.736754 6.278458 0.980179
v 10.665356 6.248394 0.980066
v 10.732331 6.288422 0.980179
v 10.982268 5.729543 0.971755
v 10.742564 6.269627 0.971755
v 10.987968 5.732942 0.960583
v 10.748264 6.273026 0.960583
v 10.999368 5.739741 0.960583
v 10.759663 6.279825 0.960583
v 11.005068 5.743140 0.971755
v 10.765363 6.283224 0.971755
v 10.999368 5.739741 0.982927
v 10.759663 6.279825 0.982927
v 10.987968 5.732942 0.982927
v 10.748264 6.273026 0.982927
v 10.987842 5.720978 0.971755
v 10.994492 5.719739 0.983494
v 11.013079 5.715101 0.983494
v 11.019729 5.713862 0.971755
v 11.013079 5.715101 0.960016
v 10.994492 5.719739 0.960016
v 10.753804 6.301087 0.961957
v 10.743626 6.279564 0.961957
v 10.741881 6.275373 0.971755
v 10.743626 6.279564 0.981553
v 10.753804 6.301087 0.981553
v 10.755549 6.305277 0.971755
vn -0.595221 0.803562 -0.000001
vn -0.530626 0.847606 0.000000
vn -0.252589 0.385796 -0.887333
vn -0.318814 0.354049 -0.879208
vn -0.318814 0.354049 -0.879208
vn -0.252589 0.385796 -0.887333
vn 0.263123 -0.407088 -0.874669
vn 0.150080 -0.434059 -0.888295
vn 0.150080 -0.434059 -0.888295
vn 0.263123 -0.407088 -0.874669
vn 0.559539 -0.828804 0.000001
vn 0.421868 -0.906657 0.000000
vn 0.421868 -0.906657 0.000000
vn 0.559539 -0.828804 0.000001
vn 0.263120 -0.407089 0.874670
vn 0.150078 -0.434060 0.888295
vn 0.150078 -0.434060 0.888295
vn 0.263120 -0.407089 0.874670
vn -0.252585 0.385798 0.887334
vn -0.318818 0.354048 0.879207
vn -0.318818 0.354048 0.879207
vn -0.252585 0.385798 0.887334
vn -0.530626 0.847606 0.000000
vn -0.595221 0.803562 -0.000001
vn -0.513813 0.857902 0.000000
vn -0.493715 0.869624 0.000000
vn -0.272537 0.430099 -0.860662
vn -0.237475 0.394832 -0.887532
vn -0.237475 0.394832 -0.887532
vn -0.272537 0.430099 -0.860662
vn 0.131206 -0.414836 -0.900387
vn 0.234356 -0.396324 -0.887697
vn 0.234356 -0.396324 -0.887697
vn 0.131206 -0.414836 -0.900387
vn 0.372791 -0.927915 0.000000
vn 0.510604 -0.859816 0.000000
vn 0.510604 -0.859816 0.000000
vn 0.372791 -0.927915 0.000000
vn 0.131206 -0.414835 0.900387
vn 0.234356 -0.396322 0.887697
vn 0.234356 -0.396322 0.887697
vn 0.131206 -0.414835 0.900387
vn -0.272537 0.430099 0.860661
vn -0.237476 0.394833 0.887532
vn -0.237476 0.394833 0.887532
vn -0.272537 0.430099 0.860661
vn -0.493715 0.869624 0.000000
vn -0.513813 0.857902 0.000000
vn -0.897873 -0.440255 0.000000
vn -0.924759 -0.380553 0.000000
vn -0.461641 -0.156788 -0.873101
vn -0.459528 -0.217849 -0.861032
vn -0.459528 -0.217849 -0.861032
vn -0.461641 -0.156788 -0.873101
vn 0.426875 0.208472 -0.879953
vn 0.440720 0.223983 -0.869251
vn 0.440720 0.223983 -0.869251
vn 0.426875 0.208472 -0.879953
vn 0.925476 0.378806 0.000000
vn 0.898638 0.438691 0.000000
vn 0.898638 0.438691 0.000000
vn 0.925476 0.378806 0.000000
vn 0.426875 0.208472 0.879953
vn 0.440720 0.223984 0.869251
vn 0.440720 0.223984 0.869251
vn 0.426875 0.208472 0.879953
vn -0.461640 -0.156788 0.873101
vn -0.459528 -0.217848 0.861032
vn -0.459528 -0.217848 0.861032
vn -0.461640 -0.156788 0.873101
vn -0.924759 -0.380553 0.000000
vn -0.897873 -0.440255 0.000000
vn 0.211947 0.557362 -0.802761
vn -0.270626 -0.223408 -0.936403
vn 0.131206 -0.414836 -0.900387
vn -0.272537 0.430099 -0.860662
vn -0.270626 -0.223408 -0.936403
vn -0.513793 -0.857914 0.000000
vn 0.372791 -0.927915 0.000000
vn 0.131206 -0.414836 -0.900387
vn -0.513793 -0.857914 0.000000
vn -0.270626 -0.223408 0.936403
vn 0.131206 -0.414835 0.900387
vn 0.372791 -0.927915 0.000000
vn -0.270626 -0.223408 0.936403
vn 0.211948 0.557362 0.802761
vn -0.272537 0.430099 0.860661
vn 0.131206 -0.414835 0.900387
vn 0.211948 0.557362 0.802761
vn 0.414646 0.909983 0.000000
vn -0.493715 0.869624 0.000000
vn -0.272537 0.430099 0.860661
vn 0.414646 0.909983 0.000000
vn 0.211947 0.557362 -0.802761
vn -0.272537 0.430099 -0.860662
vn -0.493715 0.869624 0.000000
vn -0.459528 -0.217849 -0.861032
vn 0.440720 0.223983 -0.869251
vn 0.605577 -0.087313 -0.790982
vn -0.231347 0.097036 -0.968020
vn 0.440720 0.223983 -0.869251
vn 0.898638 0.438691 0.000000
vn 0.989299 -0.145904 0.000000
vn 0.605577 -0.087313 -0.790982
vn 0.898638 0.438691 0.000000
vn 0.440720 0.223984 0.869251
vn 0.605575 -0.087314 0.790984
vn 0.989299 -0.145904 0.000000
vn 0.440720 0.223984 0.869251
vn -0.459528 -0.217848 0.861032
vn -0.231342 0.097038 0.968021
vn 0.605575 -0.087314 0.790984
vn -0.459528 -0.217848 0.861032
vn -0.897873 -0.440255 0.000000
vn -0.951888 0.306446 -0.000000
vn -0.231342 0.097038 0.968021
vn -0.897873 -0.440255 0.000000
vn -0.459528 -0.217849 -0.861032
vn -0.231347 0.097036 -0.968020
vn -0.951888 0.306446 -0.000000
vn -0.231342 0.097038 0.968021
vn -0.951888 0.306446 -0.000000
vn -0.530626 0.847606 0.000000
vn -0.252585 0.385798 0.887334
vn 0.605575 -0.087314 0.790984
vn -0.231342 0.097038 0.968021
vn -0.252585 0.385798 0.887334
vn 0.263120 -0.407089 0.874670
vn 0.989299 -0.145904 0.000000
vn 0.605575 -0.087314 0.790984
vn 0.263120 -0.407089 0.874670
vn 0.559539 -0.828804 0.000001
vn 0.605577 -0.087313 -0.790982
vn 0.989299 -0.145904 0.000000
vn 0.559539 -0.828804 0.000001
vn 0.263123 -0.407088 -0.874669
vn -0.231347 0.097036 -0.968020
vn 0.605577 -0.087313 -0.790982
vn 0.263123 -0.407088 -0.874669
vn -0.252589 0.385796 -0.887333
vn -0.951888 0.306446 -0.000000
vn -0.231347 0.097036 -0.968020
vn -0.252589 0.385796 -0.887333
vn -0.530626 0.847606 0.000000
vn 0.925476 0.378806 0.000000
vn 0.426875 0.208472 -0.879953
vn 0.211947 0.557362 -0.802761
vn 0.414646 0.909983 0.000000
vn 0.426875 0.208472 0.879953
vn 0.925476 0.378806 0.000000
vn 0.414646 0.909983 0.000000
vn 0.211948 0.557362 0.802761
vn -0.461640 -0.156788 0.873101
vn 0.426875 0.208472 0.879953
vn 0.211948 0.557362 0.802761
vn -0.270626 -0.223408 0.936403
vn -0.924759 -0.380553 0.000000
vn -0.461640 -0.156788 0.873101
vn -0.270626 -0.223408 0.936403
vn -0.513793 -0.857914 0.000000
vn -0.461641 -0.156788 -0.873101
vn -0.924759 -0.380553 0.000000
vn -0.513793 -0.857914 0.000000
vn -0.270626 -0.223408 -0.936403
vn 0.426875 0.208472 -0.879953
vn -0.461641 -0.156788 -0.873101
vn -0.270626 -0.223408 -0.936403
vn 0.211947 0.557362 -0.802761
s off
g lightTower lightTowerGrp lightGrp4 light1 polySurface95
usemtl SM_Light_Tower_1_JFGSG
f 3425//10763 3426//10764 3428//10765 3427//10766
f 3427//10767 3428//10768 3430//10769 3429//10770
f 3429//10771 3430//10772 3432//10773 3431//10774
f 3431//10775 3432//10776 3434//10777 3433//10778
f 3433//10779 3434//10780 3436//10781 3435//10782
f 3435//10783 3436//10784 3426//10785 3425//10786
f 3437//10787 3438//10788 3440//10789 3439//10790
f 3439//10791 3440//10792 3442//10793 3441//10794
f 3441//10795 3442//10796 3444//10797 3443//10798
f 3443//10799 3444//10800 3446//10801 3445//10802
f 3445//10803 3446//10804 3448//10805 3447//10806
f 3447//10807 3448//10808 3438//10809 3437//10810
f 3449//10811 3450//10812 3452//10813 3451//10814
f 3451//10815 3452//10816 3454//10817 3453//10818
f 3453//10819 3454//10820 3456//10821 3455//10822
f 3455//10823 3456//10824 3458//10825 3457//10826
f 3457//10827 3458//10828 3460//10829 3459//10830
f 3459//10831 3460//10832 3450//10833 3449//10834
f 3467//10835 3468//10836 3442//10837 3440//10838
f 3468//10839 3469//10840 3444//10841 3442//10842
f 3469//10843 3470//10844 3446//10845 3444//10846
f 3470//10847 3471//10848 3448//10849 3446//10850
f 3471//10851 3472//10852 3438//10853 3448//10854
f 3472//10855 3467//10856 3440//10857 3438//10858
f 3451//10859 3453//10860 3465//10861 3466//10862
f 3453//10863 3455//10864 3464//10865 3465//10866
f 3455//10867 3457//10868 3463//10869 3464//10870
f 3457//10871 3459//10872 3462//10873 3463//10874
f 3459//10875 3449//10876 3461//10877 3462//10878
f 3449//10879 3451//10880 3466//10881 3461//10882
f 3462//10883 3461//10884 3426//10885 3436//10886
f 3463//10887 3462//10888 3436//10889 3434//10890
f 3464//10891 3463//10892 3434//10893 3432//10894
f 3465//10895 3464//10896 3432//10897 3430//10898
f 3466//10899 3465//10900 3430//10901 3428//10902
f 3461//10903 3466//10904 3428//10905 3426//10906
f 3456//10907 3454//10908 3467//10909 3472//10910
f 3458//10911 3456//10912 3472//10913 3471//10914
f 3460//10915 3458//10916 3471//10917 3470//10918
f 3450//10919 3460//10920 3470//10921 3469//10922
f 3452//10923 3450//10924 3469//10925 3468//10926
f 3454//10927 3452//10928 3468//10929 3467//10930
g default
v 10.709574 6.129150 1.244658
v 10.725378 6.138575 1.244658
v 10.712067 6.123534 1.235161
v 10.727871 6.132959 1.235161
v 10.717052 6.112301 1.235161
v 10.732856 6.121727 1.235161
v 10.719544 6.106685 1.244658
v 10.735349 6.116110 1.244658
v 10.717052 6.112301 1.254154
v 10.732856 6.121727 1.254154
v 10.712067 6.123534 1.254154
v 10.727871 6.132959 1.254154
vn -0.926649 0.375927 -0.000000
vn 0.207394 0.978257 -0.000000
vn 0.382360 0.576645 -0.721998
vn -0.726304 0.063421 -0.684442
vn -0.726304 0.063421 -0.684442
vn 0.382360 0.576645 -0.721998
vn 0.726303 -0.063418 -0.684443
vn -0.382362 -0.576643 -0.721999
vn -0.382362 -0.576643 -0.721999
vn 0.726303 -0.063418 -0.684443
vn 0.926649 -0.375928 0.000000
vn -0.207392 -0.978258 0.000000
vn -0.207392 -0.978258 0.000000
vn 0.926649 -0.375928 0.000000
vn 0.726303 -0.063418 0.684443
vn -0.382362 -0.576642 0.721999
vn 0.382360 0.576645 -0.721998
vn 0.207394 0.978257 -0.000000
vn 0.382360 0.576645 0.721998
vn 0.726303 -0.063418 0.684443
vn 0.926649 -0.375928 0.000000
vn 0.726303 -0.063418 -0.684443
vn -0.382362 -0.576642 0.721999
vn 0.726303 -0.063418 0.684443
vn 0.382360 0.576645 0.721998
vn -0.726304 0.063421 0.684442
vn -0.726304 0.063421 0.684442
vn 0.382360 0.576645 0.721998
vn 0.207394 0.978257 -0.000000
vn -0.926649 0.375927 -0.000000
vn -0.926649 0.375927 -0.000000
vn -0.726304 0.063421 -0.684442
vn -0.382362 -0.576643 -0.721999
vn -0.207392 -0.978258 0.000000
vn -0.382362 -0.576642 0.721999
vn -0.726304 0.063421 0.684442
s off
g lightTower lightTowerGrp lightGrp4 light1 polySurface62
usemtl SM_Light_Tower_1_JFGSG
f 3473//10931 3474//10932 3476//10933 3475//10934
f 3475//10935 3476//10936 3478//10937 3477//10938
f 3477//10939 3478//10940 3480//10941 3479//10942
f 3479//10943 3480//10944 3482//10945 3481//10946
f 3476//10947 3474//10948 3484//10949 3482//10950 3480//10951 3478//10952
f 3481//10953 3482//10954 3484//10955 3483//10956
f 3483//10957 3484//10958 3474//10959 3473//10960
f 3473//10961 3475//10962 3477//10963 3479//10964 3481//10965 3483//10966
g default
v 10.925551 5.697351 0.971237
v 10.957792 5.716579 0.971237
v 10.929800 5.687777 0.955048
v 10.962041 5.707005 0.955048
v 10.938299 5.668629 0.955048
v 10.970539 5.687857 0.955048
v 10.942548 5.659055 0.971237
v 10.974788 5.678283 0.971237
v 10.938299 5.668629 0.987425
v 10.970539 5.687857 0.987425
v 10.929800 5.687777 0.987425
v 10.962041 5.707005 0.987425
vn -0.926649 0.375929 -0.000000
vn 0.207391 0.978258 -0.000000
vn 0.382363 0.576641 -0.722000
vn -0.726302 0.063417 -0.684444
vn -0.726302 0.063417 -0.684444
vn 0.382363 0.576641 -0.722000
vn 0.726303 -0.063419 -0.684443
vn -0.382361 -0.576643 -0.721999
vn -0.382361 -0.576643 -0.721999
vn 0.726303 -0.063419 -0.684443
vn 0.926649 -0.375928 -0.000000
vn -0.207393 -0.978258 0.000000
vn -0.207393 -0.978258 0.000000
vn 0.926649 -0.375928 -0.000000
vn 0.726303 -0.063419 0.684443
vn -0.382361 -0.576643 0.721999
vn 0.382363 0.576641 -0.722000
vn 0.207391 0.978258 -0.000000
vn 0.382363 0.576642 0.721999
vn 0.726303 -0.063419 0.684443
vn 0.926649 -0.375928 -0.000000
vn 0.726303 -0.063419 -0.684443
vn -0.382361 -0.576643 0.721999
vn 0.726303 -0.063419 0.684443
vn 0.382363 0.576642 0.721999
vn -0.726302 0.063417 0.684444
vn -0.726302 0.063417 0.684444
vn 0.382363 0.576642 0.721999
vn 0.207391 0.978258 -0.000000
vn -0.926649 0.375929 -0.000000
vn -0.926649 0.375929 -0.000000
vn -0.726302 0.063417 -0.684444
vn -0.382361 -0.576643 -0.721999
vn -0.207393 -0.978258 0.000000
vn -0.382361 -0.576643 0.721999
vn -0.726302 0.063417 0.684444
s off
g lightTower lightTowerGrp lightGrp4 light1 polySurface38
usemtl SM_Light_Tower_1_JFGSG
f 3485//10967 3486//10968 3488//10969 3487//10970
f 3487//10971 3488//10972 3490//10973 3489//10974
f 3489//10975 3490//10976 3492//10977 3491//10978
f 3491//10979 3492//10980 3494//10981 3493//10982
f 3488//10983 3486//10984 3496//10985 3494//10986 3492//10987 3490//10988
f 3493//10989 3494//10990 3496//10991 3495//10992
f 3495//10993 3496//10994 3486//10995 3485//10996
f 3485//10997 3487//10998 3489//10999 3491//11000 3493//11001 3495//11002
g default
v 10.964505 5.697371 0.052434
v 10.964505 5.697371 1.311607
v 10.963767 5.679708 0.052434
v 10.963767 5.679708 1.311607
v 10.950201 5.671618 0.052434
v 10.950201 5.671618 1.311607
v 10.937375 5.681191 0.052434
v 10.937375 5.681191 1.311607
v 10.938113 5.698854 0.052434
v 10.938113 5.698854 1.311607
v 10.951679 5.706944 0.052434
v 10.951679 5.706944 1.311607
vn 0.818429 0.363242 -0.445231
vn 0.818429 0.363242 0.445230
vn 0.780987 -0.433780 0.449327
vn 0.780987 -0.433780 -0.449327
vn 0.780987 -0.433780 -0.449327
vn 0.780987 -0.433780 0.449327
vn -0.048936 -0.870939 0.488949
vn -0.048936 -0.870939 -0.488949
vn -0.048936 -0.870939 -0.488949
vn -0.048936 -0.870939 0.488949
vn -0.818429 -0.363241 0.445231
vn -0.818429 -0.363242 -0.445230
vn -0.818429 -0.363242 -0.445230
vn -0.818429 -0.363241 0.445231
vn -0.780987 0.433780 0.449326
vn -0.780987 0.433780 -0.449326
vn 0.780987 -0.433780 0.449327
vn 0.818429 0.363242 0.445230
vn 0.048935 0.870939 0.488948
vn -0.780987 0.433780 0.449326
vn -0.818429 -0.363241 0.445231
vn -0.048936 -0.870939 0.488949
vn -0.780987 0.433780 -0.449326
vn -0.780987 0.433780 0.449326
vn 0.048935 0.870939 0.488948
vn 0.048936 0.870939 -0.488948
vn 0.048936 0.870939 -0.488948
vn 0.048935 0.870939 0.488948
vn 0.818429 0.363242 0.445230
vn 0.818429 0.363242 -0.445231
vn 0.818429 0.363242 -0.445231
vn 0.780987 -0.433780 -0.449327
vn -0.048936 -0.870939 -0.488949
vn -0.818429 -0.363242 -0.445230
vn -0.780987 0.433780 -0.449326
vn 0.048936 0.870939 -0.488948
s off
g lightTower lightTowerGrp lightGrp4 polySurface31 base1
usemtl SM_Light_Tower_1_JFGSG
f 3497//11003 3498//11004 3500//11005 3499//11006
f 3499//11007 3500//11008 3502//11009 3501//11010
f 3501//11011 3502//11012 3504//11013 3503//11014
f 3503//11015 3504//11016 3506//11017 3505//11018
f 3500//11019 3498//11020 3508//11021 3506//11022 3504//11023 3502//11024
f 3505//11025 3506//11026 3508//11027 3507//11028
f 3507//11029 3508//11030 3498//11031 3497//11032
f 3497//11033 3499//11034 3501//11035 3503//11036 3505//11037 3507//11038
g default
v 10.925551 5.697351 1.314338
v 10.957792 5.716579 1.314338
v 10.929800 5.687777 1.298150
v 10.962041 5.707005 1.298150
v 10.938299 5.668629 1.298150
v 10.970539 5.687857 1.298150
v 10.942548 5.659055 1.314338
v 10.974788 5.678283 1.314338
v 10.938299 5.668629 1.330527
v 10.970539 5.687857 1.330527
v 10.929800 5.687777 1.330527
v 10.962041 5.707005 1.330527
vn -0.926649 0.375929 -0.000001
vn 0.207391 0.978258 -0.000001
vn 0.382363 0.576641 -0.722000
vn -0.726302 0.063417 -0.684444
vn -0.726302 0.063417 -0.684444
vn 0.382363 0.576641 -0.722000
vn 0.726303 -0.063420 -0.684443
vn -0.382361 -0.576644 -0.721999
vn -0.382361 -0.576644 -0.721999
vn 0.726303 -0.063420 -0.684443
vn 0.926649 -0.375928 -0.000001
vn -0.207393 -0.978258 -0.000000
vn -0.207393 -0.978258 -0.000000
vn 0.926649 -0.375928 -0.000001
vn 0.726303 -0.063420 0.684442
vn -0.382360 -0.576644 0.721999
vn 0.382363 0.576641 -0.722000
vn 0.207391 0.978258 -0.000001
vn 0.382363 0.576642 0.721999
vn 0.726303 -0.063420 0.684442
vn 0.926649 -0.375928 -0.000001
vn 0.726303 -0.063420 -0.684443
vn -0.382360 -0.576644 0.721999
vn 0.726303 -0.063420 0.684442
vn 0.382363 0.576642 0.721999
vn -0.726303 0.063417 0.684443
vn -0.726303 0.063417 0.684443
vn 0.382363 0.576642 0.721999
vn 0.207391 0.978258 -0.000001
vn -0.926649 0.375929 -0.000001
vn -0.926649 0.375929 -0.000001
vn -0.726302 0.063417 -0.684444
vn -0.382361 -0.576644 -0.721999
vn -0.207393 -0.978258 -0.000000
vn -0.382360 -0.576644 0.721999
vn -0.726303 0.063417 0.684443
s off
g lightTower lightTowerGrp lightGrp4 base1 polySurface39
usemtl SM_Light_Tower_1_JFGSG
f 3509//11039 3510//11040 3512//11041 3511//11042
f 3511//11043 3512//11044 3514//11045 3513//11046
f 3513//11047 3514//11048 3516//11049 3515//11050
f 3515//11051 3516//11052 3518//11053 3517//11054
f 3512//11055 3510//11056 3520//11057 3518//11058 3516//11059 3514//11060
f 3517//11061 3518//11062 3520//11063 3519//11064
f 3519//11065 3520//11066 3510//11067 3509//11068
f 3509//11069 3511//11070 3513//11071 3515//11072 3517//11073 3519//11074
g default
v 10.925551 5.697351 0.041516
v 10.957792 5.716579 0.041516
v 10.929800 5.687777 0.025328
v 10.962041 5.707005 0.025328
v 10.938299 5.668629 0.025328
v 10.970539 5.687857 0.025328
v 10.942548 5.659055 0.041516
v 10.974788 5.678283 0.041516
v 10.938299 5.668629 0.057705
v 10.970539 5.687857 0.057705
v 10.929800 5.687777 0.057705
v 10.962041 5.707005 0.057705
vn -0.926649 0.375929 -0.000001
vn 0.207391 0.978258 -0.000001
vn 0.382363 0.576641 -0.722000
vn -0.726302 0.063417 -0.684444
vn -0.726302 0.063417 -0.684444
vn 0.382363 0.576641 -0.722000
vn 0.726303 -0.063420 -0.684443
vn -0.382361 -0.576644 -0.721999
vn -0.382361 -0.576644 -0.721999
vn 0.726303 -0.063420 -0.684443
vn 0.926649 -0.375928 -0.000001
vn -0.207393 -0.978258 -0.000000
vn -0.207393 -0.978258 -0.000000
vn 0.926649 -0.375928 -0.000001
vn 0.726303 -0.063420 0.684442
vn -0.382360 -0.576644 0.721999
vn 0.382363 0.576641 -0.722000
vn 0.207391 0.978258 -0.000001
vn 0.382363 0.576642 0.721999
vn 0.726303 -0.063420 0.684442
vn 0.926649 -0.375928 -0.000001
vn 0.726303 -0.063420 -0.684443
vn -0.382360 -0.576644 0.721999
vn 0.726303 -0.063420 0.684442
vn 0.382363 0.576642 0.721999
vn -0.726303 0.063417 0.684443
vn -0.726303 0.063417 0.684443
vn 0.382363 0.576642 0.721999
vn 0.207391 0.978258 -0.000001
vn -0.926649 0.375929 -0.000001
vn -0.926649 0.375929 -0.000001
vn -0.726302 0.063417 -0.684444
vn -0.382361 -0.576644 -0.721999
vn -0.207393 -0.978258 -0.000000
vn -0.382360 -0.576644 0.721999
vn -0.726303 0.063417 0.684443
s off
g lightTower lightTowerGrp lightGrp4 base1 polySurface149
usemtl SM_Light_Tower_1_JFGSG
f 3521//11075 3522//11076 3524//11077 3523//11078
f 3523//11079 3524//11080 3526//11081 3525//11082
f 3525//11083 3526//11084 3528//11085 3527//11086
f 3527//11087 3528//11088 3530//11089 3529//11090
f 3524//11091 3522//11092 3532//11093 3530//11094 3528//11095 3526//11096
f 3529//11097 3530//11098 3532//11099 3531//11100
f 3531//11101 3532//11102 3522//11103 3521//11104
f 3521//11105 3523//11106 3525//11107 3527//11108 3529//11109 3531//11110
g default
v 10.962341 5.018685 -1.022767
v 10.985057 5.035511 -1.022767
v 10.964996 5.012703 -1.032881
v 10.988287 5.028233 -1.035073
v 10.970306 5.000740 -1.032881
v 10.994747 5.013677 -1.035073
v 10.972960 4.994759 -1.022767
v 10.997978 5.006399 -1.022767
v 10.970306 5.000740 -1.012653
v 10.994747 5.013677 -1.010461
v 10.964996 5.012703 -1.012653
v 10.988287 5.028233 -1.010461
v 10.663175 5.567252 -1.022767
v 10.730120 5.607346 -1.022767
v 10.665356 5.562337 -1.031077
v 10.732331 5.602364 -1.031191
v 10.669719 5.552507 -1.031077
v 10.736754 5.592400 -1.031191
v 10.671900 5.547592 -1.022767
v 10.738965 5.587418 -1.022767
v 10.669719 5.552507 -1.014457
v 10.736754 5.592400 -1.014343
v 10.665356 5.562337 -1.014457
v 10.732331 5.602364 -1.014343
v 10.982268 5.043486 -1.022767
v 10.742564 5.583570 -1.022767
v 10.987968 5.046885 -1.033939
v 10.748264 5.586969 -1.033939
v 10.999368 5.053683 -1.033939
v 10.759663 5.593767 -1.033939
v 11.005068 5.057083 -1.022767
v 10.765363 5.597167 -1.022767
v 10.999368 5.053683 -1.011595
v 10.759663 5.593767 -1.011595
v 10.987968 5.046885 -1.011595
v 10.748264 5.586969 -1.011595
v 10.987842 5.034921 -1.022767
v 10.994492 5.033682 -1.011028
v 11.013079 5.029044 -1.011028
v 11.019729 5.027805 -1.022767
v 11.013079 5.029044 -1.034506
v 10.994492 5.033682 -1.034506
v 10.753804 5.615029 -1.032565
v 10.743626 5.593506 -1.032565
v 10.741881 5.589316 -1.022767
v 10.743626 5.593506 -1.012969
v 10.753804 5.615029 -1.012969
v 10.755549 5.619220 -1.022767
vn -0.503276 0.679438 -0.533926
vn -0.503276 0.679438 -0.533926
vn -0.503276 0.679438 -0.533926
vn -0.503276 0.679438 -0.533926
vn -0.072393 -0.032130 -0.996858
vn -0.072393 -0.032130 -0.996859
vn -0.072393 -0.032130 -0.996859
vn -0.072393 -0.032130 -0.996858
vn 0.354212 -0.761243 -0.543179
vn 0.354212 -0.761243 -0.543179
vn 0.354212 -0.761243 -0.543179
vn 0.354212 -0.761243 -0.543179
vn 0.354207 -0.761245 0.543179
vn 0.354207 -0.761245 0.543179
vn 0.354207 -0.761245 0.543179
vn 0.354207 -0.761245 0.543179
vn -0.072398 -0.032132 0.996858
vn -0.072398 -0.032132 0.996858
vn -0.072398 -0.032132 0.996858
vn -0.072398 -0.032132 0.996858
vn -0.503278 0.679437 0.533926
vn -0.503278 0.679437 0.533926
vn -0.503278 0.679437 0.533926
vn -0.503278 0.679437 0.533926
vn -0.432325 0.721848 -0.540399
vn -0.432325 0.721848 -0.540399
vn -0.432325 0.721848 -0.540399
vn -0.432325 0.721848 -0.540399
vn -0.001340 -0.000595 -0.999999
vn -0.001340 -0.000595 -0.999999
vn -0.001340 -0.000595 -0.999999
vn -0.001340 -0.000595 -0.999999
vn 0.429576 -0.723373 -0.540552
vn 0.429576 -0.723373 -0.540552
vn 0.429576 -0.723373 -0.540552
vn 0.429576 -0.723373 -0.540552
vn 0.429578 -0.723372 0.540552
vn 0.429578 -0.723372 0.540552
vn 0.429578 -0.723372 0.540552
vn 0.429578 -0.723372 0.540552
vn -0.001339 -0.000594 0.999999
vn -0.001339 -0.000594 0.999999
vn -0.001339 -0.000594 0.999999
vn -0.001339 -0.000594 0.999999
vn -0.432326 0.721848 0.540398
vn -0.432326 0.721848 0.540398
vn -0.432326 0.721848 0.540398
vn -0.432326 0.721848 0.540398
vn -0.787302 -0.349427 -0.507993
vn -0.787302 -0.349427 -0.507993
vn -0.787302 -0.349427 -0.507993
vn -0.787302 -0.349427 -0.507993
vn -0.000000 -0.000000 -1.000000
vn -0.000000 -0.000000 -1.000000
vn -0.000000 -0.000000 -1.000000
vn -0.000000 -0.000000 -1.000000
vn 0.787302 0.349427 -0.507993
vn 0.787302 0.349427 -0.507993
vn 0.787302 0.349427 -0.507993
vn 0.787302 0.349427 -0.507993
vn 0.787302 0.349427 0.507993
vn 0.787302 0.349427 0.507993
vn 0.787302 0.349427 0.507993
vn 0.787302 0.349427 0.507993
vn 0.000000 0.000000 1.000000
vn 0.000000 0.000000 1.000000
vn 0.000000 0.000000 1.000000
vn 0.000000 0.000000 1.000000
vn -0.787302 -0.349427 0.507993
vn -0.787302 -0.349427 0.507993
vn -0.787302 -0.349427 0.507993
vn -0.787302 -0.349427 0.507993
vn -0.105785 0.019340 -0.994201
vn -0.105785 0.019340 -0.994201
vn -0.105785 0.019340 -0.994201
vn -0.105785 0.019340 -0.994201
vn 0.205180 -0.872094 -0.444245
vn 0.205180 -0.872094 -0.444245
vn 0.205180 -0.872094 -0.444245
vn 0.205180 -0.872094 -0.444245
vn 0.205171 -0.872097 0.444244
vn 0.205171 -0.872097 0.444244
vn 0.205171 -0.872097 0.444244
vn 0.205171 -0.872097 0.444244
vn -0.105785 0.019340 0.994201
vn -0.105785 0.019340 0.994201
vn -0.105785 0.019340 0.994201
vn -0.105785 0.019340 0.994201
vn -0.431387 0.801345 0.414431
vn -0.431386 0.801344 0.414431
vn -0.431387 0.801345 0.414431
vn -0.431386 0.801345 0.414431
vn -0.431385 0.801345 -0.414431
vn -0.431385 0.801345 -0.414431
vn -0.431385 0.801345 -0.414431
vn -0.431385 0.801345 -0.414431
vn -0.002079 0.028846 -0.999582
vn -0.002079 0.028846 -0.999582
vn -0.002079 0.028846 -0.999582
vn -0.002079 0.028846 -0.999582
vn 0.783104 0.416930 -0.461430
vn 0.783104 0.416930 -0.461430
vn 0.783104 0.416930 -0.461430
vn 0.783104 0.416930 -0.461430
vn 0.783103 0.416929 0.461433
vn 0.783103 0.416929 0.461433
vn 0.783103 0.416929 0.461433
vn 0.783103 0.416929 0.461433
vn -0.002078 0.028846 0.999582
vn -0.002078 0.028846 0.999582
vn -0.002078 0.028846 0.999582
vn -0.002078 0.028846 0.999582
vn -0.780854 -0.421935 0.460693
vn -0.780854 -0.421935 0.460693
vn -0.780854 -0.421935 0.460693
vn -0.780854 -0.421935 0.460693
vn -0.780854 -0.421935 -0.460694
vn -0.780854 -0.421935 -0.460694
vn -0.780854 -0.421935 -0.460694
vn -0.780853 -0.421935 -0.460694
vn -0.402990 0.797935 0.448217
vn -0.402990 0.797935 0.448217
vn -0.402990 0.797935 0.448217
vn -0.402990 0.797935 0.448217
vn 0.021924 0.028610 0.999350
vn 0.021924 0.028610 0.999350
vn 0.021924 0.028610 0.999350
vn 0.021924 0.028610 0.999350
vn 0.598684 -0.645270 0.474556
vn 0.598684 -0.645270 0.474556
vn 0.598684 -0.645270 0.474556
vn 0.598684 -0.645270 0.474556
vn 0.598682 -0.645272 -0.474556
vn 0.598682 -0.645272 -0.474556
vn 0.598682 -0.645272 -0.474556
vn 0.598682 -0.645272 -0.474556
vn 0.021924 0.028609 -0.999350
vn 0.021924 0.028609 -0.999350
vn 0.021924 0.028609 -0.999350
vn 0.021924 0.028609 -0.999350
vn -0.402982 0.797939 -0.448217
vn -0.402982 0.797939 -0.448217
vn -0.402982 0.797939 -0.448217
vn -0.402982 0.797939 -0.448217
vn 0.849982 0.320818 -0.417859
vn 0.849982 0.320818 -0.417859
vn 0.849982 0.320818 -0.417859
vn 0.849982 0.320818 -0.417859
vn 0.849982 0.320818 0.417860
vn 0.849982 0.320818 0.417860
vn 0.849982 0.320818 0.417860
vn 0.849982 0.320818 0.417860
vn -0.086238 0.065708 0.994105
vn -0.086238 0.065708 0.994105
vn -0.086238 0.065708 0.994105
vn -0.086238 0.065708 0.994105
vn -0.849741 -0.321324 0.417961
vn -0.849741 -0.321324 0.417961
vn -0.849741 -0.321324 0.417961
vn -0.849741 -0.321324 0.417961
vn -0.849742 -0.321325 -0.417959
vn -0.849742 -0.321325 -0.417959
vn -0.849742 -0.321324 -0.417959
vn -0.849742 -0.321324 -0.417959
vn -0.086238 0.065707 -0.994105
vn -0.086238 0.065707 -0.994105
vn -0.086238 0.065707 -0.994105
vn -0.086238 0.065707 -0.994105
s off
g lightTower lightTowerGrp polySurface127 light3 lightGrp5
usemtl SM_Light_Tower_1_JFGSG
f 3533//11111 3534//11112 3536//11113 3535//11114
f 3535//11115 3536//11116 3538//11117 3537//11118
f 3537//11119 3538//11120 3540//11121 3539//11122
f 3539//11123 3540//11124 3542//11125 3541//11126
f 3541//11127 3542//11128 3544//11129 3543//11130
f 3543//11131 3544//11132 3534//11133 3533//11134
f 3545//11135 3546//11136 3548//11137 3547//11138
f 3547//11139 3548//11140 3550//11141 3549//11142
f 3549//11143 3550//11144 3552//11145 3551//11146
f 3551//11147 3552//11148 3554//11149 3553//11150
f 3553//11151 3554//11152 3556//11153 3555//11154
f 3555//11155 3556//11156 3546//11157 3545//11158
f 3557//11159 3558//11160 3560//11161 3559//11162
f 3559//11163 3560//11164 3562//11165 3561//11166
f 3561//11167 3562//11168 3564//11169 3563//11170
f 3563//11171 3564//11172 3566//11173 3565//11174
f 3565//11175 3566//11176 3568//11177 3567//11178
f 3567//11179 3568//11180 3558//11181 3557//11182
f 3575//11183 3576//11184 3550//11185 3548//11186
f 3576//11187 3577//11188 3552//11189 3550//11190
f 3577//11191 3578//11192 3554//11193 3552//11194
f 3578//11195 3579//11196 3556//11197 3554//11198
f 3579//11199 3580//11200 3546//11201 3556//11202
f 3580//11203 3575//11204 3548//11205 3546//11206
f 3559//11207 3561//11208 3573//11209 3574//11210
f 3561//11211 3563//11212 3572//11213 3573//11214
f 3563//11215 3565//11216 3571//11217 3572//11218
f 3565//11219 3567//11220 3570//11221 3571//11222
f 3567//11223 3557//11224 3569//11225 3570//11226
f 3557//11227 3559//11228 3574//11229 3569//11230
f 3570//11231 3569//11232 3534//11233 3544//11234
f 3571//11235 3570//11236 3544//11237 3542//11238
f 3572//11239 3571//11240 3542//11241 3540//11242
f 3573//11243 3572//11244 3540//11245 3538//11246
f 3574//11247 3573//11248 3538//11249 3536//11250
f 3569//11251 3574//11252 3536//11253 3534//11254
f 3564//11255 3562//11256 3575//11257 3580//11258
f 3566//11259 3564//11260 3580//11261 3579//11262
f 3568//11263 3566//11264 3579//11265 3578//11266
f 3558//11267 3568//11268 3578//11269 3577//11270
f 3560//11271 3558//11272 3577//11273 3576//11274
f 3562//11275 3560//11276 3576//11277 3575//11278
g default
v 10.723745 5.448778 -1.292774
v 10.799444 5.493923 -1.292774
v 10.725448 5.444941 -1.299262
v 10.801147 5.490086 -1.299262
v 10.728854 5.437267 -1.299262
v 10.804553 5.482412 -1.299262
v 10.730557 5.433430 -1.292774
v 10.806256 5.478575 -1.292774
v 10.728854 5.437267 -1.286286
v 10.804553 5.482412 -1.286286
v 10.725448 5.444941 -1.286286
v 10.801147 5.490086 -1.286286
vn -0.430950 0.722611 -0.540478
vn -0.430950 0.722611 -0.540478
vn -0.430950 0.722611 -0.540478
vn -0.430950 0.722611 -0.540478
vn 0.000000 -0.000000 -1.000000
vn 0.000000 -0.000000 -1.000000
vn 0.000000 -0.000000 -1.000000
vn 0.000000 -0.000000 -1.000000
vn 0.430954 -0.722618 -0.540465
vn 0.430954 -0.722618 -0.540465
vn 0.430954 -0.722618 -0.540465
vn 0.430954 -0.722618 -0.540465
vn 0.430953 -0.722616 0.540468
vn 0.430953 -0.722616 0.540468
vn 0.430953 -0.722616 0.540468
vn 0.430953 -0.722616 0.540468
vn 0.000000 0.000000 1.000000
vn 0.000000 0.000000 1.000000
vn 0.000000 0.000000 1.000000
vn 0.000000 0.000000 1.000000
vn -0.430951 0.722613 0.540474
vn -0.430951 0.722613 0.540474
vn -0.430951 0.722613 0.540474
vn -0.430951 0.722613 0.540474
vn 0.914020 0.405668 -0.000000
vn 0.914020 0.405668 -0.000000
vn 0.914020 0.405668 -0.000000
vn 0.914020 0.405668 -0.000000
vn 0.914020 0.405668 -0.000000
vn 0.914020 0.405668 -0.000000
s off
g lightTower lightTowerGrp light3 lightGrp5 polySurface113
usemtl SM_Light_Tower_1_JFGSG
f 3581//11279 3582//11280 3584//11281 3583//11282
f 3583//11283 3584//11284 3586//11285 3585//11286
f 3585//11287 3586//11288 3588//11289 3587//11290
f 3587//11291 3588//11292 3590//11293 3589//11294
f 3589//11295 3590//11296 3592//11297 3591//11298
f 3591//11299 3592//11300 3582//11301 3581//11302
f 3584//11303 3582//11304 3592//11305 3590//11306 3588//11307 3586//11308
g default
v 10.893528 5.196969 -1.135615
v 10.891926 5.200579 -1.135615
v 10.893528 5.196969 -1.178886
v 10.891926 5.200579 -1.178886
v 10.906989 5.205043 -1.136209
v 10.907352 5.209872 -1.136209
v 10.906358 5.204667 -1.178321
v 10.906722 5.209496 -1.178321
vn -0.914020 -0.405668 0.000000
vn -0.914020 -0.405668 0.000000
vn -0.914020 -0.405668 0.000000
vn -0.914020 -0.405668 0.000000
vn 0.037583 0.005517 -0.999278
vn 0.037583 0.005517 -0.999278
vn 0.037583 0.005517 -0.999278
vn 0.037583 0.005517 -0.999278
vn 0.997082 -0.074993 -0.014263
vn 0.997082 -0.074993 -0.014263
vn 0.997082 -0.074993 -0.014263
vn 0.997082 -0.074993 -0.014263
vn 0.037739 0.005541 0.999272
vn 0.037739 0.005541 0.999272
vn 0.037739 0.005541 0.999272
vn 0.037739 0.005541 0.999272
vn 0.514386 -0.857558 -0.000022
vn 0.514386 -0.857558 -0.000022
vn 0.514386 -0.857558 -0.000022
vn 0.514386 -0.857559 -0.000022
s off
g lightTower lightTowerGrp light3 lightGrp5 polySurface134
usemtl SM_Light_Tower_1_JFGSG
f 3593//11309 3594//11310 3596//11311 3595//11312
f 3595//11313 3596//11314 3600//11315 3599//11316
f 3599//11317 3600//11318 3598//11319 3597//11320
f 3597//11321 3598//11322 3594//11323 3593//11324
f 3595//11325 3599//11326 3597//11327 3593//11328
g default
v 10.706529 5.438301 -1.025341
v 10.796774 5.492122 -1.025341
v 10.708305 5.434298 -1.032110
v 10.798551 5.488119 -1.032110
v 10.711858 5.426292 -1.032110
v 10.802104 5.480113 -1.032110
v 10.713635 5.422290 -1.025341
v 10.803881 5.476110 -1.025341
v 10.711858 5.426292 -1.018573
v 10.802104 5.480113 -1.018573
v 10.708305 5.434298 -1.018573
v 10.798551 5.488119 -1.018573
vn -0.430948 0.722606 -0.540486
vn -0.430948 0.722606 -0.540486
vn -0.430948 0.722606 -0.540486
vn -0.430948 0.722605 -0.540486
vn -0.000000 -0.000000 -1.000000
vn -0.000000 -0.000000 -1.000000
vn -0.000000 -0.000000 -1.000000
vn -0.000000 -0.000000 -1.000000
vn 0.430955 -0.722619 -0.540463
vn 0.430955 -0.722619 -0.540463
vn 0.430955 -0.722619 -0.540463
vn 0.430955 -0.722619 -0.540463
vn 0.430955 -0.722619 0.540463
vn 0.430955 -0.722619 0.540463
vn 0.430955 -0.722619 0.540463
vn 0.430955 -0.722619 0.540463
vn 0.000000 0.000000 1.000000
vn 0.000000 0.000000 1.000000
vn 0.000000 0.000000 1.000000
vn 0.000000 0.000000 1.000000
vn -0.430946 0.722607 0.540486
vn -0.430946 0.722607 0.540486
vn -0.430946 0.722607 0.540486
vn -0.430946 0.722607 0.540486
vn 0.914020 0.405668 -0.000000
vn 0.914020 0.405668 -0.000000
vn 0.914020 0.405668 -0.000000
vn 0.914020 0.405668 -0.000000
vn 0.914020 0.405668 -0.000000
vn 0.914020 0.405668 -0.000000
s off
g lightTower lightTowerGrp light3 lightGrp5 polySurface139
usemtl SM_Light_Tower_1_JFGSG
f 3601//11329 3602//11330 3604//11331 3603//11332
f 3603//11333 3604//11334 3606//11335 3605//11336
f 3605//11337 3606//11338 3608//11339 3607//11340
f 3607//11341 3608//11342 3610//11343 3609//11344
f 3609//11345 3610//11346 3612//11347 3611//11348
f 3611//11349 3612//11350 3602//11351 3601//11352
f 3604//11353 3602//11354 3612//11355 3610//11356 3608//11357 3606//11358
g default
v 10.893319 5.200460 -1.042177
v 10.780764 5.454058 -1.042177
v 10.893319 5.200460 -1.270509
v 10.780764 5.454058 -1.270509
v 10.914076 5.212839 -1.042177
v 10.801522 5.466438 -1.042177
v 10.914076 5.212839 -1.270509
v 10.801522 5.466438 -1.270509
v 10.830927 5.468919 -1.261599
v 10.932914 5.239129 -1.261599
v 10.932914 5.239129 -1.048091
v 10.830927 5.468919 -1.048091
v 10.873299 5.453495 -1.248107
v 10.946724 5.288058 -1.248107
v 10.946724 5.288058 -1.061825
v 10.873299 5.453495 -1.061826
v 10.906189 5.427242 -1.227396
v 10.947421 5.334342 -1.227396
v 10.947421 5.334342 -1.083143
v 10.906189 5.427242 -1.083143
vn 0.000000 -0.000000 -1.000000
vn 0.000000 -0.000000 -1.000000
vn 0.000000 -0.000000 -1.000000
vn 0.000000 -0.000000 -1.000000
vn 0.278228 0.123485 -0.952544
vn 0.278228 0.123485 -0.952544
vn 0.278228 0.123485 -0.952544
vn 0.278228 0.123485 -0.952544
vn 0.000000 0.000000 1.000000
vn 0.000000 0.000000 1.000000
vn 0.000000 0.000000 1.000000
vn 0.000000 0.000000 1.000000
vn 0.512207 -0.858862 0.000000
vn 0.512207 -0.858862 0.000000
vn 0.512207 -0.858862 0.000000
vn 0.512207 -0.858862 0.000000
vn -0.512207 0.858862 -0.000000
vn -0.512207 0.858862 -0.000000
vn -0.512207 0.858862 -0.000000
vn -0.512207 0.858862 -0.000000
vn 0.356064 0.158032 0.921002
vn 0.356064 0.158032 0.921002
vn 0.356064 0.158032 0.921002
vn 0.356064 0.158032 0.921002
vn 0.189647 0.084171 0.978238
vn 0.189647 0.084171 0.978238
vn 0.189647 0.084171 0.978238
vn 0.189647 0.084171 0.978238
vn 0.812865 -0.582452 0.000000
vn 0.812865 -0.582452 0.000000
vn 0.812865 -0.582452 0.000000
vn 0.812865 -0.582452 0.000000
vn -0.084064 0.996460 -0.000000
vn -0.084064 0.996460 -0.000000
vn -0.084064 0.996460 -0.000000
vn -0.084064 0.996460 -0.000000
vn 0.623835 0.781556 -0.000000
vn 0.623835 0.781556 -0.000000
vn 0.623835 0.781556 -0.000000
vn 0.623835 0.781556 -0.000000
vn 0.962399 -0.271641 0.000000
vn 0.962399 -0.271641 0.000000
vn 0.962399 -0.271641 0.000000
vn 0.962399 -0.271641 0.000000
vn 0.342042 0.939685 -0.000000
vn 0.342042 0.939685 -0.000000
vn 0.342042 0.939685 -0.000000
vn 0.342042 0.939685 -0.000000
vn 0.350708 0.155654 -0.923459
vn 0.350708 0.155654 -0.923459
vn 0.350708 0.155654 -0.923459
vn 0.350708 0.155654 -0.923459
vn 0.914020 0.405668 -0.000000
vn 0.914020 0.405668 -0.000000
vn 0.914020 0.405668 -0.000000
vn 0.914020 0.405668 -0.000000
vn 0.666882 0.295981 -0.683860
vn 0.666882 0.295981 -0.683860
vn 0.666882 0.295981 -0.683860
vn 0.666882 0.295981 -0.683860
vn 0.675795 0.299937 0.673305
vn 0.675795 0.299937 0.673305
vn 0.675795 0.299937 0.673305
vn 0.675795 0.299937 0.673305
vn 0.999887 -0.015049 0.000000
vn 0.999887 -0.015049 0.000000
vn 0.999887 -0.015049 0.000000
vn 0.999887 -0.015049 0.000000
s off
g lightTower lightTowerGrp light3 lightGrp5 polySurface118
usemtl SM_Light_Tower_1_JFGSG
f 3615//11359 3616//11360 3620//11361 3619//11362
f 3619//11363 3620//11364 3621//11365 3622//11366
f 3617//11367 3618//11368 3614//11369 3613//11370
f 3615//11371 3619//11372 3617//11373 3613//11374
f 3620//11375 3616//11376 3614//11377 3618//11378
f 3624//11379 3623//11380 3627//11381 3628//11382
f 3618//11383 3617//11384 3623//11385 3624//11386
f 3617//11387 3619//11388 3622//11389 3623//11390
f 3620//11391 3618//11392 3624//11393 3621//11394
f 3625//11395 3628//11396 3632//11397 3629//11398
f 3623//11399 3622//11400 3626//11401 3627//11402
f 3621//11403 3624//11404 3628//11405 3625//11406
f 3622//11407 3621//11408 3625//11409 3626//11410
f 3630//11411 3629//11412 3632//11413 3631//11414
f 3626//11415 3625//11416 3629//11417 3630//11418
f 3628//11419 3627//11420 3631//11421 3632//11422
f 3627//11423 3626//11424 3630//11425 3631//11426
g default
v 10.641251 5.541931 -1.321586
v 10.669946 5.559044 -1.321586
v 10.648403 5.525816 -1.312504
v 10.677098 5.542929 -1.312504
v 10.648403 5.525816 -1.294339
v 10.677098 5.542929 -1.294339
v 10.641251 5.541931 -1.285256
v 10.669946 5.559044 -1.285256
v 10.634099 5.558045 -1.294339
v 10.662794 5.575158 -1.294339
v 10.634099 5.558045 -1.312504
v 10.662794 5.575158 -1.312504
vn 0.235918 -0.395578 -0.887616
vn 0.235918 -0.395578 -0.887616
vn 0.235918 -0.395578 -0.887616
vn 0.235918 -0.395578 -0.887616
vn 0.512207 -0.858862 0.000000
vn 0.512207 -0.858862 0.000000
vn 0.512207 -0.858862 0.000000
vn 0.512207 -0.858862 0.000000
vn 0.235915 -0.395579 0.887616
vn 0.235915 -0.395579 0.887616
vn 0.235915 -0.395579 0.887616
vn 0.235915 -0.395579 0.887616
vn -0.235918 0.395578 0.887616
vn -0.235918 0.395578 0.887616
vn -0.235918 0.395578 0.887616
vn -0.235918 0.395578 0.887616
vn 0.914020 0.405668 -0.000000
vn 0.914021 0.405668 -0.000000
vn 0.914020 0.405668 -0.000000
vn 0.914020 0.405668 -0.000000
vn 0.914021 0.405668 -0.000000
vn 0.914020 0.405668 -0.000000
vn -0.512213 0.858859 -0.000000
vn -0.512213 0.858859 -0.000000
vn -0.512213 0.858859 -0.000000
vn -0.512213 0.858859 -0.000000
vn -0.235915 0.395579 -0.887616
vn -0.235915 0.395579 -0.887616
vn -0.235915 0.395579 -0.887616
vn -0.235915 0.395579 -0.887616
vn -0.914020 -0.405668 0.000000
vn -0.914020 -0.405668 0.000000
vn -0.914020 -0.405668 0.000000
vn -0.914020 -0.405668 0.000000
vn -0.914020 -0.405668 0.000000
vn -0.914020 -0.405668 0.000000
s off
g lightTower lightTowerGrp light3 lightGrp5 polySurface148
usemtl SM_Light_Tower_1_JFGSG
f 3633//11427 3634//11428 3636//11429 3635//11430
f 3635//11431 3636//11432 3638//11433 3637//11434
f 3637//11435 3638//11436 3640//11437 3639//11438
f 3639//11439 3640//11440 3642//11441 3641//11442
f 3636//11443 3634//11444 3644//11445 3642//11446 3640//11447 3638//11448
f 3641//11449 3642//11450 3644//11451 3643//11452
f 3643//11453 3644//11454 3634//11455 3633//11456
f 3633//11457 3635//11458 3637//11459 3639//11460 3641//11461 3643//11462
g default
v 10.925551 5.011294 -1.300784
v 10.958390 5.030878 -1.300784
v 10.929800 5.001720 -1.316972
v 10.962640 5.021304 -1.316972
v 10.938299 4.982572 -1.316972
v 10.971138 5.002156 -1.316972
v 10.942548 4.972998 -1.300784
v 10.975387 4.992583 -1.300784
v 10.938299 4.982572 -1.284595
v 10.971138 5.002156 -1.284595
v 10.929800 5.001720 -1.284595
v 10.962640 5.021304 -1.284595
vn -0.430950 0.722611 -0.540478
vn -0.430950 0.722611 -0.540478
vn -0.430950 0.722611 -0.540478
vn -0.430950 0.722611 -0.540478
vn -0.000001 0.000001 -1.000000
vn -0.000001 0.000001 -1.000000
vn -0.000001 0.000001 -1.000000
vn -0.000001 0.000001 -1.000000
vn 0.430952 -0.722614 -0.540472
vn 0.430952 -0.722614 -0.540472
vn 0.430952 -0.722614 -0.540472
vn 0.430952 -0.722614 -0.540472
vn 0.430952 -0.722614 0.540472
vn 0.430952 -0.722614 0.540472
vn 0.430952 -0.722614 0.540472
vn 0.430952 -0.722614 0.540472
vn 0.914020 0.405668 -0.000000
vn 0.914020 0.405668 -0.000000
vn 0.914020 0.405668 -0.000000
vn 0.914020 0.405668 -0.000000
vn 0.914020 0.405668 -0.000000
vn 0.914020 0.405668 -0.000000
vn 0.000001 -0.000001 1.000000
vn 0.000001 -0.000001 1.000000
vn 0.000001 -0.000001 1.000000
vn 0.000001 -0.000001 1.000000
vn -0.430950 0.722612 0.540476
vn -0.430950 0.722612 0.540476
vn -0.430950 0.722612 0.540476
vn -0.430950 0.722612 0.540476
vn -0.914020 -0.405668 0.000000
vn -0.914020 -0.405668 0.000000
vn -0.914020 -0.405668 0.000000
vn -0.914020 -0.405668 0.000000
vn -0.914020 -0.405668 0.000000
vn -0.914020 -0.405668 0.000000
s off
g lightTower lightTowerGrp light3 lightGrp5 polySurface137
usemtl SM_Light_Tower_1_JFGSG
f 3645//11463 3646//11464 3648//11465 3647//11466
f 3647//11467 3648//11468 3650//11469 3649//11470
f 3649//11471 3650//11472 3652//11473 3651//11474
f 3651//11475 3652//11476 3654//11477 3653//11478
f 3648//11479 3646//11480 3656//11481 3654//11482 3652//11483 3650//11484
f 3653//11485 3654//11486 3656//11487 3655//11488
f 3655//11489 3656//11490 3646//11491 3645//11492
f 3645//11493 3647//11494 3649//11495 3651//11496 3653//11497 3655//11498
g default
v 10.708243 5.446092 -1.291926
v 10.724047 5.455517 -1.291926
v 10.710735 5.440476 -1.301422
v 10.726540 5.449901 -1.301422
v 10.715721 5.429243 -1.301422
v 10.731525 5.438669 -1.301422
v 10.718213 5.423627 -1.291926
v 10.734018 5.433052 -1.291926
v 10.715721 5.429243 -1.282429
v 10.731525 5.438669 -1.282429
v 10.710735 5.440476 -1.282429
v 10.726540 5.449901 -1.282429
vn -0.430953 0.722616 -0.540468
vn -0.430953 0.722616 -0.540468
vn -0.430953 0.722616 -0.540468
vn -0.430953 0.722616 -0.540468
vn 0.000000 -0.000000 -1.000000
vn 0.000000 -0.000000 -1.000000
vn 0.000000 -0.000000 -1.000000
vn 0.000000 -0.000000 -1.000000
vn 0.430950 -0.722611 -0.540476
vn 0.430950 -0.722611 -0.540476
vn 0.430950 -0.722611 -0.540476
vn 0.430950 -0.722611 -0.540476
vn 0.430951 -0.722612 0.540475
vn 0.430951 -0.722612 0.540475
vn 0.430951 -0.722612 0.540475
vn 0.430951 -0.722612 0.540475
vn 0.914021 0.405668 -0.000000
vn 0.914020 0.405668 -0.000000
vn 0.914020 0.405668 -0.000000
vn 0.914020 0.405668 -0.000000
vn 0.914021 0.405668 -0.000000
vn 0.914020 0.405668 -0.000000
vn 0.000000 0.000000 1.000000
vn 0.000000 0.000000 1.000000
vn 0.000000 0.000000 1.000000
vn 0.000000 0.000000 1.000000
vn -0.430953 0.722617 0.540466
vn -0.430953 0.722617 0.540466
vn -0.430953 0.722617 0.540466
vn -0.430953 0.722617 0.540466
vn -0.914020 -0.405668 -0.000000
vn -0.914020 -0.405668 -0.000000
vn -0.914021 -0.405668 -0.000000
vn -0.914020 -0.405668 -0.000000
vn -0.914020 -0.405668 -0.000000
vn -0.914020 -0.405668 -0.000000
s off
g lightTower lightTowerGrp light3 lightGrp5 polySurface131
usemtl SM_Light_Tower_1_JFGSG
f 3657//11499 3658//11500 3660//11501 3659//11502
f 3659//11503 3660//11504 3662//11505 3661//11506
f 3661//11507 3662//11508 3664//11509 3663//11510
f 3663//11511 3664//11512 3666//11513 3665//11514
f 3660//11515 3658//11516 3668//11517 3666//11518 3664//11519 3662//11520
f 3665//11521 3666//11522 3668//11523 3667//11524
f 3667//11525 3668//11526 3658//11527 3657//11528
f 3657//11529 3659//11530 3661//11531 3663//11532 3665//11533 3667//11534
g default
v 10.865200 5.196134 -1.043932
v 10.758845 5.435764 -1.043932
v 10.865200 5.196134 -1.276378
v 10.758845 5.435764 -1.276378
v 10.894839 5.194928 -1.029357
v 10.775232 5.464419 -1.029357
v 10.894839 5.194928 -1.290954
v 10.775232 5.464419 -1.290954
v 10.871826 5.181204 -1.290954
v 10.871826 5.181204 -1.029357
v 10.752219 5.450694 -1.029357
v 10.752219 5.450694 -1.290954
v 10.882453 5.206423 -1.276378
v 10.882453 5.206423 -1.043932
v 10.776098 5.446054 -1.043932
v 10.776098 5.446054 -1.276378
vn 0.512207 -0.858862 0.000000
vn 0.512207 -0.858862 0.000000
vn 0.512207 -0.858862 0.000000
vn 0.512207 -0.858862 0.000000
vn 0.000000 -0.000000 -1.000000
vn 0.000000 -0.000000 -1.000000
vn 0.000000 -0.000000 -1.000000
vn 0.000000 -0.000000 -1.000000
vn 0.914020 0.405668 -0.000000
vn 0.914020 0.405668 -0.000000
vn 0.914020 0.405668 -0.000000
vn 0.914020 0.405668 -0.000000
vn 0.000000 0.000000 1.000000
vn 0.000000 0.000000 1.000000
vn 0.000000 0.000000 1.000000
vn 0.000000 0.000000 1.000000
vn 0.512207 -0.858862 0.000000
vn 0.512207 -0.858862 0.000000
vn 0.512207 -0.858862 0.000000
vn 0.512207 -0.858862 0.000000
vn -0.512207 0.858862 -0.000000
vn -0.512207 0.858862 -0.000000
vn -0.512207 0.858862 -0.000000
vn -0.512207 0.858862 -0.000000
vn -0.914020 -0.405668 0.000000
vn -0.914020 -0.405668 0.000000
vn -0.914020 -0.405668 0.000000
vn -0.914020 -0.405668 0.000000
vn -0.914020 -0.405668 0.000000
vn -0.914020 -0.405668 0.000000
vn -0.914020 -0.405668 0.000000
vn -0.914020 -0.405668 0.000000
vn -0.914020 -0.405668 0.000000
vn -0.914020 -0.405668 0.000000
vn -0.914020 -0.405668 0.000000
vn -0.914020 -0.405668 0.000000
vn -0.914020 -0.405668 0.000000
vn -0.914020 -0.405668 0.000000
vn -0.914021 -0.405668 0.000000
vn -0.914021 -0.405668 0.000000
vn -0.914020 -0.405668 0.000000
vn -0.914020 -0.405668 0.000000
vn -0.914020 -0.405668 0.000000
vn -0.914020 -0.405668 0.000000
vn -0.512207 0.858862 -0.000000
vn -0.512207 0.858862 -0.000000
vn -0.512207 0.858862 -0.000000
vn -0.512207 0.858862 -0.000000
vn 0.000000 0.000000 1.000000
vn 0.000000 0.000000 1.000000
vn 0.000000 0.000000 1.000000
vn 0.000000 0.000000 1.000000
vn 0.000000 -0.000000 -1.000000
vn 0.000000 -0.000000 -1.000000
vn 0.000000 -0.000000 -1.000000
vn 0.000000 -0.000000 -1.000000
s off
g lightTower lightTowerGrp light3 lightGrp5 polySurface146
usemtl SM_Light_Tower_1_JFGSG
f 3670//11535 3672//11536 3684//11537 3683//11538
f 3677//11539 3680//11540 3676//11541 3675//11542
f 3675//11543 3676//11544 3674//11545 3673//11546
f 3673//11547 3674//11548 3679//11549 3678//11550
f 3677//11551 3675//11552 3673//11553 3678//11554
f 3676//11555 3680//11556 3679//11557 3674//11558
f 3669//11559 3671//11560 3677//11561 3678//11562
f 3670//11563 3669//11564 3678//11565 3679//11566
f 3672//11567 3670//11568 3679//11569 3680//11570
f 3671//11571 3672//11572 3680//11573 3677//11574
f 3682//11575 3683//11576 3684//11577 3681//11578
f 3671//11579 3669//11580 3682//11581 3681//11582
f 3672//11583 3671//11584 3681//11585 3684//11586
f 3669//11587 3670//11588 3683//11589 3682//11590
g default
v 10.964042 5.019082 -1.302647
v 10.985057 5.035511 -1.302647
v 10.966547 5.013436 -1.312193
v 10.988287 5.028233 -1.314953
v 10.971559 5.002145 -1.312193
v 10.994747 5.013677 -1.314953
v 10.974065 4.996499 -1.302647
v 10.997978 5.006399 -1.302647
v 10.971559 5.002145 -1.293100
v 10.994747 5.013677 -1.290341
v 10.966547 5.013436 -1.293100
v 10.988287 5.028233 -1.290341
v 10.663175 5.567251 -1.302647
v 10.730120 5.607346 -1.302647
v 10.665356 5.562337 -1.310957
v 10.732331 5.602364 -1.311071
v 10.669719 5.552507 -1.310957
v 10.736754 5.592400 -1.311071
v 10.671900 5.547592 -1.302647
v 10.738965 5.587418 -1.302647
v 10.669719 5.552507 -1.294337
v 10.736754 5.592400 -1.294223
v 10.665356 5.562337 -1.294337
v 10.732331 5.602364 -1.294223
v 10.982268 5.043486 -1.302647
v 10.742564 5.583570 -1.302647
v 10.987968 5.046885 -1.313819
v 10.748264 5.586969 -1.313819
v 10.999368 5.053683 -1.313819
v 10.759663 5.593767 -1.313819
v 11.005068 5.057083 -1.302647
v 10.765363 5.597167 -1.302647
v 10.999368 5.053683 -1.291475
v 10.759663 5.593767 -1.291475
v 10.987968 5.046885 -1.291475
v 10.748264 5.586969 -1.291475
v 10.987842 5.034921 -1.302647
v 10.994492 5.033682 -1.290908
v 11.013079 5.029044 -1.290908
v 11.019729 5.027805 -1.302647
v 11.013079 5.029044 -1.314386
v 10.994492 5.033682 -1.314386
v 10.753804 5.615029 -1.312445
v 10.743626 5.593506 -1.312445
v 10.741881 5.589316 -1.302647
v 10.743626 5.593506 -1.292849
v 10.753804 5.615029 -1.292849
v 10.755549 5.619220 -1.302647
vn -0.521665 0.667301 -0.531578
vn -0.521665 0.667301 -0.531578
vn -0.521665 0.667301 -0.531578
vn -0.521666 0.667301 -0.531578
vn -0.096942 -0.043025 -0.994360
vn -0.096942 -0.043025 -0.994360
vn -0.096942 -0.043025 -0.994360
vn -0.096942 -0.043025 -0.994360
vn 0.321190 -0.775793 -0.543123
vn 0.321190 -0.775793 -0.543123
vn 0.321190 -0.775793 -0.543123
vn 0.321190 -0.775793 -0.543123
vn 0.321191 -0.775794 0.543121
vn 0.321191 -0.775794 0.543121
vn 0.321191 -0.775794 0.543121
vn 0.321191 -0.775794 0.543121
vn -0.096943 -0.043023 0.994360
vn -0.096943 -0.043023 0.994360
vn -0.096943 -0.043023 0.994360
vn -0.096943 -0.043023 0.994360
vn -0.521663 0.667304 0.531576
vn -0.521663 0.667304 0.531576
vn -0.521663 0.667304 0.531576
vn -0.521663 0.667304 0.531576
vn -0.432328 0.721847 -0.540398
vn -0.432328 0.721847 -0.540398
vn -0.432328 0.721847 -0.540398
vn -0.432328 0.721847 -0.540398
vn -0.001339 -0.000595 -0.999999
vn -0.001339 -0.000595 -0.999999
vn -0.001339 -0.000595 -0.999999
vn -0.001339 -0.000595 -0.999999
vn 0.429578 -0.723372 -0.540552
vn 0.429578 -0.723372 -0.540552
vn 0.429578 -0.723372 -0.540552
vn 0.429578 -0.723372 -0.540552
vn 0.429578 -0.723372 0.540552
vn 0.429578 -0.723372 0.540552
vn 0.429578 -0.723372 0.540552
vn 0.429578 -0.723372 0.540552
vn -0.001339 -0.000594 0.999999
vn -0.001339 -0.000594 0.999999
vn -0.001339 -0.000594 0.999999
vn -0.001339 -0.000594 0.999999
vn -0.432326 0.721848 0.540398
vn -0.432326 0.721848 0.540398
vn -0.432326 0.721848 0.540398
vn -0.432326 0.721848 0.540398
vn -0.787302 -0.349427 -0.507993
vn -0.787302 -0.349427 -0.507993
vn -0.787302 -0.349427 -0.507993
vn -0.787302 -0.349427 -0.507993
vn 0.000000 -0.000000 -1.000000
vn 0.000000 -0.000000 -1.000000
vn 0.000000 -0.000000 -1.000000
vn 0.000000 -0.000000 -1.000000
vn 0.787302 0.349427 -0.507993
vn 0.787302 0.349427 -0.507993
vn 0.787302 0.349427 -0.507993
vn 0.787302 0.349427 -0.507993
vn 0.787302 0.349427 0.507992
vn 0.787302 0.349427 0.507992
vn 0.787302 0.349427 0.507992
vn 0.787302 0.349427 0.507992
vn 0.000000 0.000000 1.000000
vn 0.000000 0.000000 1.000000
vn 0.000000 0.000000 1.000000
vn 0.000000 0.000000 1.000000
vn -0.787302 -0.349427 0.507992
vn -0.787302 -0.349427 0.507992
vn -0.787302 -0.349427 0.507992
vn -0.787302 -0.349427 0.507992
vn -0.105785 0.019339 -0.994201
vn -0.105785 0.019339 -0.994201
vn -0.105785 0.019339 -0.994201
vn -0.105785 0.019339 -0.994201
vn 0.205180 -0.872094 -0.444244
vn 0.205180 -0.872094 -0.444244
vn 0.205180 -0.872094 -0.444244
vn 0.205180 -0.872094 -0.444244
vn 0.205170 -0.872096 0.444245
vn 0.205170 -0.872096 0.444245
vn 0.205170 -0.872096 0.444244
vn 0.205170 -0.872096 0.444245
vn -0.105785 0.019340 0.994201
vn -0.105785 0.019340 0.994201
vn -0.105785 0.019340 0.994201
vn -0.105785 0.019340 0.994201
vn -0.431387 0.801345 0.414430
vn -0.431387 0.801345 0.414430
vn -0.431387 0.801345 0.414430
vn -0.431387 0.801345 0.414430
vn -0.431385 0.801345 -0.414431
vn -0.431385 0.801345 -0.414431
vn -0.431385 0.801345 -0.414431
vn -0.431385 0.801345 -0.414431
vn -0.002078 0.028845 -0.999582
vn -0.002078 0.028845 -0.999582
vn -0.002078 0.028845 -0.999582
vn -0.002078 0.028845 -0.999582
vn 0.783105 0.416929 -0.461430
vn 0.783105 0.416929 -0.461430
vn 0.783105 0.416929 -0.461430
vn 0.783105 0.416929 -0.461430
vn 0.783104 0.416929 0.461430
vn 0.783104 0.416929 0.461430
vn 0.783104 0.416929 0.461430
vn 0.783104 0.416930 0.461431
vn -0.002077 0.028846 0.999582
vn -0.002077 0.028846 0.999582
vn -0.002077 0.028846 0.999582
vn -0.002077 0.028846 0.999582
vn -0.780856 -0.421936 0.460688
vn -0.780856 -0.421936 0.460688
vn -0.780856 -0.421936 0.460688
vn -0.780856 -0.421936 0.460688
vn -0.780855 -0.421937 -0.460689
vn -0.780855 -0.421937 -0.460689
vn -0.780855 -0.421937 -0.460689
vn -0.780855 -0.421937 -0.460689
vn -0.402964 0.797948 0.448217
vn -0.402964 0.797948 0.448217
vn -0.402964 0.797948 0.448217
vn -0.402964 0.797948 0.448217
vn 0.021923 0.028612 0.999350
vn 0.021923 0.028612 0.999350
vn 0.021923 0.028612 0.999350
vn 0.021923 0.028612 0.999350
vn 0.598688 -0.645267 0.474556
vn 0.598688 -0.645267 0.474556
vn 0.598688 -0.645267 0.474556
vn 0.598688 -0.645266 0.474556
vn 0.598686 -0.645268 -0.474556
vn 0.598686 -0.645268 -0.474556
vn 0.598686 -0.645268 -0.474556
vn 0.598686 -0.645268 -0.474556
vn 0.021924 0.028609 -0.999350
vn 0.021924 0.028609 -0.999350
vn 0.021924 0.028609 -0.999350
vn 0.021924 0.028609 -0.999350
vn -0.402955 0.797952 -0.448219
vn -0.402955 0.797952 -0.448219
vn -0.402955 0.797952 -0.448219
vn -0.402955 0.797952 -0.448219
vn 0.849982 0.320819 -0.417859
vn 0.849982 0.320819 -0.417859
vn 0.849982 0.320819 -0.417859
vn 0.849982 0.320819 -0.417859
vn 0.849982 0.320817 0.417860
vn 0.849982 0.320817 0.417860
vn 0.849982 0.320817 0.417860
vn 0.849982 0.320817 0.417860
vn -0.086238 0.065707 0.994105
vn -0.086238 0.065707 0.994105
vn -0.086238 0.065707 0.994105
vn -0.086238 0.065707 0.994106
vn -0.849740 -0.321325 0.417961
vn -0.849740 -0.321325 0.417961
vn -0.849740 -0.321325 0.417961
vn -0.849740 -0.321325 0.417961
vn -0.849742 -0.321323 -0.417959
vn -0.849742 -0.321323 -0.417959
vn -0.849742 -0.321323 -0.417959
vn -0.849742 -0.321323 -0.417959
vn -0.086238 0.065707 -0.994105
vn -0.086238 0.065707 -0.994105
vn -0.086238 0.065707 -0.994105
vn -0.086238 0.065707 -0.994105
s off
g lightTower lightTowerGrp light3 lightGrp5 polySurface130
usemtl SM_Light_Tower_1_JFGSG
f 3685//11591 3686//11592 3688//11593 3687//11594
f 3687//11595 3688//11596 3690//11597 3689//11598
f 3689//11599 3690//11600 3692//11601 3691//11602
f 3691//11603 3692//11604 3694//11605 3693//11606
f 3693//11607 3694//11608 3696//11609 3695//11610
f 3695//11611 3696//11612 3686//11613 3685//11614
f 3697//11615 3698//11616 3700//11617 3699//11618
f 3699//11619 3700//11620 3702//11621 3701//11622
f 3701//11623 3702//11624 3704//11625 3703//11626
f 3703//11627 3704//11628 3706//11629 3705//11630
f 3705//11631 3706//11632 3708//11633 3707//11634
f 3707//11635 3708//11636 3698//11637 3697//11638
f 3709//11639 3710//11640 3712//11641 3711//11642
f 3711//11643 3712//11644 3714//11645 3713//11646
f 3713//11647 3714//11648 3716//11649 3715//11650
f 3715//11651 3716//11652 3718//11653 3717//11654
f 3717//11655 3718//11656 3720//11657 3719//11658
f 3719//11659 3720//11660 3710//11661 3709//11662
f 3727//11663 3728//11664 3702//11665 3700//11666
f 3728//11667 3729//11668 3704//11669 3702//11670
f 3729//11671 3730//11672 3706//11673 3704//11674
f 3730//11675 3731//11676 3708//11677 3706//11678
f 3731//11679 3732//11680 3698//11681 3708//11682
f 3732//11683 3727//11684 3700//11685 3698//11686
f 3711//11687 3713//11688 3725//11689 3726//11690
f 3713//11691 3715//11692 3724//11693 3725//11694
f 3715//11695 3717//11696 3723//11697 3724//11698
f 3717//11699 3719//11700 3722//11701 3723//11702
f 3719//11703 3709//11704 3721//11705 3722//11706
f 3709//11707 3711//11708 3726//11709 3721//11710
f 3722//11711 3721//11712 3686//11713 3696//11714
f 3723//11715 3722//11716 3696//11717 3694//11718
f 3724//11719 3723//11720 3694//11721 3692//11722
f 3725//11723 3724//11724 3692//11725 3690//11726
f 3726//11727 3725//11728 3690//11729 3688//11730
f 3721//11731 3726//11732 3688//11733 3686//11734
f 3716//11735 3714//11736 3727//11737 3732//11738
f 3718//11739 3716//11740 3732//11741 3731//11742
f 3720//11743 3718//11744 3731//11745 3730//11746
f 3710//11747 3720//11748 3730//11749 3729//11750
f 3712//11751 3710//11752 3729//11753 3728//11754
f 3714//11755 3712//11756 3728//11757 3727//11758
g default
v 10.828105 5.387006 -1.041595
v 10.827933 5.387395 -1.052497
v 10.869207 5.299833 -1.040007
v 10.869235 5.299770 -1.051749
v 10.869306 5.413490 -1.047393
v 10.868902 5.413170 -1.055018
v 10.910967 5.327581 -1.045444
v 10.910563 5.327261 -1.054290
vn -0.904525 -0.426420 -0.000359
vn -0.904525 -0.426420 -0.000359
vn -0.904525 -0.426420 -0.000359
vn -0.904525 -0.426420 -0.000359
vn 0.553982 -0.832511 0.005367
vn 0.553982 -0.832511 0.005367
vn 0.553982 -0.832511 0.005367
vn 0.553982 -0.832511 0.005367
vn 0.898478 0.434763 -0.060975
vn 0.898478 0.434763 -0.060975
vn 0.898478 0.434763 -0.060975
vn 0.898478 0.434763 -0.060975
vn -0.535115 0.844548 0.019740
vn -0.535115 0.844548 0.019740
vn -0.535116 0.844548 0.019740
vn -0.535115 0.844548 0.019740
vn 0.092403 0.064490 0.993631
vn 0.092403 0.064490 0.993631
vn 0.092403 0.064490 0.993631
vn 0.092403 0.064490 0.993631
s off
g lightTower lightTowerGrp light3 lightGrp5 polySurface112
usemtl SM_Light_Tower_1_JFGSG
f 3733//11759 3734//11760 3736//11761 3735//11762
f 3735//11763 3736//11764 3740//11765 3739//11766
f 3739//11767 3740//11768 3738//11769 3737//11770
f 3737//11771 3738//11772 3734//11773 3733//11774
f 3735//11775 3739//11776 3737//11777 3733//11778
g default
v 10.877654 5.218769 -1.059927
v 10.781659 5.435057 -1.059927
v 10.877654 5.218769 -1.254667
v 10.781659 5.435057 -1.254667
v 10.859950 5.208210 -1.059927
v 10.763955 5.424499 -1.059927
v 10.859950 5.208210 -1.254667
v 10.763955 5.424499 -1.254667
v 10.747889 5.402076 -1.247068
v 10.834871 5.206095 -1.247068
v 10.834871 5.206095 -1.064971
v 10.747889 5.402076 -1.064971
v 10.736111 5.360346 -1.235560
v 10.798734 5.219249 -1.235560
v 10.798734 5.219249 -1.076685
v 10.736111 5.360346 -1.076685
v 10.735516 5.320872 -1.217896
v 10.770682 5.241639 -1.217896
v 10.770682 5.241639 -1.094866
v 10.735516 5.320872 -1.094866
vn 0.000000 -0.000000 -1.000000
vn 0.000000 -0.000000 -1.000000
vn 0.000000 -0.000000 -1.000000
vn 0.000000 -0.000000 -1.000000
vn -0.278229 -0.123486 -0.952544
vn -0.278229 -0.123486 -0.952544
vn -0.278229 -0.123486 -0.952544
vn -0.278229 -0.123486 -0.952544
vn 0.000000 0.000000 1.000000
vn 0.000000 0.000000 1.000000
vn 0.000000 0.000000 1.000000
vn 0.000000 0.000000 1.000000
vn 0.512207 -0.858862 0.000000
vn 0.512207 -0.858862 0.000000
vn 0.512207 -0.858862 0.000000
vn 0.512207 -0.858862 0.000000
vn -0.512207 0.858862 -0.000000
vn -0.512207 0.858862 -0.000000
vn -0.512207 0.858862 -0.000000
vn -0.512207 0.858862 -0.000000
vn -0.356064 -0.158031 0.921002
vn -0.356064 -0.158031 0.921002
vn -0.356064 -0.158031 0.921002
vn -0.356064 -0.158031 0.921002
vn -0.189648 -0.084171 0.978238
vn -0.189648 -0.084171 0.978238
vn -0.189648 -0.084171 0.978238
vn -0.189648 -0.084171 0.978238
vn 0.084075 -0.996459 0.000000
vn 0.084075 -0.996459 0.000000
vn 0.084075 -0.996459 0.000000
vn 0.084075 -0.996459 0.000000
vn -0.812868 0.582447 -0.000000
vn -0.812868 0.582447 -0.000000
vn -0.812868 0.582447 -0.000000
vn -0.812868 0.582447 -0.000000
vn -0.999887 0.015049 -0.000000
vn -0.999887 0.015049 -0.000000
vn -0.999887 0.015049 -0.000000
vn -0.999887 0.015049 -0.000000
vn -0.342047 -0.939683 0.000000
vn -0.342047 -0.939683 0.000000
vn -0.342047 -0.939683 0.000000
vn -0.342047 -0.939683 0.000000
vn -0.962398 0.271643 -0.000000
vn -0.962398 0.271642 -0.000000
vn -0.962398 0.271642 -0.000000
vn -0.962398 0.271643 -0.000000
vn -0.350707 -0.155654 -0.923459
vn -0.350707 -0.155654 -0.923459
vn -0.350707 -0.155654 -0.923459
vn -0.350707 -0.155654 -0.923459
vn -0.914020 -0.405668 0.000000
vn -0.914020 -0.405668 0.000000
vn -0.914020 -0.405668 0.000000
vn -0.914020 -0.405668 0.000000
vn -0.666882 -0.295981 -0.683860
vn -0.666882 -0.295981 -0.683860
vn -0.666882 -0.295981 -0.683860
vn -0.666882 -0.295981 -0.683860
vn -0.675795 -0.299937 0.673305
vn -0.675795 -0.299937 0.673305
vn -0.675795 -0.299937 0.673305
vn -0.675795 -0.299937 0.673305
vn -0.623833 -0.781558 0.000000
vn -0.623833 -0.781558 0.000000
vn -0.623833 -0.781558 0.000000
vn -0.623833 -0.781558 0.000000
s off
g lightTower lightTowerGrp light3 lightGrp5 polySurface126
usemtl SM_Light_Tower_1_JFGSG
f 3743//11779 3747//11780 3748//11781 3744//11782
f 3747//11783 3750//11784 3749//11785 3748//11786
f 3745//11787 3741//11788 3742//11789 3746//11790
f 3743//11791 3741//11792 3745//11793 3747//11794
f 3748//11795 3746//11796 3742//11797 3744//11798
f 3752//11799 3756//11800 3755//11801 3751//11802
f 3746//11803 3752//11804 3751//11805 3745//11806
f 3745//11807 3751//11808 3750//11809 3747//11810
f 3748//11811 3749//11812 3752//11813 3746//11814
f 3753//11815 3757//11816 3760//11817 3756//11818
f 3751//11819 3755//11820 3754//11821 3750//11822
f 3749//11823 3753//11824 3756//11825 3752//11826
f 3750//11827 3754//11828 3753//11829 3749//11830
f 3758//11831 3759//11832 3760//11833 3757//11834
f 3754//11835 3758//11836 3757//11837 3753//11838
f 3756//11839 3760//11840 3759//11841 3755//11842
f 3755//11843 3759//11844 3758//11845 3754//11846
g default
v 10.668761 5.558337 -1.287313
v 10.668761 5.558337 -1.039812
v 10.668075 5.541937 -1.287313
v 10.668075 5.541937 -1.039812
v 10.655480 5.534426 -1.287313
v 10.655480 5.534426 -1.039812
v 10.643571 5.543314 -1.287313
v 10.643571 5.543314 -1.039812
v 10.644257 5.559713 -1.287313
v 10.644257 5.559714 -1.039812
v 10.656852 5.567225 -1.287313
v 10.656852 5.567225 -1.039812
vn 0.999127 -0.041778 0.000000
vn 0.999127 -0.041778 0.000000
vn 0.999127 -0.041778 0.000000
vn 0.999127 -0.041778 0.000000
vn 0.512207 -0.858862 0.000000
vn 0.512207 -0.858862 0.000000
vn 0.512207 -0.858862 0.000000
vn 0.512207 -0.858862 0.000000
vn -0.598118 -0.801408 0.000000
vn -0.598118 -0.801408 0.000000
vn -0.598118 -0.801408 0.000000
vn -0.598118 -0.801408 0.000000
vn -0.999127 0.041778 -0.000000
vn -0.999127 0.041778 -0.000000
vn -0.999127 0.041778 -0.000000
vn -0.999127 0.041778 -0.000000
vn 0.000000 -0.000000 1.000000
vn 0.000000 -0.000000 1.000000
vn 0.000000 -0.000000 1.000000
vn 0.000000 -0.000000 1.000000
vn 0.000000 -0.000000 1.000000
vn 0.000000 -0.000000 1.000000
vn -0.512207 0.858862 -0.000000
vn -0.512207 0.858862 -0.000000
vn -0.512207 0.858862 -0.000000
vn -0.512207 0.858862 -0.000000
vn 0.598118 0.801408 -0.000000
vn 0.598118 0.801408 -0.000000
vn 0.598118 0.801408 -0.000000
vn 0.598118 0.801408 -0.000000
vn -0.000000 0.000001 -1.000000
vn -0.000000 0.000001 -1.000000
vn -0.000000 0.000001 -1.000000
vn -0.000000 0.000001 -1.000000
vn -0.000000 0.000001 -1.000000
vn -0.000000 0.000001 -1.000000
s off
g lightTower lightTowerGrp light3 lightGrp5 polySurface133
usemtl SM_Light_Tower_1_JFGSG
f 3761//11847 3762//11848 3764//11849 3763//11850
f 3763//11851 3764//11852 3766//11853 3765//11854
f 3765//11855 3766//11856 3768//11857 3767//11858
f 3767//11859 3768//11860 3770//11861 3769//11862
f 3764//11863 3762//11864 3772//11865 3770//11866 3768//11867 3766//11868
f 3769//11869 3770//11870 3772//11871 3771//11872
f 3771//11873 3772//11874 3762//11875 3761//11876
f 3761//11877 3763//11878 3765//11879 3767//11880 3769//11881 3771//11882
g default
v 10.799199 5.494574 -1.298214
v 10.799199 5.494574 -1.028943
v 10.807728 5.494095 -1.298214
v 10.807728 5.494095 -1.028943
v 10.811634 5.485293 -1.298214
v 10.811634 5.485293 -1.028943
v 10.807012 5.476971 -1.298214
v 10.807012 5.476971 -1.028943
v 10.798483 5.477450 -1.298214
v 10.798483 5.477450 -1.028943
v 10.794576 5.486252 -1.298214
v 10.794576 5.486252 -1.028943
vn 0.056100 0.998425 -0.000000
vn 0.056100 0.998425 -0.000000
vn 0.056100 0.998425 -0.000000
vn 0.056100 0.998425 -0.000000
vn 0.914020 0.405668 -0.000000
vn 0.914020 0.405668 -0.000000
vn 0.914020 0.405668 -0.000000
vn 0.914020 0.405668 -0.000000
vn 0.874206 -0.485555 0.000000
vn 0.874206 -0.485555 0.000000
vn 0.874206 -0.485555 0.000000
vn 0.874206 -0.485555 0.000000
vn -0.056100 -0.998425 0.000000
vn -0.056100 -0.998425 0.000000
vn -0.056100 -0.998425 0.000000
vn -0.056100 -0.998425 0.000000
vn -0.914020 -0.405668 0.000000
vn -0.914020 -0.405668 0.000000
vn -0.914020 -0.405668 0.000000
vn -0.914020 -0.405668 0.000000
vn -0.874206 0.485555 -0.000000
vn -0.874206 0.485555 -0.000000
vn -0.874206 0.485555 -0.000000
vn -0.874206 0.485555 -0.000000
vn 0.000000 -0.000000 1.000000
vn 0.000000 -0.000000 1.000000
vn 0.000000 -0.000000 1.000000
vn 0.000000 -0.000000 1.000000
vn 0.000000 -0.000000 1.000000
vn 0.000000 -0.000000 1.000000
s off
g lightTower lightTowerGrp light3 lightGrp5 polySurface138
usemtl SM_Light_Tower_1_JFGSG
f 3773//11883 3774//11884 3776//11885 3775//11886
f 3775//11887 3776//11888 3778//11889 3777//11890
f 3777//11891 3778//11892 3780//11893 3779//11894
f 3779//11895 3780//11896 3782//11897 3781//11898
f 3781//11899 3782//11900 3784//11901 3783//11902
f 3783//11903 3784//11904 3774//11905 3773//11906
f 3776//11907 3774//11908 3784//11909 3782//11910 3780//11911 3778//11912
g default
v 10.691460 5.433614 -1.025229
v 10.708738 5.443918 -1.025229
v 10.694185 5.427474 -1.035611
v 10.711463 5.437778 -1.035611
v 10.699635 5.415195 -1.035611
v 10.716913 5.425499 -1.035611
v 10.702360 5.409055 -1.025229
v 10.719638 5.419359 -1.025229
v 10.699635 5.415195 -1.014847
v 10.716913 5.425499 -1.014847
v 10.694185 5.427474 -1.014847
v 10.711463 5.437778 -1.014847
vn -0.430950 0.722611 -0.540476
vn -0.430950 0.722611 -0.540476
vn -0.430950 0.722611 -0.540476
vn -0.430950 0.722611 -0.540476
vn -0.000000 0.000000 -1.000000
vn -0.000000 0.000000 -1.000000
vn -0.000000 0.000000 -1.000000
vn -0.000000 0.000000 -1.000000
vn 0.430950 -0.722612 -0.540476
vn 0.430950 -0.722612 -0.540476
vn 0.430950 -0.722612 -0.540476
vn 0.430950 -0.722612 -0.540476
vn 0.430950 -0.722611 0.540476
vn 0.430950 -0.722611 0.540476
vn 0.430950 -0.722611 0.540476
vn 0.430950 -0.722611 0.540476
vn 0.914021 0.405668 -0.000000
vn 0.914021 0.405668 -0.000000
vn 0.914021 0.405668 -0.000000
vn 0.914021 0.405668 -0.000000
vn 0.914021 0.405668 -0.000000
vn 0.914021 0.405668 -0.000000
vn 0.000000 0.000000 1.000000
vn 0.000000 0.000000 1.000000
vn 0.000000 0.000000 1.000000
vn 0.000000 0.000000 1.000000
vn -0.430950 0.722612 0.540476
vn -0.430950 0.722612 0.540476
vn -0.430950 0.722612 0.540476
vn -0.430950 0.722612 0.540476
vn -0.914021 -0.405668 0.000000
vn -0.914021 -0.405668 0.000000
vn -0.914021 -0.405668 0.000000
vn -0.914021 -0.405668 0.000000
vn -0.914021 -0.405668 0.000000
vn -0.914021 -0.405668 0.000000
s off
g lightTower lightTowerGrp light3 lightGrp5 polySurface136
usemtl SM_Light_Tower_1_JFGSG
f 3785//11913 3786//11914 3788//11915 3787//11916
f 3787//11917 3788//11918 3790//11919 3789//11920
f 3789//11921 3790//11922 3792//11923 3791//11924
f 3791//11925 3792//11926 3794//11927 3793//11928
f 3788//11929 3786//11930 3796//11931 3794//11932 3792//11933 3790//11934
f 3793//11935 3794//11936 3796//11937 3795//11938
f 3795//11939 3796//11940 3786//11941 3785//11942
f 3785//11943 3787//11944 3789//11945 3791//11946 3793//11947 3795//11948
g default
v 10.639532 5.540905 -1.041183
v 10.669946 5.559044 -1.041183
v 10.646684 5.524791 -1.032101
v 10.677098 5.542929 -1.032101
v 10.646684 5.524791 -1.013936
v 10.677098 5.542929 -1.013936
v 10.639532 5.540905 -1.004853
v 10.669946 5.559044 -1.004853
v 10.632380 5.557020 -1.013936
v 10.662794 5.575158 -1.013936
v 10.632380 5.557020 -1.032101
v 10.662794 5.575158 -1.032101
vn 0.235915 -0.395579 -0.887616
vn 0.235915 -0.395579 -0.887616
vn 0.235915 -0.395579 -0.887616
vn 0.235915 -0.395579 -0.887616
vn 0.512207 -0.858862 0.000000
vn 0.512207 -0.858862 0.000000
vn 0.512207 -0.858862 0.000000
vn 0.512207 -0.858862 0.000000
vn 0.235915 -0.395579 0.887616
vn 0.235915 -0.395579 0.887616
vn 0.235915 -0.395579 0.887616
vn 0.235915 -0.395579 0.887616
vn -0.235918 0.395578 0.887615
vn -0.235918 0.395578 0.887615
vn -0.235918 0.395578 0.887615
vn -0.235918 0.395578 0.887615
vn 0.914020 0.405668 -0.000000
vn 0.914021 0.405668 -0.000000
vn 0.914020 0.405668 -0.000000
vn 0.914020 0.405668 -0.000000
vn 0.914021 0.405668 -0.000000
vn 0.914020 0.405668 -0.000000
vn -0.512207 0.858862 -0.000000
vn -0.512207 0.858862 -0.000000
vn -0.512207 0.858862 -0.000000
vn -0.512207 0.858862 -0.000000
vn -0.235912 0.395580 -0.887616
vn -0.235912 0.395580 -0.887616
vn -0.235912 0.395580 -0.887616
vn -0.235912 0.395580 -0.887616
vn -0.914020 -0.405668 0.000000
vn -0.914020 -0.405668 0.000000
vn -0.914020 -0.405668 0.000000
vn -0.914020 -0.405668 0.000000
vn -0.914020 -0.405668 0.000000
vn -0.914020 -0.405668 0.000000
s off
g lightTower lightTowerGrp light3 lightGrp5 polySurface142
usemtl SM_Light_Tower_1_JFGSG
f 3797//11949 3798//11950 3800//11951 3799//11952
f 3799//11953 3800//11954 3802//11955 3801//11956
f 3801//11957 3802//11958 3804//11959 3803//11960
f 3803//11961 3804//11962 3806//11963 3805//11964
f 3800//11965 3798//11966 3808//11967 3806//11968 3804//11969 3802//11970
f 3805//11971 3806//11972 3808//11973 3807//11974
f 3807//11975 3808//11976 3798//11977 3797//11978
f 3797//11979 3799//11980 3801//11981 3803//11982 3805//11983 3807//11984
g default
v 10.925551 5.011294 -1.024318
v 10.957792 5.030521 -1.024318
v 10.929800 5.001720 -1.040506
v 10.962041 5.020947 -1.040506
v 10.938299 4.982572 -1.040506
v 10.970539 5.001799 -1.040506
v 10.942548 4.972998 -1.024318
v 10.974788 4.992226 -1.024318
v 10.938299 4.982572 -1.008129
v 10.970539 5.001799 -1.008129
v 10.929800 5.001720 -1.008129
v 10.962041 5.020947 -1.008129
vn -0.430950 0.722611 -0.540477
vn -0.430950 0.722611 -0.540477
vn -0.430950 0.722611 -0.540477
vn -0.430950 0.722611 -0.540477
vn -0.000000 0.000000 -1.000000
vn -0.000000 0.000000 -1.000000
vn -0.000000 0.000000 -1.000000
vn -0.000000 0.000000 -1.000000
vn 0.430952 -0.722614 -0.540472
vn 0.430952 -0.722614 -0.540472
vn 0.430952 -0.722614 -0.540472
vn 0.430952 -0.722614 -0.540472
vn 0.430951 -0.722614 0.540473
vn 0.430951 -0.722614 0.540473
vn 0.430951 -0.722614 0.540473
vn 0.430951 -0.722614 0.540473
vn 0.914021 0.405668 -0.000000
vn 0.914020 0.405668 -0.000000
vn 0.914021 0.405668 -0.000000
vn 0.914020 0.405668 -0.000000
vn 0.914020 0.405668 -0.000000
vn 0.914020 0.405668 -0.000000
vn -0.000000 0.000000 1.000000
vn -0.000000 0.000000 1.000000
vn -0.000000 0.000000 1.000000
vn -0.000000 0.000000 1.000000
vn -0.430950 0.722611 0.540477
vn -0.430950 0.722611 0.540477
vn -0.430950 0.722611 0.540477
vn -0.430950 0.722611 0.540477
vn -0.914020 -0.405668 0.000000
vn -0.914021 -0.405668 0.000000
vn -0.914020 -0.405668 0.000000
vn -0.914020 -0.405668 0.000000
vn -0.914020 -0.405668 0.000000
vn -0.914021 -0.405668 0.000000
s off
g lightTower lightTowerGrp light3 lightGrp5 polySurface115
usemtl SM_Light_Tower_1_JFGSG
f 3809//11985 3810//11986 3812//11987 3811//11988
f 3811//11989 3812//11990 3814//11991 3813//11992
f 3813//11993 3814//11994 3816//11995 3815//11996
f 3815//11997 3816//11998 3818//11999 3817//12000
f 3812//12001 3810//12002 3820//12003 3818//12004 3816//12005 3814//12006
f 3817//12007 3818//12008 3820//12009 3819//12010
f 3819//12011 3820//12012 3810//12013 3809//12014
f 3809//12015 3811//12016 3813//12017 3815//12018 3817//12019 3819//12020
g default
v 10.925551 5.011294 -0.860585
v 10.958390 5.030878 -0.860585
v 10.929800 5.001720 -0.876774
v 10.962640 5.021304 -0.876774
v 10.938299 4.982572 -0.876774
v 10.971138 5.002156 -0.876774
v 10.942548 4.972998 -0.860585
v 10.975387 4.992582 -0.860585
v 10.938299 4.982572 -0.844397
v 10.971138 5.002156 -0.844397
v 10.929800 5.001720 -0.844397
v 10.962640 5.021304 -0.844397
vn -0.926649 0.375929 -0.000001
vn 0.207391 0.978258 -0.000001
vn 0.382362 0.576642 -0.722000
vn -0.726303 0.063417 -0.684443
vn -0.726303 0.063417 -0.684443
vn 0.382362 0.576642 -0.722000
vn 0.726303 -0.063419 -0.684443
vn -0.382362 -0.576643 -0.721999
vn -0.382362 -0.576643 -0.721999
vn 0.726303 -0.063419 -0.684443
vn 0.926649 -0.375928 -0.000000
vn -0.207392 -0.978258 -0.000000
vn -0.207392 -0.978258 -0.000000
vn 0.926649 -0.375928 -0.000000
vn 0.726303 -0.063420 0.684443
vn -0.382361 -0.576644 0.721999
vn 0.382362 0.576642 -0.722000
vn 0.207391 0.978258 -0.000001
vn 0.382363 0.576642 0.721999
vn 0.726303 -0.063420 0.684443
vn 0.926649 -0.375928 -0.000000
vn 0.726303 -0.063419 -0.684443
vn -0.382361 -0.576644 0.721999
vn 0.726303 -0.063420 0.684443
vn 0.382363 0.576642 0.721999
vn -0.726303 0.063417 0.684443
vn -0.726303 0.063417 0.684443
vn 0.382363 0.576642 0.721999
vn 0.207391 0.978258 -0.000001
vn -0.926649 0.375929 -0.000001
vn -0.926649 0.375929 -0.000001
vn -0.726303 0.063417 -0.684443
vn -0.382362 -0.576643 -0.721999
vn -0.207392 -0.978258 -0.000000
vn -0.382361 -0.576644 0.721999
vn -0.726303 0.063417 0.684443
s off
g lightTower lightTowerGrp lightGrp5 polySurface35 light2
usemtl SM_Light_Tower_1_JFGSG
f 3821//12021 3822//12022 3824//12023 3823//12024
f 3823//12025 3824//12026 3826//12027 3825//12028
f 3825//12029 3826//12030 3828//12031 3827//12032
f 3827//12033 3828//12034 3830//12035 3829//12036
f 3824//12037 3822//12038 3832//12039 3830//12040 3828//12041 3826//12042
f 3829//12043 3830//12044 3832//12045 3831//12046
f 3831//12047 3832//12048 3822//12049 3821//12050
f 3821//12051 3823//12052 3825//12053 3827//12054 3829//12055 3831//12056
g default
v 10.925551 5.011294 -0.584119
v 10.957792 5.030521 -0.584119
v 10.929800 5.001720 -0.600308
v 10.962041 5.020947 -0.600308
v 10.938299 4.982572 -0.600308
v 10.970539 5.001799 -0.600308
v 10.942548 4.972998 -0.584119
v 10.974788 4.992225 -0.584119
v 10.938299 4.982572 -0.567931
v 10.970539 5.001799 -0.567931
v 10.929800 5.001720 -0.567931
v 10.962041 5.020947 -0.567931
vn -0.926649 0.375929 -0.000000
vn 0.207391 0.978258 -0.000000
vn 0.382362 0.576641 -0.722000
vn -0.726302 0.063417 -0.684444
vn -0.726302 0.063417 -0.684444
vn 0.382362 0.576641 -0.722000
vn 0.726303 -0.063419 -0.684443
vn -0.382361 -0.576643 -0.721999
vn -0.382361 -0.576643 -0.721999
vn 0.726303 -0.063419 -0.684443
vn 0.926649 -0.375928 0.000000
vn -0.207393 -0.978258 0.000000
vn -0.207393 -0.978258 0.000000
vn 0.926649 -0.375928 0.000000
vn 0.726303 -0.063419 0.684443
vn -0.382361 -0.576643 0.721999
vn 0.382362 0.576641 -0.722000
vn 0.207391 0.978258 -0.000000
vn 0.382362 0.576642 0.721999
vn 0.726303 -0.063419 0.684443
vn 0.926649 -0.375928 0.000000
vn 0.726303 -0.063419 -0.684443
vn -0.382361 -0.576643 0.721999
vn 0.726303 -0.063419 0.684443
vn 0.382362 0.576642 0.721999
vn -0.726302 0.063417 0.684444
vn -0.726302 0.063417 0.684444
vn 0.382362 0.576642 0.721999
vn 0.207391 0.978258 -0.000000
vn -0.926649 0.375929 -0.000000
vn -0.926649 0.375929 -0.000000
vn -0.726302 0.063417 -0.684444
vn -0.382361 -0.576643 -0.721999
vn -0.207393 -0.978258 0.000000
vn -0.382361 -0.576643 0.721999
vn -0.726302 0.063417 0.684444
s off
g lightTower lightTowerGrp lightGrp5 light2 polySurface37
usemtl SM_Light_Tower_1_JFGSG
f 3833//12057 3834//12058 3836//12059 3835//12060
f 3835//12061 3836//12062 3838//12063 3837//12064
f 3837//12065 3838//12066 3840//12067 3839//12068
f 3839//12069 3840//12070 3842//12071 3841//12072
f 3836//12073 3834//12074 3844//12075 3842//12076 3840//12077 3838//12078
f 3841//12079 3842//12080 3844//12081 3843//12082
f 3843//12083 3844//12084 3834//12085 3833//12086
f 3833//12087 3835//12088 3837//12089 3839//12090 3841//12091 3843//12092
g default
v 10.962341 5.018685 -0.582568
v 10.985057 5.035511 -0.582568
v 10.964996 5.012703 -0.592683
v 10.988287 5.028233 -0.594875
v 10.970306 5.000740 -0.592683
v 10.994747 5.013677 -0.594875
v 10.972960 4.994759 -0.582568
v 10.997978 5.006399 -0.582568
v 10.970306 5.000740 -0.572454
v 10.994747 5.013677 -0.570262
v 10.964996 5.012703 -0.572454
v 10.988287 5.028233 -0.570262
v 10.663175 5.567252 -0.582568
v 10.730120 5.607346 -0.582568
v 10.665356 5.562337 -0.590879
v 10.732331 5.602364 -0.590992
v 10.669719 5.552507 -0.590879
v 10.736754 5.592400 -0.590992
v 10.671900 5.547592 -0.582568
v 10.738965 5.587418 -0.582568
v 10.669719 5.552507 -0.574258
v 10.736754 5.592400 -0.574145
v 10.665356 5.562337 -0.574258
v 10.732331 5.602364 -0.574145
v 10.982268 5.043486 -0.582568
v 10.742564 5.583570 -0.582568
v 10.987968 5.046885 -0.593740
v 10.748264 5.586969 -0.593740
v 10.999368 5.053683 -0.593740
v 10.759663 5.593767 -0.593740
v 11.005068 5.057083 -0.582568
v 10.765363 5.597167 -0.582568
v 10.999368 5.053683 -0.571396
v 10.759663 5.593767 -0.571397
v 10.987968 5.046885 -0.571396
v 10.748264 5.586969 -0.571397
v 10.987842 5.034921 -0.582568
v 10.994492 5.033682 -0.570829
v 11.013079 5.029044 -0.570829
v 11.019729 5.027805 -0.582568
v 11.013079 5.029044 -0.594307
v 10.994492 5.033682 -0.594307
v 10.753804 5.615029 -0.592366
v 10.743626 5.593506 -0.592366
v 10.741881 5.589316 -0.582568
v 10.743626 5.593506 -0.572771
v 10.753804 5.615029 -0.572771
v 10.755549 5.619220 -0.582568
vn -0.595218 0.803564 -0.000001
vn -0.530631 0.847603 0.000000
vn -0.252589 0.385796 -0.887333
vn -0.318812 0.354050 -0.879208
vn -0.318812 0.354050 -0.879208
vn -0.252589 0.385796 -0.887333
vn 0.263121 -0.407089 -0.874669
vn 0.150082 -0.434058 -0.888296
vn 0.150082 -0.434058 -0.888296
vn 0.263121 -0.407089 -0.874669
vn 0.559537 -0.828805 0.000001
vn 0.421871 -0.906656 -0.000001
vn 0.421871 -0.906656 -0.000001
vn 0.559537 -0.828805 0.000001
vn 0.263121 -0.407088 0.874669
vn 0.150079 -0.434060 0.888295
vn 0.150079 -0.434060 0.888295
vn 0.263121 -0.407088 0.874669
vn -0.252591 0.385795 0.887333
vn -0.318816 0.354049 0.879207
vn -0.318816 0.354049 0.879207
vn -0.252591 0.385795 0.887333
vn -0.530631 0.847603 0.000000
vn -0.595218 0.803564 -0.000001
vn -0.513812 0.857903 -0.000001
vn -0.493715 0.869624 -0.000000
vn -0.272537 0.430099 -0.860662
vn -0.237475 0.394833 -0.887532
vn -0.237475 0.394833 -0.887532
vn -0.272537 0.430099 -0.860662
vn 0.131205 -0.414835 -0.900387
vn 0.234355 -0.396323 -0.887697
vn 0.234355 -0.396323 -0.887697
vn 0.131205 -0.414835 -0.900387
vn 0.372792 -0.927915 -0.000000
vn 0.510604 -0.859816 -0.000000
vn 0.510604 -0.859816 -0.000000
vn 0.372792 -0.927915 -0.000000
vn 0.131206 -0.414835 0.900387
vn 0.234356 -0.396323 0.887697
vn 0.234356 -0.396323 0.887697
vn 0.131206 -0.414835 0.900387
vn -0.272537 0.430100 0.860661
vn -0.237475 0.394834 0.887532
vn -0.237475 0.394834 0.887532
vn -0.272537 0.430100 0.860661
vn -0.493715 0.869624 -0.000000
vn -0.513812 0.857903 -0.000001
vn -0.897872 -0.440256 0.000000
vn -0.924759 -0.380553 0.000000
vn -0.461640 -0.156788 -0.873101
vn -0.459527 -0.217848 -0.861032
vn -0.459527 -0.217848 -0.861032
vn -0.461640 -0.156788 -0.873101
vn 0.426875 0.208472 -0.879953
vn 0.440720 0.223984 -0.869251
vn 0.440720 0.223984 -0.869251
vn 0.426875 0.208472 -0.879953
vn 0.925476 0.378806 -0.000000
vn 0.898638 0.438691 0.000001
vn 0.898638 0.438691 0.000001
vn 0.925476 0.378806 -0.000000
vn 0.426875 0.208472 0.879953
vn 0.440720 0.223984 0.869251
vn 0.440720 0.223984 0.869251
vn 0.426875 0.208472 0.879953
vn -0.461640 -0.156788 0.873101
vn -0.459527 -0.217848 0.861032
vn -0.459527 -0.217848 0.861032
vn -0.461640 -0.156788 0.873101
vn -0.924759 -0.380553 0.000000
vn -0.897872 -0.440256 0.000000
vn 0.211948 0.557362 -0.802761
vn -0.270626 -0.223408 -0.936403
vn 0.131205 -0.414835 -0.900387
vn -0.272537 0.430099 -0.860662
vn -0.270626 -0.223408 -0.936403
vn -0.513792 -0.857915 0.000000
vn 0.372792 -0.927915 -0.000000
vn 0.131205 -0.414835 -0.900387
vn -0.513792 -0.857915 0.000000
vn -0.270626 -0.223408 0.936403
vn 0.131206 -0.414835 0.900387
vn 0.372792 -0.927915 -0.000000
vn -0.270626 -0.223408 0.936403
vn 0.211947 0.557362 0.802761
vn -0.272537 0.430100 0.860661
vn 0.131206 -0.414835 0.900387
vn 0.211947 0.557362 0.802761
vn 0.414646 0.909983 -0.000000
vn -0.493715 0.869624 -0.000000
vn -0.272537 0.430100 0.860661
vn 0.414646 0.909983 -0.000000
vn 0.211948 0.557362 -0.802761
vn -0.272537 0.430099 -0.860662
vn -0.493715 0.869624 -0.000000
vn -0.459527 -0.217848 -0.861032
vn 0.440720 0.223984 -0.869251
vn 0.605574 -0.087316 -0.790985
vn -0.231347 0.097036 -0.968020
vn 0.440720 0.223984 -0.869251
vn 0.898638 0.438691 0.000001
vn 0.989298 -0.145907 0.000001
vn 0.605574 -0.087316 -0.790985
vn 0.898638 0.438691 0.000001
vn 0.440720 0.223984 0.869251
vn 0.605574 -0.087314 0.790984
vn 0.989298 -0.145907 0.000001
vn 0.440720 0.223984 0.869251
vn -0.459527 -0.217848 0.861032
vn -0.231346 0.097036 0.968020
vn 0.605574 -0.087314 0.790984
vn -0.459527 -0.217848 0.861032
vn -0.897872 -0.440256 0.000000
vn -0.951890 0.306440 -0.000000
vn -0.231346 0.097036 0.968020
vn -0.897872 -0.440256 0.000000
vn -0.459527 -0.217848 -0.861032
vn -0.231347 0.097036 -0.968020
vn -0.951890 0.306440 -0.000000
vn -0.231346 0.097036 0.968020
vn -0.951890 0.306440 -0.000000
vn -0.530631 0.847603 0.000000
vn -0.252591 0.385795 0.887333
vn 0.605574 -0.087314 0.790984
vn -0.231346 0.097036 0.968020
vn -0.252591 0.385795 0.887333
vn 0.263121 -0.407088 0.874669
vn 0.989298 -0.145907 0.000001
vn 0.605574 -0.087314 0.790984
vn 0.263121 -0.407088 0.874669
vn 0.559537 -0.828805 0.000001
vn 0.605574 -0.087316 -0.790985
vn 0.989298 -0.145907 0.000001
vn 0.559537 -0.828805 0.000001
vn 0.263121 -0.407089 -0.874669
vn -0.231347 0.097036 -0.968020
vn 0.605574 -0.087316 -0.790985
vn 0.263121 -0.407089 -0.874669
vn -0.252589 0.385796 -0.887333
vn -0.951890 0.306440 -0.000000
vn -0.231347 0.097036 -0.968020
vn -0.252589 0.385796 -0.887333
vn -0.530631 0.847603 0.000000
vn 0.925476 0.378806 -0.000000
vn 0.426875 0.208472 -0.879953
vn 0.211948 0.557362 -0.802761
vn 0.414646 0.909983 -0.000000
vn 0.426875 0.208472 0.879953
vn 0.925476 0.378806 -0.000000
vn 0.414646 0.909983 -0.000000
vn 0.211947 0.557362 0.802761
vn -0.461640 -0.156788 0.873101
vn 0.426875 0.208472 0.879953
vn 0.211947 0.557362 0.802761
vn -0.270626 -0.223408 0.936403
vn -0.924759 -0.380553 0.000000
vn -0.461640 -0.156788 0.873101
vn -0.270626 -0.223408 0.936403
vn -0.513792 -0.857915 0.000000
vn -0.461640 -0.156788 -0.873101
vn -0.924759 -0.380553 0.000000
vn -0.513792 -0.857915 0.000000
vn -0.270626 -0.223408 -0.936403
vn 0.426875 0.208472 -0.879953
vn -0.461640 -0.156788 -0.873101
vn -0.270626 -0.223408 -0.936403
vn 0.211948 0.557362 -0.802761
s off
g lightTower lightTowerGrp lightGrp5 light2 polySurface93
usemtl SM_Light_Tower_1_JFGSG
f 3845//12093 3846//12094 3848//12095 3847//12096
f 3847//12097 3848//12098 3850//12099 3849//12100
f 3849//12101 3850//12102 3852//12103 3851//12104
f 3851//12105 3852//12106 3854//12107 3853//12108
f 3853//12109 3854//12110 3856//12111 3855//12112
f 3855//12113 3856//12114 3846//12115 3845//12116
f 3857//12117 3858//12118 3860//12119 3859//12120
f 3859//12121 3860//12122 3862//12123 3861//12124
f 3861//12125 3862//12126 3864//12127 3863//12128
f 3863//12129 3864//12130 3866//12131 3865//12132
f 3865//12133 3866//12134 3868//12135 3867//12136
f 3867//12137 3868//12138 3858//12139 3857//12140
f 3869//12141 3870//12142 3872//12143 3871//12144
f 3871//12145 3872//12146 3874//12147 3873//12148
f 3873//12149 3874//12150 3876//12151 3875//12152
f 3875//12153 3876//12154 3878//12155 3877//12156
f 3877//12157 3878//12158 3880//12159 3879//12160
f 3879//12161 3880//12162 3870//12163 3869//12164
f 3887//12165 3888//12166 3862//12167 3860//12168
f 3888//12169 3889//12170 3864//12171 3862//12172
f 3889//12173 3890//12174 3866//12175 3864//12176
f 3890//12177 3891//12178 3868//12179 3866//12180
f 3891//12181 3892//12182 3858//12183 3868//12184
f 3892//12185 3887//12186 3860//12187 3858//12188
f 3871//12189 3873//12190 3885//12191 3886//12192
f 3873//12193 3875//12194 3884//12195 3885//12196
f 3875//12197 3877//12198 3883//12199 3884//12200
f 3877//12201 3879//12202 3882//12203 3883//12204
f 3879//12205 3869//12206 3881//12207 3882//12208
f 3869//12209 3871//12210 3886//12211 3881//12212
f 3882//12213 3881//12214 3846//12215 3856//12216
f 3883//12217 3882//12218 3856//12219 3854//12220
f 3884//12221 3883//12222 3854//12223 3852//12224
f 3885//12225 3884//12226 3852//12227 3850//12228
f 3886//12229 3885//12230 3850//12231 3848//12232
f 3881//12233 3886//12234 3848//12235 3846//12236
f 3876//12237 3874//12238 3887//12239 3892//12240
f 3878//12241 3876//12242 3892//12243 3891//12244
f 3880//12245 3878//12246 3891//12247 3890//12248
f 3870//12249 3880//12250 3890//12251 3889//12252
f 3872//12253 3870//12254 3889//12255 3888//12256
f 3874//12257 3872//12258 3888//12259 3887//12260
g default
v 10.877654 5.218769 -0.619729
v 10.781659 5.435057 -0.619729
v 10.877654 5.218768 -0.814469
v 10.781659 5.435057 -0.814469
v 10.859950 5.208210 -0.619729
v 10.763955 5.424499 -0.619729
v 10.859950 5.208210 -0.814469
v 10.763955 5.424499 -0.814469
v 10.747889 5.402076 -0.806869
v 10.834871 5.206095 -0.806869
v 10.834871 5.206095 -0.624773
v 10.747889 5.402076 -0.624773
v 10.736111 5.360346 -0.795362
v 10.798734 5.219249 -0.795362
v 10.798734 5.219249 -0.636487
v 10.736111 5.360346 -0.636487
v 10.735516 5.320872 -0.777698
v 10.770682 5.241639 -0.777698
v 10.770682 5.241639 -0.654668
v 10.735516 5.320872 -0.654668
vn 0.342389 -0.574113 -0.743750
vn 0.132102 -0.668697 -0.731706
vn -0.534436 0.464623 -0.706048
vn -0.342389 0.574112 -0.743751
vn 0.132102 -0.668697 -0.731706
vn -0.260319 -0.730832 -0.630966
vn -0.779347 0.224550 -0.584975
vn -0.534436 0.464623 -0.706048
vn 0.160411 -0.668017 0.726651
vn 0.342389 -0.574112 0.743751
vn -0.342389 0.574113 0.743750
vn -0.519605 0.484973 0.703429
vn 0.342389 -0.574113 -0.743750
vn 0.342389 -0.574112 0.743751
vn 0.160411 -0.668017 0.726651
vn 0.132102 -0.668697 -0.731706
vn -0.534436 0.464623 -0.706048
vn -0.519605 0.484973 0.703429
vn -0.342389 0.574113 0.743750
vn -0.342389 0.574112 -0.743751
vn -0.749262 0.236565 0.618582
vn -0.850117 -0.008964 0.526518
vn -0.535973 -0.630580 0.561338
vn -0.228116 -0.712113 0.663972
vn -0.519605 0.484973 0.703429
vn -0.749262 0.236565 0.618582
vn -0.228116 -0.712113 0.663972
vn 0.160411 -0.668017 0.726651
vn 0.160411 -0.668017 0.726651
vn -0.228116 -0.712113 0.663972
vn -0.260319 -0.730832 -0.630966
vn 0.132102 -0.668697 -0.731706
vn -0.534436 0.464623 -0.706048
vn -0.779347 0.224550 -0.584975
vn -0.749262 0.236565 0.618582
vn -0.519605 0.484973 0.703429
vn -0.848403 -0.007150 -0.529303
vn -0.922821 -0.238379 -0.302617
vn -0.924857 -0.238856 0.295951
vn -0.850117 -0.008964 0.526518
vn -0.228116 -0.712113 0.663972
vn -0.535973 -0.630580 0.561338
vn -0.533072 -0.630405 -0.564291
vn -0.260319 -0.730832 -0.630966
vn -0.779347 0.224550 -0.584975
vn -0.848403 -0.007150 -0.529303
vn -0.850117 -0.008964 0.526518
vn -0.749262 0.236565 0.618582
vn -0.260319 -0.730832 -0.630966
vn -0.533072 -0.630405 -0.564291
vn -0.848403 -0.007150 -0.529303
vn -0.779347 0.224550 -0.584975
vn -0.789308 -0.527797 -0.313725
vn -0.791140 -0.529083 0.306867
vn -0.924857 -0.238856 0.295951
vn -0.922821 -0.238379 -0.302617
vn -0.533072 -0.630405 -0.564291
vn -0.789308 -0.527797 -0.313725
vn -0.922821 -0.238379 -0.302617
vn -0.848403 -0.007150 -0.529303
vn -0.850117 -0.008964 0.526518
vn -0.924857 -0.238856 0.295951
vn -0.791140 -0.529083 0.306867
vn -0.535973 -0.630580 0.561338
vn -0.535973 -0.630580 0.561338
vn -0.791140 -0.529083 0.306867
vn -0.789308 -0.527797 -0.313725
vn -0.533072 -0.630405 -0.564291
s off
g lightTower lightTowerGrp lightGrp5 light2 polySurface11
usemtl SM_Light_Tower_1_JFGSG
f 3895//12261 3899//12262 3900//12263 3896//12264
f 3899//12265 3902//12266 3901//12267 3900//12268
f 3897//12269 3893//12270 3894//12271 3898//12272
f 3895//12273 3893//12274 3897//12275 3899//12276
f 3900//12277 3898//12278 3894//12279 3896//12280
f 3904//12281 3908//12282 3907//12283 3903//12284
f 3898//12285 3904//12286 3903//12287 3897//12288
f 3897//12289 3903//12290 3902//12291 3899//12292
f 3900//12293 3901//12294 3904//12295 3898//12296
f 3905//12297 3909//12298 3912//12299 3908//12300
f 3903//12301 3907//12302 3906//12303 3902//12304
f 3901//12305 3905//12306 3908//12307 3904//12308
f 3902//12309 3906//12310 3905//12311 3901//12312
f 3910//12313 3911//12314 3912//12315 3909//12316
f 3906//12317 3910//12318 3909//12319 3905//12320
f 3908//12321 3912//12322 3911//12323 3907//12324
f 3907//12325 3911//12326 3910//12327 3906//12328
g default
v 10.865200 5.196134 -0.603734
v 10.758845 5.435764 -0.603734
v 10.865200 5.196134 -0.836180
v 10.758845 5.435764 -0.836180
v 10.894839 5.194928 -0.589159
v 10.775232 5.464419 -0.589159
v 10.894839 5.194928 -0.850755
v 10.775232 5.464419 -0.850755
v 10.871826 5.181204 -0.850755
v 10.871826 5.181204 -0.589159
v 10.752219 5.450694 -0.589159
v 10.752219 5.450694 -0.850755
v 10.882453 5.206423 -0.836180
v 10.882453 5.206423 -0.603734
v 10.776098 5.446054 -0.603734
v 10.776098 5.446054 -0.836180
vn -0.710406 -0.627130 -0.319423
vn -0.710406 -0.627130 0.319423
vn -0.271769 -0.731311 0.625560
vn -0.271769 -0.731312 -0.625560
vn -0.271769 -0.731312 -0.625560
vn -0.785427 0.217218 -0.579587
vn 0.271769 0.731311 -0.625560
vn 0.785427 -0.217218 -0.579587
vn 0.785427 -0.217218 -0.579587
vn 0.271769 0.731311 -0.625560
vn 0.271769 0.731312 0.625560
vn 0.785427 -0.217218 0.579587
vn 0.785427 -0.217218 0.579587
vn 0.271769 0.731312 0.625560
vn -0.785427 0.217218 0.579587
vn -0.271769 -0.731311 0.625560
vn -0.271769 -0.731312 -0.625560
vn 0.785427 -0.217218 -0.579587
vn 0.785427 -0.217218 0.579587
vn -0.271769 -0.731311 0.625560
vn 0.271769 0.731311 -0.625560
vn -0.785427 0.217218 -0.579587
vn -0.785427 0.217218 0.579587
vn 0.271769 0.731312 0.625560
vn -0.945370 -0.126107 -0.300620
vn -0.945370 -0.126107 0.300620
vn -0.271769 -0.731312 -0.625560
vn -0.271769 -0.731311 0.625560
vn -0.710406 -0.627130 -0.319423
vn -0.945370 -0.126107 -0.300620
vn -0.271769 -0.731311 0.625560
vn -0.785427 0.217218 0.579587
vn -0.710406 -0.627130 0.319423
vn -0.710406 -0.627130 -0.319423
vn -0.785427 0.217218 0.579587
vn -0.785427 0.217218 -0.579587
vn -0.945370 -0.126107 0.300620
vn -0.710406 -0.627130 0.319423
vn -0.785427 0.217218 -0.579587
vn -0.271769 -0.731312 -0.625560
vn -0.785427 0.217218 -0.579587
vn -0.271769 -0.731312 -0.625560
vn -0.271769 -0.731311 0.625560
vn -0.785427 0.217218 0.579587
vn -0.945370 -0.126107 0.300620
vn -0.945370 -0.126107 -0.300620
vn -0.785427 0.217218 -0.579587
vn -0.785427 0.217218 0.579587
vn -0.710406 -0.627130 0.319423
vn -0.945370 -0.126107 0.300620
vn -0.785427 0.217218 0.579587
vn -0.271769 -0.731311 0.625560
vn -0.945370 -0.126107 -0.300620
vn -0.710406 -0.627130 -0.319423
vn -0.271769 -0.731312 -0.625560
vn -0.785427 0.217218 -0.579587
s off
g lightTower lightTowerGrp lightGrp5 light2 polySurface1
usemtl SM_Light_Tower_1_JFGSG
f 3914//12329 3916//12330 3928//12331 3927//12332
f 3921//12333 3924//12334 3920//12335 3919//12336
f 3919//12337 3920//12338 3918//12339 3917//12340
f 3917//12341 3918//12342 3923//12343 3922//12344
f 3921//12345 3919//12346 3917//12347 3922//12348
f 3920//12349 3924//12350 3923//12351 3918//12352
f 3913//12353 3915//12354 3921//12355 3922//12356
f 3914//12357 3913//12358 3922//12359 3923//12360
f 3916//12361 3914//12362 3923//12363 3924//12364
f 3915//12365 3916//12366 3924//12367 3921//12368
f 3926//12369 3927//12370 3928//12371 3925//12372
f 3915//12373 3913//12374 3926//12375 3925//12376
f 3916//12377 3915//12378 3925//12379 3928//12380
f 3913//12381 3914//12382 3927//12383 3926//12384
g default
v 10.708243 5.446092 -0.851727
v 10.724047 5.455517 -0.851727
v 10.710735 5.440476 -0.861223
v 10.726540 5.449901 -0.861223
v 10.715721 5.429243 -0.861223
v 10.731525 5.438669 -0.861223
v 10.718213 5.423627 -0.851727
v 10.734018 5.433052 -0.851727
v 10.715721 5.429243 -0.842231
v 10.731525 5.438669 -0.842231
v 10.710735 5.440476 -0.842231
v 10.726540 5.449901 -0.842231
vn -0.926649 0.375927 -0.000001
vn 0.207394 0.978258 -0.000001
vn 0.382360 0.576644 -0.721999
vn -0.726303 0.063420 -0.684442
vn -0.726303 0.063420 -0.684442
vn 0.382360 0.576644 -0.721999
vn 0.726302 -0.063418 -0.684444
vn -0.382362 -0.576642 -0.721999
vn -0.382362 -0.576642 -0.721999
vn 0.726302 -0.063418 -0.684444
vn 0.926649 -0.375928 -0.000001
vn -0.207392 -0.978258 -0.000001
vn -0.207392 -0.978258 -0.000001
vn 0.926649 -0.375928 -0.000001
vn 0.726303 -0.063418 0.684443
vn -0.382362 -0.576642 0.721999
vn 0.382360 0.576644 -0.721999
vn 0.207394 0.978258 -0.000001
vn 0.382360 0.576645 0.721998
vn 0.726303 -0.063418 0.684443
vn 0.926649 -0.375928 -0.000001
vn 0.726302 -0.063418 -0.684444
vn -0.382362 -0.576642 0.721999
vn 0.726303 -0.063418 0.684443
vn 0.382360 0.576645 0.721998
vn -0.726304 0.063421 0.684442
vn -0.726304 0.063421 0.684442
vn 0.382360 0.576645 0.721998
vn 0.207394 0.978258 -0.000001
vn -0.926649 0.375927 -0.000001
vn -0.926649 0.375927 -0.000001
vn -0.726303 0.063420 -0.684442
vn -0.382362 -0.576642 -0.721999
vn -0.207392 -0.978258 -0.000001
vn -0.382362 -0.576642 0.721999
vn -0.726304 0.063421 0.684442
s off
g lightTower lightTowerGrp lightGrp5 light2 polySurface69
usemtl SM_Light_Tower_1_JFGSG
f 3929//12385 3930//12386 3932//12387 3931//12388
f 3931//12389 3932//12390 3934//12391 3933//12392
f 3933//12393 3934//12394 3936//12395 3935//12396
f 3935//12397 3936//12398 3938//12399 3937//12400
f 3932//12401 3930//12402 3940//12403 3938//12404 3936//12405 3934//12406
f 3937//12407 3938//12408 3940//12409 3939//12410
f 3939//12411 3940//12412 3930//12413 3929//12414
f 3929//12415 3931//12416 3933//12417 3935//12418 3937//12419 3939//12420
g default
v 10.799199 5.494574 -0.858015
v 10.799199 5.494574 -0.588745
v 10.807728 5.494095 -0.858015
v 10.807728 5.494095 -0.588745
v 10.811634 5.485293 -0.858015
v 10.811634 5.485293 -0.588745
v 10.807012 5.476971 -0.858015
v 10.807012 5.476971 -0.588745
v 10.798483 5.477450 -0.858015
v 10.798483 5.477450 -0.588745
v 10.794576 5.486252 -0.858015
v 10.794576 5.486252 -0.588745
vn -0.512207 0.858862 -0.000000
vn -0.389019 0.652302 0.650512
vn 0.456801 0.612062 0.645533
vn 0.598117 0.801409 -0.000000
vn 0.598117 0.801409 -0.000000
vn 0.456801 0.612062 0.645533
vn 0.793463 -0.033179 0.607714
vn 0.999127 -0.041779 0.000000
vn 0.999127 -0.041779 0.000000
vn 0.793463 -0.033179 0.607714
vn 0.389019 -0.652302 0.650513
vn 0.512207 -0.858862 0.000000
vn 0.512207 -0.858862 0.000000
vn 0.389019 -0.652302 0.650513
vn -0.456801 -0.612062 0.645533
vn -0.598117 -0.801409 0.000000
vn -0.598117 -0.801409 0.000000
vn -0.456801 -0.612062 0.645533
vn -0.793462 0.033179 0.607714
vn -0.999127 0.041779 -0.000000
vn -0.999127 0.041779 -0.000000
vn -0.793462 0.033179 0.607714
vn -0.389019 0.652302 0.650512
vn -0.512207 0.858862 -0.000000
vn 0.456801 0.612062 0.645533
vn -0.389019 0.652302 0.650512
vn -0.793462 0.033179 0.607714
vn -0.456801 -0.612062 0.645533
vn 0.389019 -0.652302 0.650513
vn 0.793463 -0.033179 0.607714
s off
g lightTower lightTowerGrp lightGrp5 light2 polySurface66
usemtl SM_Light_Tower_1_JFGSG
f 3941//12421 3942//12422 3944//12423 3943//12424
f 3943//12425 3944//12426 3946//12427 3945//12428
f 3945//12429 3946//12430 3948//12431 3947//12432
f 3947//12433 3948//12434 3950//12435 3949//12436
f 3949//12437 3950//12438 3952//12439 3951//12440
f 3951//12441 3952//12442 3942//12443 3941//12444
f 3944//12445 3942//12446 3952//12447 3950//12448 3948//12449 3946//12450
g default
v 10.723745 5.448778 -0.852575
v 10.799444 5.493923 -0.852575
v 10.725448 5.444941 -0.859063
v 10.801147 5.490086 -0.859063
v 10.728854 5.437267 -0.859063
v 10.804553 5.482412 -0.859063
v 10.730557 5.433430 -0.852575
v 10.806256 5.478575 -0.852575
v 10.728854 5.437267 -0.846088
v 10.804553 5.482412 -0.846088
v 10.725448 5.444941 -0.846088
v 10.801147 5.490086 -0.846088
vn -0.512207 0.858862 -0.000003
vn 0.207391 0.978258 -0.000002
vn 0.382363 0.576641 -0.722000
vn -0.235915 0.395578 -0.887616
vn -0.235915 0.395578 -0.887616
vn 0.382363 0.576641 -0.722000
vn 0.726304 -0.063422 -0.684442
vn 0.235917 -0.395583 -0.887613
vn 0.235917 -0.395583 -0.887613
vn 0.726304 -0.063422 -0.684442
vn 0.926650 -0.375926 0.000001
vn 0.512207 -0.858862 0.000002
vn 0.512207 -0.858862 0.000002
vn 0.926650 -0.375926 0.000001
vn 0.726303 -0.063421 0.684442
vn 0.235917 -0.395582 0.887614
vn 0.235917 -0.395582 0.887614
vn 0.726303 -0.063421 0.684442
vn 0.382362 0.576643 0.721999
vn -0.235915 0.395580 0.887615
vn -0.235915 0.395580 0.887615
vn 0.382362 0.576643 0.721999
vn 0.207391 0.978258 -0.000002
vn -0.512207 0.858862 -0.000003
vn 0.382363 0.576641 -0.722000
vn 0.207391 0.978258 -0.000002
vn 0.382362 0.576643 0.721999
vn 0.726303 -0.063421 0.684442
vn 0.926650 -0.375926 0.000001
vn 0.726304 -0.063422 -0.684442
s off
g lightTower lightTowerGrp lightGrp5 light2 polySurface70
usemtl SM_Light_Tower_1_JFGSG
f 3953//12451 3954//12452 3956//12453 3955//12454
f 3955//12455 3956//12456 3958//12457 3957//12458
f 3957//12459 3958//12460 3960//12461 3959//12462
f 3959//12463 3960//12464 3962//12465 3961//12466
f 3961//12467 3962//12468 3964//12469 3963//12470
f 3963//12471 3964//12472 3954//12473 3953//12474
f 3956//12475 3954//12476 3964//12477 3962//12478 3960//12479 3958//12480
g default
v 10.964042 5.019082 -0.862448
v 10.985057 5.035511 -0.862448
v 10.966547 5.013436 -0.871995
v 10.988287 5.028233 -0.874755
v 10.971559 5.002145 -0.871995
v 10.994747 5.013677 -0.874755
v 10.974065 4.996499 -0.862448
v 10.997978 5.006399 -0.862448
v 10.971559 5.002145 -0.852902
v 10.994747 5.013677 -0.850142
v 10.966547 5.013436 -0.852902
v 10.988287 5.028233 -0.850142
v 10.663175 5.567251 -0.862449
v 10.730120 5.607346 -0.862449
v 10.665356 5.562337 -0.870759
v 10.732331 5.602364 -0.870872
v 10.669719 5.552507 -0.870759
v 10.736754 5.592400 -0.870872
v 10.671900 5.547592 -0.862449
v 10.738965 5.587418 -0.862449
v 10.669719 5.552507 -0.854138
v 10.736754 5.592400 -0.854025
v 10.665356 5.562337 -0.854138
v 10.732331 5.602364 -0.854025
v 10.982268 5.043486 -0.862448
v 10.742564 5.583570 -0.862449
v 10.987968 5.046885 -0.873620
v 10.748264 5.586969 -0.873620
v 10.999368 5.053683 -0.873620
v 10.759663 5.593767 -0.873620
v 11.005068 5.057083 -0.862448
v 10.765363 5.597167 -0.862449
v 10.999368 5.053683 -0.851276
v 10.759663 5.593767 -0.851277
v 10.987968 5.046885 -0.851276
v 10.748264 5.586969 -0.851277
v 10.987842 5.034921 -0.862448
v 10.994492 5.033682 -0.850709
v 11.013079 5.029044 -0.850709
v 11.019729 5.027805 -0.862448
v 11.013079 5.029044 -0.874187
v 10.994492 5.033682 -0.874187
v 10.753804 5.615029 -0.872246
v 10.743626 5.593506 -0.872246
v 10.741881 5.589316 -0.862449
v 10.743626 5.593506 -0.852651
v 10.753804 5.615029 -0.852651
v 10.755549 5.619220 -0.862449
vn -0.615891 0.787831 -0.000002
vn -0.542294 0.840189 -0.000001
vn -0.264399 0.379171 -0.886748
vn -0.344046 0.342418 -0.874289
vn -0.344046 0.342418 -0.874289
vn -0.264399 0.379171 -0.886748
vn 0.248152 -0.415341 -0.875164
vn 0.116283 -0.446156 -0.887369
vn 0.116283 -0.446156 -0.887369
vn 0.248152 -0.415341 -0.875164
vn 0.543044 -0.839704 -0.000000
vn 0.382528 -0.923944 -0.000001
vn 0.382528 -0.923944 -0.000001
vn 0.543044 -0.839704 -0.000000
vn 0.248152 -0.415340 0.875164
vn 0.116280 -0.446155 0.887369
vn 0.116280 -0.446155 0.887369
vn 0.248152 -0.415340 0.875164
vn -0.264399 0.379173 0.886747
vn -0.344046 0.342421 0.874288
vn -0.344046 0.342421 0.874288
vn -0.264399 0.379173 0.886747
vn -0.542294 0.840189 -0.000001
vn -0.615891 0.787831 -0.000002
vn -0.513812 0.857903 -0.000000
vn -0.493715 0.869624 -0.000001
vn -0.272537 0.430099 -0.860661
vn -0.237475 0.394833 -0.887532
vn -0.237475 0.394833 -0.887532
vn -0.272537 0.430099 -0.860661
vn 0.131205 -0.414835 -0.900387
vn 0.234355 -0.396323 -0.887697
vn 0.234355 -0.396323 -0.887697
vn 0.131205 -0.414835 -0.900387
vn 0.372791 -0.927915 0.000001
vn 0.510604 -0.859816 0.000000
vn 0.510604 -0.859816 0.000000
vn 0.372791 -0.927915 0.000001
vn 0.131206 -0.414835 0.900387
vn 0.234356 -0.396323 0.887697
vn 0.234356 -0.396323 0.887697
vn 0.131206 -0.414835 0.900387
vn -0.272537 0.430100 0.860661
vn -0.237475 0.394833 0.887532
vn -0.237475 0.394833 0.887532
vn -0.272537 0.430100 0.860661
vn -0.493715 0.869624 -0.000001
vn -0.513812 0.857903 -0.000000
vn -0.897872 -0.440256 -0.000000
vn -0.924759 -0.380553 -0.000000
vn -0.461640 -0.156788 -0.873101
vn -0.459528 -0.217849 -0.861032
vn -0.459528 -0.217849 -0.861032
vn -0.461640 -0.156788 -0.873101
vn 0.426875 0.208472 -0.879953
vn 0.440720 0.223983 -0.869251
vn 0.440720 0.223983 -0.869251
vn 0.426875 0.208472 -0.879953
vn 0.925476 0.378806 -0.000000
vn 0.898638 0.438691 -0.000000
vn 0.898638 0.438691 -0.000000
vn 0.925476 0.378806 -0.000000
vn 0.426876 0.208472 0.879953
vn 0.440721 0.223984 0.869251
vn 0.440721 0.223984 0.869251
vn 0.426876 0.208472 0.879953
vn -0.461640 -0.156788 0.873101
vn -0.459528 -0.217849 0.861032
vn -0.459528 -0.217849 0.861032
vn -0.461640 -0.156788 0.873101
vn -0.924759 -0.380553 -0.000000
vn -0.897872 -0.440256 -0.000000
vn 0.211947 0.557362 -0.802761
vn -0.270626 -0.223408 -0.936403
vn 0.131205 -0.414835 -0.900387
vn -0.272537 0.430099 -0.860661
vn -0.270626 -0.223408 -0.936403
vn -0.513793 -0.857914 0.000001
vn 0.372791 -0.927915 0.000001
vn 0.131205 -0.414835 -0.900387
vn -0.513793 -0.857914 0.000001
vn -0.270625 -0.223408 0.936403
vn 0.131206 -0.414835 0.900387
vn 0.372791 -0.927915 0.000001
vn -0.270625 -0.223408 0.936403
vn 0.211948 0.557362 0.802761
vn -0.272537 0.430100 0.860661
vn 0.131206 -0.414835 0.900387
vn 0.211948 0.557362 0.802761
vn 0.414646 0.909983 -0.000001
vn -0.493715 0.869624 -0.000001
vn -0.272537 0.430100 0.860661
vn 0.414646 0.909983 -0.000001
vn 0.211947 0.557362 -0.802761
vn -0.272537 0.430099 -0.860661
vn -0.493715 0.869624 -0.000001
vn -0.459528 -0.217849 -0.861032
vn 0.440720 0.223983 -0.869251
vn 0.605575 -0.087315 -0.790984
vn -0.231342 0.097037 -0.968021
vn 0.440720 0.223983 -0.869251
vn 0.898638 0.438691 -0.000000
vn 0.989299 -0.145904 -0.000000
vn 0.605575 -0.087315 -0.790984
vn 0.898638 0.438691 -0.000000
vn 0.440721 0.223984 0.869251
vn 0.605577 -0.087313 0.790983
vn 0.989299 -0.145904 -0.000000
vn 0.440721 0.223984 0.869251
vn -0.459528 -0.217849 0.861032
vn -0.231341 0.097038 0.968021
vn 0.605577 -0.087313 0.790983
vn -0.459528 -0.217849 0.861032
vn -0.897872 -0.440256 -0.000000
vn -0.951886 0.306453 -0.000001
vn -0.231341 0.097038 0.968021
vn -0.897872 -0.440256 -0.000000
vn -0.459528 -0.217849 -0.861032
vn -0.231342 0.097037 -0.968021
vn -0.951886 0.306453 -0.000001
vn -0.231341 0.097038 0.968021
vn -0.951886 0.306453 -0.000001
vn -0.542294 0.840189 -0.000001
vn -0.264399 0.379173 0.886747
vn 0.605577 -0.087313 0.790983
vn -0.231341 0.097038 0.968021
vn -0.264399 0.379173 0.886747
vn 0.248152 -0.415340 0.875164
vn 0.989299 -0.145904 -0.000000
vn 0.605577 -0.087313 0.790983
vn 0.248152 -0.415340 0.875164
vn 0.543044 -0.839704 -0.000000
vn 0.605575 -0.087315 -0.790984
vn 0.989299 -0.145904 -0.000000
vn 0.543044 -0.839704 -0.000000
vn 0.248152 -0.415341 -0.875164
vn -0.231342 0.097037 -0.968021
vn 0.605575 -0.087315 -0.790984
vn 0.248152 -0.415341 -0.875164
vn -0.264399 0.379171 -0.886748
vn -0.951886 0.306453 -0.000001
vn -0.231342 0.097037 -0.968021
vn -0.264399 0.379171 -0.886748
vn -0.542294 0.840189 -0.000001
vn 0.925476 0.378806 -0.000000
vn 0.426875 0.208472 -0.879953
vn 0.211947 0.557362 -0.802761
vn 0.414646 0.909983 -0.000001
vn 0.426876 0.208472 0.879953
vn 0.925476 0.378806 -0.000000
vn 0.414646 0.909983 -0.000001
vn 0.211948 0.557362 0.802761
vn -0.461640 -0.156788 0.873101
vn 0.426876 0.208472 0.879953
vn 0.211948 0.557362 0.802761
vn -0.270625 -0.223408 0.936403
vn -0.924759 -0.380553 -0.000000
vn -0.461640 -0.156788 0.873101
vn -0.270625 -0.223408 0.936403
vn -0.513793 -0.857914 0.000001
vn -0.461640 -0.156788 -0.873101
vn -0.924759 -0.380553 -0.000000
vn -0.513793 -0.857914 0.000001
vn -0.270626 -0.223408 -0.936403
vn 0.426875 0.208472 -0.879953
vn -0.461640 -0.156788 -0.873101
vn -0.270626 -0.223408 -0.936403
vn 0.211947 0.557362 -0.802761
s off
g lightTower lightTowerGrp lightGrp5 light2 polySurface92
usemtl SM_Light_Tower_1_JFGSG
f 3965//12481 3966//12482 3968//12483 3967//12484
f 3967//12485 3968//12486 3970//12487 3969//12488
f 3969//12489 3970//12490 3972//12491 3971//12492
f 3971//12493 3972//12494 3974//12495 3973//12496
f 3973//12497 3974//12498 3976//12499 3975//12500
f 3975//12501 3976//12502 3966//12503 3965//12504
f 3977//12505 3978//12506 3980//12507 3979//12508
f 3979//12509 3980//12510 3982//12511 3981//12512
f 3981//12513 3982//12514 3984//12515 3983//12516
f 3983//12517 3984//12518 3986//12519 3985//12520
f 3985//12521 3986//12522 3988//12523 3987//12524
f 3987//12525 3988//12526 3978//12527 3977//12528
f 3989//12529 3990//12530 3992//12531 3991//12532
f 3991//12533 3992//12534 3994//12535 3993//12536
f 3993//12537 3994//12538 3996//12539 3995//12540
f 3995//12541 3996//12542 3998//12543 3997//12544
f 3997//12545 3998//12546 4000//12547 3999//12548
f 3999//12549 4000//12550 3990//12551 3989//12552
f 4007//12553 4008//12554 3982//12555 3980//12556
f 4008//12557 4009//12558 3984//12559 3982//12560
f 4009//12561 4010//12562 3986//12563 3984//12564
f 4010//12565 4011//12566 3988//12567 3986//12568
f 4011//12569 4012//12570 3978//12571 3988//12572
f 4012//12573 4007//12574 3980//12575 3978//12576
f 3991//12577 3993//12578 4005//12579 4006//12580
f 3993//12581 3995//12582 4004//12583 4005//12584
f 3995//12585 3997//12586 4003//12587 4004//12588
f 3997//12589 3999//12590 4002//12591 4003//12592
f 3999//12593 3989//12594 4001//12595 4002//12596
f 3989//12597 3991//12598 4006//12599 4001//12600
f 4002//12601 4001//12602 3966//12603 3976//12604
f 4003//12605 4002//12606 3976//12607 3974//12608
f 4004//12609 4003//12610 3974//12611 3972//12612
f 4005//12613 4004//12614 3972//12615 3970//12616
f 4006//12617 4005//12618 3970//12619 3968//12620
f 4001//12621 4006//12622 3968//12623 3966//12624
f 3996//12625 3994//12626 4007//12627 4012//12628
f 3998//12629 3996//12630 4012//12631 4011//12632
f 4000//12633 3998//12634 4011//12635 4010//12636
f 3990//12637 4000//12638 4010//12639 4009//12640
f 3992//12641 3990//12642 4009//12643 4008//12644
f 3994//12645 3992//12646 4008//12647 4007//12648
g default
v 10.668761 5.558337 -0.847115
v 10.668761 5.558337 -0.599613
v 10.668075 5.541937 -0.847115
v 10.668075 5.541937 -0.599613
v 10.655480 5.534426 -0.847115
v 10.655480 5.534426 -0.599613
v 10.643571 5.543314 -0.847115
v 10.643571 5.543314 -0.599613
v 10.644257 5.559713 -0.847115
v 10.644257 5.559714 -0.599613
v 10.656852 5.567225 -0.847115
v 10.656852 5.567225 -0.599613
vn 0.999127 -0.041778 0.000000
vn 0.999127 -0.041778 0.000000
vn 0.999127 -0.041778 0.000000
vn 0.999127 -0.041778 0.000000
vn 0.512207 -0.858862 0.000000
vn 0.512207 -0.858862 0.000000
vn 0.512207 -0.858862 0.000000
vn 0.512207 -0.858862 0.000000
vn -0.598118 -0.801408 0.000000
vn -0.598118 -0.801408 0.000000
vn -0.598118 -0.801408 0.000000
vn -0.598118 -0.801408 0.000000
vn -0.999127 0.041778 -0.000000
vn -0.999127 0.041778 -0.000000
vn -0.999127 0.041778 -0.000000
vn -0.999127 0.041778 -0.000000
vn 0.000000 -0.000000 1.000000
vn 0.000000 -0.000000 1.000000
vn 0.000000 -0.000000 1.000000
vn 0.000000 -0.000000 1.000000
vn 0.000000 -0.000000 1.000000
vn 0.000000 -0.000000 1.000000
vn -0.512207 0.858862 -0.000000
vn -0.512207 0.858862 -0.000000
vn -0.512207 0.858862 -0.000000
vn -0.512207 0.858862 -0.000000
vn 0.598118 0.801408 -0.000000
vn 0.598118 0.801408 -0.000000
vn 0.598118 0.801408 -0.000000
vn 0.598118 0.801408 -0.000000
vn -0.000000 0.000001 -1.000000
vn -0.000000 0.000001 -1.000000
vn -0.000000 0.000001 -1.000000
vn -0.000000 0.000001 -1.000000
vn -0.000000 0.000001 -1.000000
vn -0.000000 0.000001 -1.000000
s off
g lightTower lightTowerGrp lightGrp5 light2 polySurface51
usemtl SM_Light_Tower_1_JFGSG
f 4013//12649 4014//12650 4016//12651 4015//12652
f 4015//12653 4016//12654 4018//12655 4017//12656
f 4017//12657 4018//12658 4020//12659 4019//12660
f 4019//12661 4020//12662 4022//12663 4021//12664
f 4016//12665 4014//12666 4024//12667 4022//12668 4020//12669 4018//12670
f 4021//12671 4022//12672 4024//12673 4023//12674
f 4023//12675 4024//12676 4014//12677 4013//12678
f 4013//12679 4015//12680 4017//12681 4019//12682 4021//12683 4023//12684
g default
v 10.639532 5.540905 -0.600985
v 10.669946 5.559044 -0.600985
v 10.646684 5.524791 -0.591902
v 10.677098 5.542929 -0.591902
v 10.646684 5.524791 -0.573737
v 10.677098 5.542929 -0.573737
v 10.639532 5.540905 -0.564655
v 10.669946 5.559044 -0.564655
v 10.632380 5.557020 -0.573737
v 10.662794 5.575158 -0.573737
v 10.632380 5.557020 -0.591902
v 10.662794 5.575158 -0.591902
vn -0.550096 -0.244148 -0.798615
vn 0.550097 0.244148 -0.798615
vn 0.869506 -0.290065 -0.399776
vn -0.256119 -0.859993 -0.441379
vn -0.256119 -0.859993 -0.441379
vn 0.869506 -0.290065 -0.399776
vn 0.869506 -0.290065 0.399777
vn -0.256119 -0.859993 0.441378
vn -0.256119 -0.859993 0.441378
vn 0.869506 -0.290065 0.399777
vn 0.550096 0.244148 0.798615
vn -0.550097 -0.244149 0.798614
vn -0.550097 -0.244149 0.798614
vn 0.550096 0.244148 0.798615
vn 0.256117 0.859993 0.441379
vn -0.869507 0.290063 0.399776
vn 0.869506 -0.290065 -0.399776
vn 0.550097 0.244148 -0.798615
vn 0.256118 0.859993 -0.441379
vn 0.256117 0.859993 0.441379
vn 0.550096 0.244148 0.798615
vn 0.869506 -0.290065 0.399777
vn -0.869507 0.290063 0.399776
vn 0.256117 0.859993 0.441379
vn 0.256118 0.859993 -0.441379
vn -0.869506 0.290064 -0.399777
vn -0.869506 0.290064 -0.399777
vn 0.256118 0.859993 -0.441379
vn 0.550097 0.244148 -0.798615
vn -0.550096 -0.244148 -0.798615
vn -0.550096 -0.244148 -0.798615
vn -0.256119 -0.859993 -0.441379
vn -0.256119 -0.859993 0.441378
vn -0.550097 -0.244149 0.798614
vn -0.869507 0.290063 0.399776
vn -0.869506 0.290064 -0.399777
s off
g lightTower lightTowerGrp lightGrp5 light2 polySurface55
usemtl SM_Light_Tower_1_JFGSG
f 4025//12685 4026//12686 4028//12687 4027//12688
f 4027//12689 4028//12690 4030//12691 4029//12692
f 4029//12693 4030//12694 4032//12695 4031//12696
f 4031//12697 4032//12698 4034//12699 4033//12700
f 4028//12701 4026//12702 4036//12703 4034//12704 4032//12705 4030//12706
f 4033//12707 4034//12708 4036//12709 4035//12710
f 4035//12711 4036//12712 4026//12713 4025//12714
f 4025//12715 4027//12716 4029//12717 4031//12718 4033//12719 4035//12720
g default
v 10.691460 5.433614 -0.585030
v 10.708738 5.443918 -0.585030
v 10.694185 5.427474 -0.595412
v 10.711463 5.437778 -0.595412
v 10.699635 5.415195 -0.595412
v 10.716913 5.425499 -0.595412
v 10.702360 5.409055 -0.585030
v 10.719638 5.419359 -0.585030
v 10.699635 5.415195 -0.574649
v 10.716913 5.425499 -0.574649
v 10.694185 5.427474 -0.574649
v 10.711463 5.437778 -0.574649
vn -0.926649 0.375929 -0.000000
vn 0.207392 0.978258 -0.000000
vn 0.382362 0.576642 -0.722000
vn -0.726303 0.063418 -0.684443
vn -0.726303 0.063418 -0.684443
vn 0.382362 0.576642 -0.722000
vn 0.726303 -0.063418 -0.684443
vn -0.382363 -0.576642 -0.721999
vn -0.382363 -0.576642 -0.721999
vn 0.726303 -0.063418 -0.684443
vn 0.926649 -0.375929 0.000000
vn -0.207392 -0.978258 0.000000
vn -0.207392 -0.978258 0.000000
vn 0.926649 -0.375929 0.000000
vn 0.726303 -0.063418 0.684444
vn -0.382362 -0.576642 0.722000
vn 0.382362 0.576642 -0.722000
vn 0.207392 0.978258 -0.000000
vn 0.382362 0.576642 0.721999
vn 0.726303 -0.063418 0.684444
vn 0.926649 -0.375929 0.000000
vn 0.726303 -0.063418 -0.684443
vn -0.382362 -0.576642 0.722000
vn 0.726303 -0.063418 0.684444
vn 0.382362 0.576642 0.721999
vn -0.726302 0.063418 0.684443
vn -0.726302 0.063418 0.684443
vn 0.382362 0.576642 0.721999
vn 0.207392 0.978258 -0.000000
vn -0.926649 0.375929 -0.000000
vn -0.926649 0.375929 -0.000000
vn -0.726303 0.063418 -0.684443
vn -0.382363 -0.576642 -0.721999
vn -0.207392 -0.978258 0.000000
vn -0.382362 -0.576642 0.722000
vn -0.726302 0.063418 0.684443
s off
g lightTower lightTowerGrp lightGrp5 light2 polySurface68
usemtl SM_Light_Tower_1_JFGSG
f 4037//12721 4038//12722 4040//12723 4039//12724
f 4039//12725 4040//12726 4042//12727 4041//12728
f 4041//12729 4042//12730 4044//12731 4043//12732
f 4043//12733 4044//12734 4046//12735 4045//12736
f 4040//12737 4038//12738 4048//12739 4046//12740 4044//12741 4042//12742
f 4045//12743 4046//12744 4048//12745 4047//12746
f 4047//12747 4048//12748 4038//12749 4037//12750
f 4037//12751 4039//12752 4041//12753 4043//12754 4045//12755 4047//12756
g default
v 10.706529 5.438301 -0.585143
v 10.796774 5.492122 -0.585143
v 10.708305 5.434298 -0.591911
v 10.798551 5.488119 -0.591911
v 10.711858 5.426292 -0.591911
v 10.802104 5.480113 -0.591911
v 10.713635 5.422290 -0.585143
v 10.803881 5.476110 -0.585143
v 10.711858 5.426292 -0.578374
v 10.802104 5.480113 -0.578374
v 10.708305 5.434298 -0.578374
v 10.798551 5.488119 -0.578374
vn -0.512207 0.858862 -0.000000
vn 0.207390 0.978258 -0.000000
vn 0.382364 0.576638 -0.722001
vn -0.235913 0.395575 -0.887618
vn -0.235913 0.395575 -0.887618
vn 0.382364 0.576638 -0.722001
vn 0.726304 -0.063423 -0.684441
vn 0.235918 -0.395585 -0.887612
vn 0.235918 -0.395585 -0.887612
vn 0.726304 -0.063423 -0.684441
vn 0.926650 -0.375926 -0.000000
vn 0.512207 -0.858862 -0.000000
vn 0.512207 -0.858862 -0.000000
vn 0.926650 -0.375926 -0.000000
vn 0.726304 -0.063422 0.684441
vn 0.235918 -0.395584 0.887612
vn 0.235918 -0.395584 0.887612
vn 0.726304 -0.063422 0.684441
vn 0.382365 0.576639 0.722000
vn -0.235912 0.395575 0.887618
vn -0.235912 0.395575 0.887618
vn 0.382365 0.576639 0.722000
vn 0.207390 0.978258 -0.000000
vn -0.512207 0.858862 -0.000000
vn 0.382364 0.576638 -0.722001
vn 0.207390 0.978258 -0.000000
vn 0.382365 0.576639 0.722000
vn 0.726304 -0.063422 0.684441
vn 0.926650 -0.375926 -0.000000
vn 0.726304 -0.063423 -0.684441
s off
g lightTower lightTowerGrp lightGrp5 light2 polySurface67
usemtl SM_Light_Tower_1_JFGSG
f 4049//12757 4050//12758 4052//12759 4051//12760
f 4051//12761 4052//12762 4054//12763 4053//12764
f 4053//12765 4054//12766 4056//12767 4055//12768
f 4055//12769 4056//12770 4058//12771 4057//12772
f 4057//12773 4058//12774 4060//12775 4059//12776
f 4059//12777 4060//12778 4050//12779 4049//12780
f 4052//12781 4050//12782 4060//12783 4058//12784 4056//12785 4054//12786
g default
v 10.893319 5.200460 -0.601978
v 10.780764 5.454058 -0.601978
v 10.893319 5.200460 -0.830311
v 10.780764 5.454058 -0.830311
v 10.914076 5.212839 -0.601978
v 10.801522 5.466438 -0.601978
v 10.914076 5.212839 -0.830311
v 10.801522 5.466438 -0.830311
v 10.830927 5.468919 -0.821400
v 10.932914 5.239129 -0.821400
v 10.932914 5.239129 -0.607892
v 10.830927 5.468919 -0.607892
v 10.873299 5.453495 -0.807908
v 10.946724 5.288058 -0.807908
v 10.946724 5.288058 -0.621627
v 10.873299 5.453495 -0.621627
v 10.906189 5.427242 -0.787197
v 10.947421 5.334342 -0.787197
v 10.947421 5.334342 -0.642944
v 10.906189 5.427242 -0.642944
vn 0.342389 -0.574113 -0.743750
vn -0.342389 0.574112 -0.743751
vn -0.132100 0.668697 -0.731706
vn 0.534435 -0.464625 -0.706047
vn 0.534435 -0.464625 -0.706047
vn -0.132100 0.668697 -0.731706
vn 0.260321 0.730831 -0.630967
vn 0.779345 -0.224552 -0.584977
vn 0.519604 -0.484974 0.703429
vn -0.160408 0.668018 0.726651
vn -0.342389 0.574113 0.743750
vn 0.342389 -0.574112 0.743751
vn 0.342389 -0.574113 -0.743750
vn 0.534435 -0.464625 -0.706047
vn 0.519604 -0.484974 0.703429
vn 0.342389 -0.574112 0.743751
vn -0.132100 0.668697 -0.731706
vn -0.342389 0.574112 -0.743751
vn -0.342389 0.574113 0.743750
vn -0.160408 0.668018 0.726651
vn 0.228118 0.712112 0.663972
vn 0.749261 -0.236567 0.618583
vn 0.850117 0.008964 0.526518
vn 0.535972 0.630581 0.561338
vn -0.160408 0.668018 0.726651
vn 0.519604 -0.484974 0.703429
vn 0.749261 -0.236567 0.618583
vn 0.228118 0.712112 0.663972
vn 0.519604 -0.484974 0.703429
vn 0.534435 -0.464625 -0.706047
vn 0.779345 -0.224552 -0.584977
vn 0.749261 -0.236567 0.618583
vn -0.132100 0.668697 -0.731706
vn -0.160408 0.668018 0.726651
vn 0.228118 0.712112 0.663972
vn 0.260321 0.730831 -0.630967
vn 0.533071 0.630405 -0.564291
vn 0.535972 0.630581 0.561338
vn 0.791141 0.529083 0.306867
vn 0.789308 0.527797 -0.313725
vn 0.749261 -0.236567 0.618583
vn 0.779345 -0.224552 -0.584977
vn 0.848403 0.007150 -0.529303
vn 0.850117 0.008964 0.526518
vn 0.260321 0.730831 -0.630967
vn 0.228118 0.712112 0.663972
vn 0.535972 0.630581 0.561338
vn 0.533071 0.630405 -0.564291
vn 0.779345 -0.224552 -0.584977
vn 0.260321 0.730831 -0.630967
vn 0.533071 0.630405 -0.564291
vn 0.848403 0.007150 -0.529303
vn 0.922821 0.238379 -0.302617
vn 0.789308 0.527797 -0.313725
vn 0.791141 0.529083 0.306867
vn 0.924857 0.238856 0.295951
vn 0.848403 0.007150 -0.529303
vn 0.533071 0.630405 -0.564291
vn 0.789308 0.527797 -0.313725
vn 0.922821 0.238379 -0.302617
vn 0.535972 0.630581 0.561338
vn 0.850117 0.008964 0.526518
vn 0.924857 0.238856 0.295951
vn 0.791141 0.529083 0.306867
vn 0.850117 0.008964 0.526518
vn 0.848403 0.007150 -0.529303
vn 0.922821 0.238379 -0.302617
vn 0.924857 0.238856 0.295951
s off
g lightTower lightTowerGrp lightGrp5 light2 polySurface12
usemtl SM_Light_Tower_1_JFGSG
f 4063//12787 4064//12788 4068//12789 4067//12790
f 4067//12791 4068//12792 4069//12793 4070//12794
f 4065//12795 4066//12796 4062//12797 4061//12798
f 4063//12799 4067//12800 4065//12801 4061//12802
f 4068//12803 4064//12804 4062//12805 4066//12806
f 4072//12807 4071//12808 4075//12809 4076//12810
f 4066//12811 4065//12812 4071//12813 4072//12814
f 4065//12815 4067//12816 4070//12817 4071//12818
f 4068//12819 4066//12820 4072//12821 4069//12822
f 4073//12823 4076//12824 4080//12825 4077//12826
f 4071//12827 4070//12828 4074//12829 4075//12830
f 4069//12831 4072//12832 4076//12833 4073//12834
f 4070//12835 4069//12836 4073//12837 4074//12838
f 4078//12839 4077//12840 4080//12841 4079//12842
f 4074//12843 4073//12844 4077//12845 4078//12846
f 4076//12847 4075//12848 4079//12849 4080//12850
f 4075//12851 4074//12852 4078//12853 4079//12854
g default
v 10.893528 5.196969 -0.695417
v 10.891926 5.200579 -0.695417
v 10.893528 5.196969 -0.738687
v 10.891926 5.200579 -0.738687
v 10.906989 5.205043 -0.696010
v 10.907352 5.209872 -0.696010
v 10.906358 5.204667 -0.738122
v 10.906722 5.209496 -0.738122
vn -0.258500 -0.727867 0.635128
vn -0.623097 -0.284719 0.728481
vn -0.623123 -0.284697 -0.728468
vn -0.258587 -0.727869 -0.635090
vn -0.258587 -0.727869 -0.635090
vn -0.623123 -0.284697 -0.728468
vn 0.843382 -0.059072 -0.534057
vn 0.685206 -0.388632 -0.616002
vn 0.685206 -0.388632 -0.616002
vn 0.843382 -0.059072 -0.534057
vn 0.851304 -0.059558 0.521281
vn 0.693009 -0.385446 0.609238
vn 0.693009 -0.385446 0.609238
vn 0.851304 -0.059558 0.521281
vn -0.623097 -0.284719 0.728481
vn -0.258500 -0.727867 0.635128
vn -0.258587 -0.727869 -0.635090
vn 0.685206 -0.388632 -0.616002
vn 0.693009 -0.385446 0.609238
vn -0.258500 -0.727867 0.635128
s off
g lightTower lightTowerGrp lightGrp5 light2 polySurface10
usemtl SM_Light_Tower_1_JFGSG
f 4081//12855 4082//12856 4084//12857 4083//12858
f 4083//12859 4084//12860 4088//12861 4087//12862
f 4087//12863 4088//12864 4086//12865 4085//12866
f 4085//12867 4086//12868 4082//12869 4081//12870
f 4083//12871 4087//12872 4085//12873 4081//12874
g default
v 10.641251 5.541931 -0.881388
v 10.669946 5.559044 -0.881388
v 10.648403 5.525816 -0.872305
v 10.677098 5.542929 -0.872305
v 10.648403 5.525816 -0.854140
v 10.677098 5.542929 -0.854140
v 10.641251 5.541931 -0.845058
v 10.669946 5.559044 -0.845058
v 10.634099 5.558045 -0.854140
v 10.662794 5.575158 -0.854140
v 10.634099 5.558045 -0.872305
v 10.662794 5.575158 -0.872305
vn -0.550095 -0.244148 -0.798615
vn 0.550097 0.244149 -0.798614
vn 0.869507 -0.290064 -0.399776
vn -0.256118 -0.859993 -0.441379
vn -0.256118 -0.859993 -0.441379
vn 0.869507 -0.290064 -0.399776
vn 0.869506 -0.290064 0.399777
vn -0.256119 -0.859993 0.441379
vn -0.256119 -0.859993 0.441379
vn 0.869506 -0.290064 0.399777
vn 0.550096 0.244148 0.798615
vn -0.550097 -0.244148 0.798614
vn -0.550097 -0.244148 0.798614
vn 0.550096 0.244148 0.798615
vn 0.256117 0.859993 0.441379
vn -0.869507 0.290063 0.399776
vn 0.869507 -0.290064 -0.399776
vn 0.550097 0.244149 -0.798614
vn 0.256118 0.859993 -0.441379
vn 0.256117 0.859993 0.441379
vn 0.550096 0.244148 0.798615
vn 0.869506 -0.290064 0.399777
vn -0.869507 0.290063 0.399776
vn 0.256117 0.859993 0.441379
vn 0.256118 0.859993 -0.441379
vn -0.869507 0.290064 -0.399777
vn -0.869507 0.290064 -0.399777
vn 0.256118 0.859993 -0.441379
vn 0.550097 0.244149 -0.798614
vn -0.550095 -0.244148 -0.798615
vn -0.550095 -0.244148 -0.798615
vn -0.256118 -0.859993 -0.441379
vn -0.256119 -0.859993 0.441379
vn -0.550097 -0.244148 0.798614
vn -0.869507 0.290063 0.399776
vn -0.869507 0.290064 -0.399777
s off
g lightTower lightTowerGrp lightGrp5 light2 polySurface54
usemtl SM_Light_Tower_1_JFGSG
f 4089//12875 4090//12876 4092//12877 4091//12878
f 4091//12879 4092//12880 4094//12881 4093//12882
f 4093//12883 4094//12884 4096//12885 4095//12886
f 4095//12887 4096//12888 4098//12889 4097//12890
f 4092//12891 4090//12892 4100//12893 4098//12894 4096//12895 4094//12896
f 4097//12897 4098//12898 4100//12899 4099//12900
f 4099//12901 4100//12902 4090//12903 4089//12904
f 4089//12905 4091//12906 4093//12907 4095//12908 4097//12909 4099//12910
g default
v 10.828105 5.387006 -0.601397
v 10.827933 5.387395 -0.612298
v 10.869207 5.299833 -0.599808
v 10.869235 5.299770 -0.611550
v 10.869306 5.413490 -0.607194
v 10.868902 5.413169 -0.614819
v 10.910967 5.327581 -0.605245
v 10.910563 5.327261 -0.614091
vn -0.763881 0.203222 0.612525
vn -0.962333 0.271572 0.012811
vn -0.293644 -0.955907 0.003730
vn -0.216754 -0.712182 0.667694
vn -0.216754 -0.712182 0.667694
vn -0.293644 -0.955907 0.003730
vn 0.971985 -0.231861 -0.038552
vn 0.830511 -0.166231 0.531618
vn 0.830511 -0.166231 0.531618
vn 0.971985 -0.231861 -0.038552
vn 0.310395 0.950032 -0.033078
vn 0.286516 0.768947 0.571514
vn 0.286516 0.768947 0.571514
vn 0.310395 0.950032 -0.033078
vn -0.962333 0.271572 0.012811
vn -0.763881 0.203222 0.612525
vn -0.216754 -0.712182 0.667694
vn 0.830511 -0.166231 0.531618
vn 0.286516 0.768947 0.571514
vn -0.763881 0.203222 0.612525
s off
g lightTower lightTowerGrp lightGrp5 light2 polySurface13
usemtl SM_Light_Tower_1_JFGSG
f 4101//12911 4102//12912 4104//12913 4103//12914
f 4103//12915 4104//12916 4108//12917 4107//12918
f 4107//12919 4108//12920 4106//12921 4105//12922
f 4105//12923 4106//12924 4102//12925 4101//12926
f 4103//12927 4107//12928 4105//12929 4101//12930
g default
v 10.893319 5.200460 -0.170297
v 10.780764 5.454058 -0.170297
v 10.893319 5.200460 -0.398629
v 10.780764 5.454058 -0.398629
v 10.914076 5.212839 -0.170297
v 10.801522 5.466438 -0.170297
v 10.914076 5.212839 -0.398629
v 10.801522 5.466438 -0.398629
v 10.830927 5.468919 -0.389719
v 10.932914 5.239129 -0.389719
v 10.932914 5.239129 -0.176211
v 10.830927 5.468919 -0.176211
v 10.873299 5.453495 -0.376227
v 10.946724 5.288058 -0.376227
v 10.946724 5.288058 -0.189945
v 10.873299 5.453495 -0.189945
v 10.906189 5.427243 -0.355515
v 10.947421 5.334342 -0.355515
v 10.947421 5.334342 -0.211262
v 10.906189 5.427243 -0.211262
vn 0.342389 -0.574113 -0.743750
vn -0.342389 0.574112 -0.743751
vn -0.132101 0.668697 -0.731706
vn 0.534436 -0.464624 -0.706047
vn 0.534436 -0.464624 -0.706047
vn -0.132101 0.668697 -0.731706
vn 0.260320 0.730832 -0.630967
vn 0.779346 -0.224551 -0.584976
vn 0.519605 -0.484973 0.703429
vn -0.160410 0.668018 0.726651
vn -0.342389 0.574113 0.743750
vn 0.342389 -0.574112 0.743751
vn 0.342389 -0.574113 -0.743750
vn 0.534436 -0.464624 -0.706047
vn 0.519605 -0.484973 0.703429
vn 0.342389 -0.574112 0.743751
vn -0.132101 0.668697 -0.731706
vn -0.342389 0.574112 -0.743751
vn -0.342389 0.574113 0.743750
vn -0.160410 0.668018 0.726651
vn 0.228116 0.712113 0.663972
vn 0.749261 -0.236565 0.618582
vn 0.850116 0.008964 0.526518
vn 0.535972 0.630581 0.561339
vn -0.160410 0.668018 0.726651
vn 0.519605 -0.484973 0.703429
vn 0.749261 -0.236565 0.618582
vn 0.228116 0.712113 0.663972
vn 0.519605 -0.484973 0.703429
vn 0.534436 -0.464624 -0.706047
vn 0.779346 -0.224551 -0.584976
vn 0.749261 -0.236565 0.618582
vn -0.132101 0.668697 -0.731706
vn -0.160410 0.668018 0.726651
vn 0.228116 0.712113 0.663972
vn 0.260320 0.730832 -0.630967
vn 0.533071 0.630405 -0.564292
vn 0.535972 0.630581 0.561339
vn 0.791141 0.529083 0.306867
vn 0.789309 0.527796 -0.313725
vn 0.749261 -0.236565 0.618582
vn 0.779346 -0.224551 -0.584976
vn 0.848403 0.007150 -0.529303
vn 0.850116 0.008964 0.526518
vn 0.260320 0.730832 -0.630967
vn 0.228116 0.712113 0.663972
vn 0.535972 0.630581 0.561339
vn 0.533071 0.630405 -0.564292
vn 0.779346 -0.224551 -0.584976
vn 0.260320 0.730832 -0.630967
vn 0.533071 0.630405 -0.564292
vn 0.848403 0.007150 -0.529303
vn 0.922821 0.238378 -0.302617
vn 0.789309 0.527796 -0.313725
vn 0.791141 0.529083 0.306867
vn 0.924857 0.238856 0.295951
vn 0.848403 0.007150 -0.529303
vn 0.533071 0.630405 -0.564292
vn 0.789309 0.527796 -0.313725
vn 0.922821 0.238378 -0.302617
vn 0.535972 0.630581 0.561339
vn 0.850116 0.008964 0.526518
vn 0.924857 0.238856 0.295951
vn 0.791141 0.529083 0.306867
vn 0.850116 0.008964 0.526518
vn 0.848403 0.007150 -0.529303
vn 0.922821 0.238378 -0.302617
vn 0.924857 0.238856 0.295951
s off
g lightTower lightTowerGrp lightGrp5 polySurface5 light1
usemtl SM_Light_Tower_1_JFGSG
f 4111//12931 4112//12932 4116//12933 4115//12934
f 4115//12935 4116//12936 4117//12937 4118//12938
f 4113//12939 4114//12940 4110//12941 4109//12942
f 4111//12943 4115//12944 4113//12945 4109//12946
f 4116//12947 4112//12948 4110//12949 4114//12950
f 4120//12951 4119//12952 4123//12953 4124//12954
f 4114//12955 4113//12956 4119//12957 4120//12958
f 4113//12959 4115//12960 4118//12961 4119//12962
f 4116//12963 4114//12964 4120//12965 4117//12966
f 4121//12967 4124//12968 4128//12969 4125//12970
f 4119//12971 4118//12972 4122//12973 4123//12974
f 4117//12975 4120//12976 4124//12977 4121//12978
f 4118//12979 4117//12980 4121//12981 4122//12982
f 4126//12983 4125//12984 4128//12985 4127//12986
f 4122//12987 4121//12988 4125//12989 4126//12990
f 4124//12991 4123//12992 4127//12993 4128//12994
f 4123//12995 4122//12996 4126//12997 4127//12998
g default
v 10.865200 5.196134 -0.172052
v 10.758845 5.435764 -0.172052
v 10.865200 5.196134 -0.404498
v 10.758845 5.435764 -0.404498
v 10.894839 5.194928 -0.157477
v 10.775232 5.464419 -0.157477
v 10.894839 5.194928 -0.419073
v 10.775232 5.464419 -0.419073
v 10.871826 5.181204 -0.419073
v 10.871826 5.181204 -0.157477
v 10.752219 5.450694 -0.157477
v 10.752219 5.450694 -0.419073
v 10.882453 5.206423 -0.404498
v 10.882453 5.206424 -0.172052
v 10.776098 5.446054 -0.172052
v 10.776098 5.446054 -0.404498
vn -0.710406 -0.627130 -0.319423
vn -0.710406 -0.627130 0.319423
vn -0.271769 -0.731311 0.625560
vn -0.271769 -0.731312 -0.625560
vn -0.271769 -0.731312 -0.625560
vn -0.785427 0.217218 -0.579587
vn 0.271769 0.731311 -0.625560
vn 0.785427 -0.217218 -0.579587
vn 0.785427 -0.217218 -0.579587
vn 0.271769 0.731311 -0.625560
vn 0.271769 0.731312 0.625560
vn 0.785427 -0.217218 0.579587
vn 0.785427 -0.217218 0.579587
vn 0.271769 0.731312 0.625560
vn -0.785427 0.217218 0.579587
vn -0.271769 -0.731311 0.625560
vn -0.271769 -0.731312 -0.625560
vn 0.785427 -0.217218 -0.579587
vn 0.785427 -0.217218 0.579587
vn -0.271769 -0.731311 0.625560
vn 0.271769 0.731311 -0.625560
vn -0.785427 0.217218 -0.579587
vn -0.785427 0.217218 0.579587
vn 0.271769 0.731312 0.625560
vn -0.945370 -0.126107 -0.300620
vn -0.945370 -0.126107 0.300620
vn -0.271769 -0.731312 -0.625560
vn -0.271769 -0.731311 0.625560
vn -0.710406 -0.627130 -0.319423
vn -0.945370 -0.126107 -0.300620
vn -0.271769 -0.731311 0.625560
vn -0.785427 0.217218 0.579587
vn -0.710406 -0.627130 0.319423
vn -0.710406 -0.627130 -0.319423
vn -0.785427 0.217218 0.579587
vn -0.785427 0.217218 -0.579587
vn -0.945370 -0.126107 0.300620
vn -0.710406 -0.627130 0.319423
vn -0.785427 0.217218 -0.579587
vn -0.271769 -0.731312 -0.625560
vn -0.785427 0.217218 -0.579587
vn -0.271769 -0.731312 -0.625560
vn -0.271769 -0.731311 0.625560
vn -0.785427 0.217218 0.579587
vn -0.945370 -0.126107 0.300620
vn -0.945370 -0.126107 -0.300620
vn -0.785427 0.217218 -0.579587
vn -0.785427 0.217218 0.579587
vn -0.710406 -0.627130 0.319423
vn -0.945370 -0.126107 0.300620
vn -0.785427 0.217218 0.579587
vn -0.271769 -0.731311 0.625560
vn -0.945370 -0.126107 -0.300620
vn -0.710406 -0.627130 -0.319423
vn -0.271769 -0.731312 -0.625560
vn -0.785427 0.217218 -0.579587
s off
g lightTower lightTowerGrp lightGrp5 light1 polySurface4
usemtl SM_Light_Tower_1_JFGSG
f 4130//12999 4132//13000 4144//13001 4143//13002
f 4137//13003 4140//13004 4136//13005 4135//13006
f 4135//13007 4136//13008 4134//13009 4133//13010
f 4133//13011 4134//13012 4139//13013 4138//13014
f 4137//13015 4135//13016 4133//13017 4138//13018
f 4136//13019 4140//13020 4139//13021 4134//13022
f 4129//13023 4131//13024 4137//13025 4138//13026
f 4130//13027 4129//13028 4138//13029 4139//13030
f 4132//13031 4130//13032 4139//13033 4140//13034
f 4131//13035 4132//13036 4140//13037 4137//13038
f 4142//13039 4143//13040 4144//13041 4141//13042
f 4131//13043 4129//13044 4142//13045 4141//13046
f 4132//13047 4131//13048 4141//13049 4144//13050
f 4129//13051 4130//13052 4143//13053 4142//13054
g default
v 10.639913 5.541132 -0.445043
v 10.669946 5.559044 -0.445286
v 10.647065 5.525018 -0.435961
v 10.677098 5.542929 -0.436203
v 10.647065 5.525018 -0.417796
v 10.677098 5.542929 -0.418038
v 10.639913 5.541132 -0.408714
v 10.669946 5.559044 -0.408956
v 10.632761 5.557247 -0.417796
v 10.662794 5.575158 -0.418038
v 10.632761 5.557247 -0.435961
v 10.662794 5.575158 -0.436203
vn -0.552548 -0.245236 -0.796587
vn 0.547644 0.243060 -0.800630
vn 0.868409 -0.290714 -0.401685
vn -0.257540 -0.860601 -0.439362
vn -0.257540 -0.860601 -0.439362
vn 0.868409 -0.290714 -0.401685
vn 0.870596 -0.289421 0.397868
vn -0.254686 -0.859381 0.443395
vn -0.254686 -0.859381 0.443395
vn 0.870596 -0.289421 0.397868
vn 0.552548 0.245236 0.796587
vn -0.547644 -0.243060 0.800630
vn -0.547644 -0.243060 0.800630
vn 0.552548 0.245236 0.796587
vn 0.257539 0.860601 0.439362
vn -0.868410 0.290713 0.401685
vn 0.868409 -0.290714 -0.401685
vn 0.547644 0.243060 -0.800630
vn 0.254686 0.859381 -0.443395
vn 0.257539 0.860601 0.439362
vn 0.552548 0.245236 0.796587
vn 0.870596 -0.289421 0.397868
vn -0.868410 0.290713 0.401685
vn 0.257539 0.860601 0.439362
vn 0.254686 0.859381 -0.443395
vn -0.870596 0.289421 -0.397868
vn -0.870596 0.289421 -0.397868
vn 0.254686 0.859381 -0.443395
vn 0.547644 0.243060 -0.800630
vn -0.552548 -0.245236 -0.796587
vn -0.552548 -0.245236 -0.796587
vn -0.257540 -0.860601 -0.439362
vn -0.254686 -0.859381 0.443395
vn -0.547644 -0.243060 0.800630
vn -0.868410 0.290713 0.401685
vn -0.870596 0.289421 -0.397868
s off
g lightTower lightTowerGrp lightGrp5 light1 polySurface56
usemtl SM_Light_Tower_1_JFGSG
f 4145//13055 4146//13056 4148//13057 4147//13058
f 4147//13059 4148//13060 4150//13061 4149//13062
f 4149//13063 4150//13064 4152//13065 4151//13066
f 4151//13067 4152//13068 4154//13069 4153//13070
f 4148//13071 4146//13072 4156//13073 4154//13074 4152//13075 4150//13076
f 4153//13077 4154//13078 4156//13079 4155//13080
f 4155//13081 4156//13082 4146//13083 4145//13084
f 4145//13085 4147//13086 4149//13087 4151//13088 4153//13089 4155//13090
g default
v 10.641251 5.541931 -0.165322
v 10.669946 5.559044 -0.165322
v 10.648403 5.525816 -0.156239
v 10.677098 5.542930 -0.156239
v 10.648403 5.525816 -0.138074
v 10.677098 5.542930 -0.138074
v 10.641251 5.541931 -0.128992
v 10.669946 5.559044 -0.128992
v 10.634099 5.558045 -0.138074
v 10.662794 5.575158 -0.138074
v 10.634099 5.558045 -0.156239
v 10.662794 5.575158 -0.156239
vn -0.550095 -0.244148 -0.798616
vn 0.550098 0.244149 -0.798613
vn 0.869506 -0.290064 -0.399777
vn -0.256118 -0.859993 -0.441379
vn -0.256118 -0.859993 -0.441379
vn 0.869506 -0.290064 -0.399777
vn 0.869506 -0.290064 0.399777
vn -0.256119 -0.859993 0.441379
vn -0.256119 -0.859993 0.441379
vn 0.869506 -0.290064 0.399777
vn 0.550096 0.244148 0.798615
vn -0.550097 -0.244149 0.798614
vn -0.550097 -0.244149 0.798614
vn 0.550096 0.244148 0.798615
vn 0.256119 0.859993 0.441379
vn -0.869506 0.290065 0.399777
vn 0.869506 -0.290064 -0.399777
vn 0.550098 0.244149 -0.798613
vn 0.256119 0.859993 -0.441379
vn 0.256119 0.859993 0.441379
vn 0.550096 0.244148 0.798615
vn 0.869506 -0.290064 0.399777
vn -0.869506 0.290065 0.399777
vn 0.256119 0.859993 0.441379
vn 0.256119 0.859993 -0.441379
vn -0.869506 0.290064 -0.399777
vn -0.869506 0.290064 -0.399777
vn 0.256119 0.859993 -0.441379
vn 0.550098 0.244149 -0.798613
vn -0.550095 -0.244148 -0.798616
vn -0.550095 -0.244148 -0.798616
vn -0.256118 -0.859993 -0.441379
vn -0.256119 -0.859993 0.441379
vn -0.550097 -0.244149 0.798614
vn -0.869506 0.290065 0.399777
vn -0.869506 0.290064 -0.399777
s off
g lightTower lightTowerGrp lightGrp5 light1 polySurface53
usemtl SM_Light_Tower_1_JFGSG
f 4157//13091 4158//13092 4160//13093 4159//13094
f 4159//13095 4160//13096 4162//13097 4161//13098
f 4161//13099 4162//13100 4164//13101 4163//13102
f 4163//13103 4164//13104 4166//13105 4165//13106
f 4160//13107 4158//13108 4168//13109 4166//13110 4164//13111 4162//13112
f 4165//13113 4166//13114 4168//13115 4167//13116
f 4167//13117 4168//13118 4158//13119 4157//13120
f 4157//13121 4159//13122 4161//13123 4163//13124 4165//13125 4167//13126
g default
v 10.668761 5.558337 -0.413348
v 10.668761 5.558337 -0.165846
v 10.668075 5.541937 -0.413348
v 10.668075 5.541937 -0.165846
v 10.655480 5.534426 -0.413348
v 10.655480 5.534426 -0.165846
v 10.643571 5.543314 -0.413348
v 10.643571 5.543314 -0.165846
v 10.644257 5.559714 -0.413348
v 10.644257 5.559714 -0.165846
v 10.656852 5.567225 -0.413348
v 10.656852 5.567225 -0.165846
vn 0.999127 -0.041778 0.000000
vn 0.999127 -0.041778 0.000000
vn 0.999127 -0.041778 0.000000
vn 0.999127 -0.041778 0.000000
vn 0.512207 -0.858862 0.000000
vn 0.512207 -0.858862 0.000000
vn 0.512207 -0.858862 0.000000
vn 0.512207 -0.858862 0.000000
vn -0.598118 -0.801408 0.000000
vn -0.598118 -0.801408 0.000000
vn -0.598118 -0.801408 0.000000
vn -0.598118 -0.801408 0.000000
vn -0.999127 0.041778 -0.000000
vn -0.999127 0.041778 -0.000000
vn -0.999127 0.041778 -0.000000
vn -0.999127 0.041778 -0.000000
vn -0.512207 0.858862 -0.000000
vn -0.512207 0.858862 -0.000000
vn -0.512207 0.858862 -0.000000
vn -0.512207 0.858862 -0.000000
vn 0.598118 0.801408 -0.000000
vn 0.598118 0.801408 -0.000000
vn 0.598118 0.801408 -0.000000
vn 0.598118 0.801408 -0.000000
s off
g lightTower lightTowerGrp lightGrp5 light1 polySurface103
usemtl SM_Light_Tower_1_JFGSG
f 4169//13127 4170//13128 4172//13129 4171//13130
f 4171//13131 4172//13132 4174//13133 4173//13134
f 4173//13135 4174//13136 4176//13137 4175//13138
f 4175//13139 4176//13140 4178//13141 4177//13142
f 4177//13143 4178//13144 4180//13145 4179//13146
f 4179//13147 4180//13148 4170//13149 4169//13150
g default
v 10.707059 5.438617 -0.423269
v 10.797305 5.492438 -0.423269
v 10.708836 5.434615 -0.430038
v 10.799081 5.488435 -0.430038
v 10.712389 5.426609 -0.430038
v 10.802635 5.480429 -0.430038
v 10.714165 5.422606 -0.423269
v 10.804411 5.476427 -0.423269
v 10.712389 5.426609 -0.416501
v 10.802635 5.480429 -0.416501
v 10.708836 5.434615 -0.416501
v 10.799081 5.488435 -0.416501
vn -0.512207 0.858862 -0.000000
vn 0.207389 0.978258 -0.000000
vn 0.382365 0.576638 -0.722001
vn -0.235912 0.395575 -0.887618
vn -0.235912 0.395575 -0.887618
vn 0.382365 0.576638 -0.722001
vn 0.726304 -0.063422 -0.684441
vn 0.235918 -0.395584 -0.887612
vn 0.235918 -0.395584 -0.887612
vn 0.726304 -0.063422 -0.684441
vn 0.926650 -0.375926 -0.000000
vn 0.512207 -0.858862 0.000000
vn 0.512207 -0.858862 0.000000
vn 0.926650 -0.375926 -0.000000
vn 0.726304 -0.063422 0.684441
vn 0.235918 -0.395584 0.887612
vn 0.235918 -0.395584 0.887612
vn 0.726304 -0.063422 0.684441
vn 0.382365 0.576639 0.722001
vn -0.235912 0.395575 0.887618
vn -0.235912 0.395575 0.887618
vn 0.382365 0.576639 0.722001
vn 0.207389 0.978258 -0.000000
vn -0.512207 0.858862 -0.000000
vn 0.382365 0.576638 -0.722001
vn 0.207389 0.978258 -0.000000
vn 0.382365 0.576639 0.722001
vn 0.726304 -0.063422 0.684441
vn 0.926650 -0.375926 -0.000000
vn 0.726304 -0.063422 -0.684441
s off
g lightTower lightTowerGrp lightGrp5 light1 polySurface64
usemtl SM_Light_Tower_1_JFGSG
f 4181//13151 4182//13152 4184//13153 4183//13154
f 4183//13155 4184//13156 4186//13157 4185//13158
f 4185//13159 4186//13160 4188//13161 4187//13162
f 4187//13163 4188//13164 4190//13165 4189//13166
f 4189//13167 4190//13168 4192//13169 4191//13170
f 4191//13171 4192//13172 4182//13173 4181//13174
f 4184//13175 4182//13176 4192//13177 4190//13178 4188//13179 4186//13180
g default
v 10.799199 5.494574 -0.422952
v 10.799199 5.494575 -0.153682
v 10.807728 5.494095 -0.422952
v 10.807728 5.494095 -0.153682
v 10.811634 5.485293 -0.422952
v 10.811634 5.485293 -0.153682
v 10.807012 5.476971 -0.422952
v 10.807012 5.476971 -0.153682
v 10.798483 5.477450 -0.422952
v 10.798483 5.477450 -0.153682
v 10.794576 5.486252 -0.422952
v 10.794576 5.486252 -0.153682
vn -0.512207 0.858862 -0.000000
vn -0.389019 0.652302 0.650512
vn 0.456801 0.612063 0.645533
vn 0.598117 0.801409 -0.000000
vn 0.598117 0.801409 -0.000000
vn 0.456801 0.612063 0.645533
vn 0.793462 -0.033179 0.607714
vn 0.999127 -0.041779 0.000000
vn 0.999127 -0.041779 0.000000
vn 0.793462 -0.033179 0.607714
vn 0.389019 -0.652302 0.650513
vn 0.512207 -0.858862 0.000000
vn 0.512207 -0.858862 0.000000
vn 0.389019 -0.652302 0.650513
vn -0.456802 -0.612061 0.645533
vn -0.598117 -0.801409 0.000000
vn -0.598117 -0.801409 0.000000
vn -0.456802 -0.612061 0.645533
vn -0.793463 0.033180 0.607714
vn -0.999127 0.041779 -0.000000
vn -0.999127 0.041779 -0.000000
vn -0.793463 0.033180 0.607714
vn -0.389019 0.652302 0.650512
vn -0.512207 0.858862 -0.000000
vn 0.456801 0.612063 0.645533
vn -0.389019 0.652302 0.650512
vn -0.793463 0.033180 0.607714
vn -0.456802 -0.612061 0.645533
vn 0.389019 -0.652302 0.650513
vn 0.793462 -0.033179 0.607714
s off
g lightTower lightTowerGrp lightGrp5 light1 polySurface65
usemtl SM_Light_Tower_1_JFGSG
f 4193//13181 4194//13182 4196//13183 4195//13184
f 4195//13185 4196//13186 4198//13187 4197//13188
f 4197//13189 4198//13190 4200//13191 4199//13192
f 4199//13193 4200//13194 4202//13195 4201//13196
f 4201//13197 4202//13198 4204//13199 4203//13200
f 4203//13201 4204//13202 4194//13203 4193//13204
f 4196//13205 4194//13206 4204//13207 4202//13208 4200//13209 4198//13210
g default
v 10.964042 5.019082 -0.147419
v 10.985057 5.035511 -0.147419
v 10.966547 5.013436 -0.156965
v 10.988287 5.028233 -0.159725
v 10.971559 5.002145 -0.156965
v 10.994747 5.013677 -0.159725
v 10.974065 4.996499 -0.147419
v 10.997978 5.006399 -0.147419
v 10.971559 5.002145 -0.137872
v 10.994747 5.013677 -0.135113
v 10.966547 5.013436 -0.137872
v 10.988287 5.028233 -0.135113
v 10.663175 5.567252 -0.147419
v 10.730120 5.607346 -0.147419
v 10.665356 5.562337 -0.155729
v 10.732331 5.602364 -0.155843
v 10.669719 5.552507 -0.155729
v 10.736754 5.592400 -0.155843
v 10.671900 5.547592 -0.147419
v 10.738965 5.587419 -0.147419
v 10.669719 5.552507 -0.139109
v 10.736754 5.592400 -0.138995
v 10.665356 5.562337 -0.139109
v 10.732331 5.602364 -0.138995
v 10.982268 5.043486 -0.147419
v 10.742564 5.583570 -0.147419
v 10.987968 5.046885 -0.158591
v 10.748264 5.586969 -0.158591
v 10.999368 5.053683 -0.158591
v 10.759663 5.593767 -0.158591
v 11.005068 5.057083 -0.147419
v 10.765363 5.597167 -0.147419
v 10.999368 5.053683 -0.136247
v 10.759663 5.593767 -0.136247
v 10.987968 5.046885 -0.136247
v 10.748264 5.586969 -0.136247
v 10.987842 5.034921 -0.147419
v 10.994492 5.033682 -0.135680
v 11.013079 5.029044 -0.135680
v 11.019729 5.027805 -0.147419
v 11.013079 5.029044 -0.159158
v 10.994492 5.033682 -0.159158
v 10.753804 5.615029 -0.157217
v 10.743626 5.593506 -0.157217
v 10.741881 5.589316 -0.147419
v 10.743626 5.593506 -0.137621
v 10.753804 5.615029 -0.137621
v 10.755549 5.619220 -0.147419
vn -0.615890 0.787832 -0.000000
vn -0.542306 0.840181 -0.000000
vn -0.264406 0.379169 -0.886747
vn -0.344047 0.342421 -0.874288
vn -0.344047 0.342421 -0.874288
vn -0.264406 0.379169 -0.886747
vn 0.248152 -0.415341 -0.875164
vn 0.116278 -0.446157 -0.887369
vn 0.116278 -0.446157 -0.887369
vn 0.248152 -0.415341 -0.875164
vn 0.543044 -0.839704 -0.000001
vn 0.382525 -0.923945 -0.000001
vn 0.382525 -0.923945 -0.000001
vn 0.543044 -0.839704 -0.000001
vn 0.248153 -0.415341 0.875164
vn 0.116281 -0.446157 0.887368
vn 0.116281 -0.446157 0.887368
vn 0.248153 -0.415341 0.875164
vn -0.264405 0.379170 0.886747
vn -0.344046 0.342420 0.874289
vn -0.344046 0.342420 0.874289
vn -0.264405 0.379170 0.886747
vn -0.542306 0.840181 -0.000000
vn -0.615890 0.787832 -0.000000
vn -0.513811 0.857903 -0.000000
vn -0.493718 0.869622 0.000000
vn -0.272538 0.430098 -0.860662
vn -0.237475 0.394833 -0.887532
vn -0.237475 0.394833 -0.887532
vn -0.272538 0.430098 -0.860662
vn 0.131216 -0.414833 -0.900387
vn 0.234355 -0.396323 -0.887697
vn 0.234355 -0.396323 -0.887697
vn 0.131216 -0.414833 -0.900387
vn 0.372811 -0.927907 0.000000
vn 0.510603 -0.859816 0.000000
vn 0.510603 -0.859816 0.000000
vn 0.372811 -0.927907 0.000000
vn 0.131215 -0.414832 0.900387
vn 0.234356 -0.396323 0.887697
vn 0.234356 -0.396323 0.887697
vn 0.131215 -0.414832 0.900387
vn -0.272538 0.430099 0.860661
vn -0.237475 0.394833 0.887532
vn -0.237475 0.394833 0.887532
vn -0.272538 0.430099 0.860661
vn -0.493718 0.869622 0.000000
vn -0.513811 0.857903 -0.000000
vn -0.897872 -0.440256 0.000000
vn -0.924759 -0.380552 0.000000
vn -0.461641 -0.156788 -0.873101
vn -0.459528 -0.217849 -0.861032
vn -0.459528 -0.217849 -0.861032
vn -0.461641 -0.156788 -0.873101
vn 0.426875 0.208472 -0.879953
vn 0.440720 0.223983 -0.869251
vn 0.440720 0.223983 -0.869251
vn 0.426875 0.208472 -0.879953
vn 0.925476 0.378806 -0.000000
vn 0.898638 0.438691 0.000000
vn 0.898638 0.438691 0.000000
vn 0.925476 0.378806 -0.000000
vn 0.426875 0.208473 0.879953
vn 0.440720 0.223984 0.869251
vn 0.440720 0.223984 0.869251
vn 0.426875 0.208473 0.879953
vn -0.461641 -0.156787 0.873101
vn -0.459528 -0.217849 0.861032
vn -0.459528 -0.217849 0.861032
vn -0.461641 -0.156787 0.873101
vn -0.924759 -0.380552 0.000000
vn -0.897872 -0.440256 0.000000
vn 0.211945 0.557362 -0.802762
vn -0.270618 -0.223408 -0.936405
vn 0.131216 -0.414833 -0.900387
vn -0.272538 0.430098 -0.860662
vn -0.270618 -0.223408 -0.936405
vn -0.513777 -0.857924 0.000000
vn 0.372811 -0.927907 0.000000
vn 0.131216 -0.414833 -0.900387
vn -0.513777 -0.857924 0.000000
vn -0.270619 -0.223406 0.936405
vn 0.131215 -0.414832 0.900387
vn 0.372811 -0.927907 0.000000
vn -0.270619 -0.223406 0.936405
vn 0.211944 0.557362 0.802762
vn -0.272538 0.430099 0.860661
vn 0.131215 -0.414832 0.900387
vn 0.211944 0.557362 0.802762
vn 0.414642 0.909985 0.000000
vn -0.493718 0.869622 0.000000
vn -0.272538 0.430099 0.860661
vn 0.414642 0.909985 0.000000
vn 0.211945 0.557362 -0.802762
vn -0.272538 0.430098 -0.860662
vn -0.493718 0.869622 0.000000
vn -0.459528 -0.217849 -0.861032
vn 0.440720 0.223983 -0.869251
vn 0.605577 -0.087313 -0.790983
vn -0.231347 0.097036 -0.968020
vn 0.440720 0.223983 -0.869251
vn 0.898638 0.438691 0.000000
vn 0.989299 -0.145903 -0.000000
vn 0.605577 -0.087313 -0.790983
vn 0.898638 0.438691 0.000000
vn 0.440720 0.223984 0.869251
vn 0.605577 -0.087313 0.790983
vn 0.989299 -0.145903 -0.000000
vn 0.440720 0.223984 0.869251
vn -0.459528 -0.217849 0.861032
vn -0.231347 0.097036 0.968020
vn 0.605577 -0.087313 0.790983
vn -0.459528 -0.217849 0.861032
vn -0.897872 -0.440256 0.000000
vn -0.951890 0.306439 -0.000000
vn -0.231347 0.097036 0.968020
vn -0.897872 -0.440256 0.000000
vn -0.459528 -0.217849 -0.861032
vn -0.231347 0.097036 -0.968020
vn -0.951890 0.306439 -0.000000
vn -0.231347 0.097036 0.968020
vn -0.951890 0.306439 -0.000000
vn -0.542306 0.840181 -0.000000
vn -0.264405 0.379170 0.886747
vn 0.605577 -0.087313 0.790983
vn -0.231347 0.097036 0.968020
vn -0.264405 0.379170 0.886747
vn 0.248153 -0.415341 0.875164
vn 0.989299 -0.145903 -0.000000
vn 0.605577 -0.087313 0.790983
vn 0.248153 -0.415341 0.875164
vn 0.543044 -0.839704 -0.000001
vn 0.605577 -0.087313 -0.790983
vn 0.989299 -0.145903 -0.000000
vn 0.543044 -0.839704 -0.000001
vn 0.248152 -0.415341 -0.875164
vn -0.231347 0.097036 -0.968020
vn 0.605577 -0.087313 -0.790983
vn 0.248152 -0.415341 -0.875164
vn -0.264406 0.379169 -0.886747
vn -0.951890 0.306439 -0.000000
vn -0.231347 0.097036 -0.968020
vn -0.264406 0.379169 -0.886747
vn -0.542306 0.840181 -0.000000
vn 0.925476 0.378806 -0.000000
vn 0.426875 0.208472 -0.879953
vn 0.211945 0.557362 -0.802762
vn 0.414642 0.909985 0.000000
vn 0.426875 0.208473 0.879953
vn 0.925476 0.378806 -0.000000
vn 0.414642 0.909985 0.000000
vn 0.211944 0.557362 0.802762
vn -0.461641 -0.156787 0.873101
vn 0.426875 0.208473 0.879953
vn 0.211944 0.557362 0.802762
vn -0.270619 -0.223406 0.936405
vn -0.924759 -0.380552 0.000000
vn -0.461641 -0.156787 0.873101
vn -0.270619 -0.223406 0.936405
vn -0.513777 -0.857924 0.000000
vn -0.461641 -0.156788 -0.873101
vn -0.924759 -0.380552 0.000000
vn -0.513777 -0.857924 0.000000
vn -0.270618 -0.223408 -0.936405
vn 0.426875 0.208472 -0.879953
vn -0.461641 -0.156788 -0.873101
vn -0.270618 -0.223408 -0.936405
vn 0.211945 0.557362 -0.802762
s off
g lightTower lightTowerGrp lightGrp5 light1 polySurface97
usemtl SM_Light_Tower_1_JFGSG
f 4205//13211 4206//13212 4208//13213 4207//13214
f 4207//13215 4208//13216 4210//13217 4209//13218
f 4209//13219 4210//13220 4212//13221 4211//13222
f 4211//13223 4212//13224 4214//13225 4213//13226
f 4213//13227 4214//13228 4216//13229 4215//13230
f 4215//13231 4216//13232 4206//13233 4205//13234
f 4217//13235 4218//13236 4220//13237 4219//13238
f 4219//13239 4220//13240 4222//13241 4221//13242
f 4221//13243 4222//13244 4224//13245 4223//13246
f 4223//13247 4224//13248 4226//13249 4225//13250
f 4225//13251 4226//13252 4228//13253 4227//13254
f 4227//13255 4228//13256 4218//13257 4217//13258
f 4229//13259 4230//13260 4232//13261 4231//13262
f 4231//13263 4232//13264 4234//13265 4233//13266
f 4233//13267 4234//13268 4236//13269 4235//13270
f 4235//13271 4236//13272 4238//13273 4237//13274
f 4237//13275 4238//13276 4240//13277 4239//13278
f 4239//13279 4240//13280 4230//13281 4229//13282
f 4247//13283 4248//13284 4222//13285 4220//13286
f 4248//13287 4249//13288 4224//13289 4222//13290
f 4249//13291 4250//13292 4226//13293 4224//13294
f 4250//13295 4251//13296 4228//13297 4226//13298
f 4251//13299 4252//13300 4218//13301 4228//13302
f 4252//13303 4247//13304 4220//13305 4218//13306
f 4231//13307 4233//13308 4245//13309 4246//13310
f 4233//13311 4235//13312 4244//13313 4245//13314
f 4235//13315 4237//13316 4243//13317 4244//13318
f 4237//13319 4239//13320 4242//13321 4243//13322
f 4239//13323 4229//13324 4241//13325 4242//13326
f 4229//13327 4231//13328 4246//13329 4241//13330
f 4242//13331 4241//13332 4206//13333 4216//13334
f 4243//13335 4242//13336 4216//13337 4214//13338
f 4244//13339 4243//13340 4214//13341 4212//13342
f 4245//13343 4244//13344 4212//13345 4210//13346
f 4246//13347 4245//13348 4210//13349 4208//13350
f 4241//13351 4246//13352 4208//13353 4206//13354
f 4236//13355 4234//13356 4247//13357 4252//13358
f 4238//13359 4236//13360 4252//13361 4251//13362
f 4240//13363 4238//13364 4251//13365 4250//13366
f 4230//13367 4240//13368 4250//13369 4249//13370
f 4232//13371 4230//13372 4249//13373 4248//13374
f 4234//13375 4232//13376 4248//13377 4247//13378
g default
v 10.724291 5.447549 -0.155071
v 10.793918 5.489073 -0.155071
v 10.725994 5.443712 -0.161559
v 10.795621 5.485236 -0.161559
v 10.729400 5.436038 -0.161559
v 10.799027 5.477562 -0.161559
v 10.731102 5.432201 -0.155071
v 10.800729 5.473725 -0.155071
v 10.729399 5.436038 -0.148584
v 10.799027 5.477562 -0.148584
v 10.725994 5.443712 -0.148584
v 10.795621 5.485236 -0.148584
vn -0.512207 0.858862 -0.000000
vn 0.207391 0.978258 -0.000000
vn 0.382363 0.576641 -0.722000
vn -0.235914 0.395578 -0.887616
vn -0.235914 0.395578 -0.887616
vn 0.382363 0.576641 -0.722000
vn 0.726304 -0.063421 -0.684442
vn 0.235917 -0.395583 -0.887613
vn 0.235917 -0.395583 -0.887613
vn 0.726304 -0.063421 -0.684442
vn 0.926650 -0.375926 0.000003
vn 0.512207 -0.858862 0.000004
vn 0.512207 -0.858862 0.000004
vn 0.926650 -0.375926 0.000003
vn 0.726303 -0.063420 0.684443
vn 0.235916 -0.395580 0.887615
vn 0.235916 -0.395580 0.887615
vn 0.726303 -0.063420 0.684443
vn 0.382363 0.576642 0.722000
vn -0.235914 0.395578 0.887616
vn -0.235914 0.395578 0.887616
vn 0.382363 0.576642 0.722000
vn 0.207391 0.978258 -0.000000
vn -0.512207 0.858862 -0.000000
vn 0.382363 0.576641 -0.722000
vn 0.207391 0.978258 -0.000000
vn 0.382363 0.576642 0.722000
vn 0.726303 -0.063420 0.684443
vn 0.926650 -0.375926 0.000003
vn 0.726304 -0.063421 -0.684442
s off
g lightTower lightTowerGrp lightGrp5 light1 polySurface61
usemtl SM_Light_Tower_1_JFGSG
f 4253//13379 4254//13380 4256//13381 4255//13382
f 4255//13383 4256//13384 4258//13385 4257//13386
f 4257//13387 4258//13388 4260//13389 4259//13390
f 4259//13391 4260//13392 4262//13393 4261//13394
f 4261//13395 4262//13396 4264//13397 4263//13398
f 4263//13399 4264//13400 4254//13401 4253//13402
f 4256//13403 4254//13404 4264//13405 4262//13406 4260//13407 4258//13408
g default
v 10.893528 5.196970 -0.268719
v 10.891926 5.200579 -0.268719
v 10.893528 5.196970 -0.311990
v 10.891926 5.200579 -0.311990
v 10.906989 5.205043 -0.269312
v 10.907352 5.209872 -0.269312
v 10.906358 5.204667 -0.311424
v 10.906722 5.209496 -0.311424
vn -0.258493 -0.727868 0.635129
vn -0.623096 -0.284721 0.728481
vn -0.623123 -0.284697 -0.728468
vn -0.258581 -0.727869 -0.635093
vn -0.258581 -0.727869 -0.635093
vn -0.623123 -0.284697 -0.728468
vn 0.843383 -0.059072 -0.534056
vn 0.685209 -0.388629 -0.616000
vn 0.685209 -0.388629 -0.616000
vn 0.843383 -0.059072 -0.534056
vn 0.851305 -0.059560 0.521280
vn 0.693012 -0.385444 0.609236
vn 0.693012 -0.385444 0.609236
vn 0.851305 -0.059560 0.521280
vn -0.623096 -0.284721 0.728481
vn -0.258493 -0.727868 0.635129
vn -0.258581 -0.727869 -0.635093
vn 0.685209 -0.388629 -0.616000
vn 0.693012 -0.385444 0.609236
vn -0.258493 -0.727868 0.635129
s off
g lightTower lightTowerGrp lightGrp5 light1 polySurface9
usemtl SM_Light_Tower_1_JFGSG
f 4265//13409 4266//13410 4268//13411 4267//13412
f 4267//13413 4268//13414 4272//13415 4271//13416
f 4271//13417 4272//13418 4270//13419 4269//13420
f 4269//13421 4270//13422 4266//13423 4265//13424
f 4267//13425 4271//13426 4269//13427 4265//13428
g default
v 10.691990 5.433930 -0.423157
v 10.709268 5.444234 -0.423157
v 10.694715 5.427790 -0.433539
v 10.711993 5.438095 -0.433539
v 10.700165 5.415511 -0.433539
v 10.717443 5.425815 -0.433539
v 10.702890 5.409371 -0.423157
v 10.720168 5.419675 -0.423157
v 10.700165 5.415511 -0.412776
v 10.717443 5.425815 -0.412776
v 10.694715 5.427790 -0.412776
v 10.711993 5.438095 -0.412776
vn -0.926649 0.375929 0.000000
vn 0.207392 0.978258 -0.000000
vn 0.382362 0.576642 -0.722000
vn -0.726303 0.063418 -0.684443
vn -0.726303 0.063418 -0.684443
vn 0.382362 0.576642 -0.722000
vn 0.726302 -0.063418 -0.684443
vn -0.382362 -0.576642 -0.721999
vn -0.382362 -0.576642 -0.721999
vn 0.726302 -0.063418 -0.684443
vn 0.926649 -0.375929 -0.000000
vn -0.207392 -0.978258 0.000000
vn -0.207392 -0.978258 0.000000
vn 0.926649 -0.375929 -0.000000
vn 0.726303 -0.063418 0.684443
vn -0.382362 -0.576642 0.722000
vn 0.382362 0.576642 -0.722000
vn 0.207392 0.978258 -0.000000
vn 0.382362 0.576642 0.721999
vn 0.726303 -0.063418 0.684443
vn 0.926649 -0.375929 -0.000000
vn 0.726302 -0.063418 -0.684443
vn -0.382362 -0.576642 0.722000
vn 0.726303 -0.063418 0.684443
vn 0.382362 0.576642 0.721999
vn -0.726302 0.063418 0.684444
vn -0.726302 0.063418 0.684444
vn 0.382362 0.576642 0.721999
vn 0.207392 0.978258 -0.000000
vn -0.926649 0.375929 0.000000
vn -0.926649 0.375929 0.000000
vn -0.726303 0.063418 -0.684443
vn -0.382362 -0.576642 -0.721999
vn -0.207392 -0.978258 0.000000
vn -0.382362 -0.576642 0.722000
vn -0.726302 0.063418 0.684444
s off
g lightTower lightTowerGrp lightGrp5 light1 polySurface63
usemtl SM_Light_Tower_1_JFGSG
f 4273//13429 4274//13430 4276//13431 4275//13432
f 4275//13433 4276//13434 4278//13435 4277//13436
f 4277//13437 4278//13438 4280//13439 4279//13440
f 4279//13441 4280//13442 4282//13443 4281//13444
f 4276//13445 4274//13446 4284//13447 4282//13448 4280//13449 4278//13450
f 4281//13451 4282//13452 4284//13453 4283//13454
f 4283//13455 4284//13456 4274//13457 4273//13458
f 4273//13459 4275//13460 4277//13461 4279//13462 4281//13463 4283//13464
g default
v 10.877654 5.218769 -0.188047
v 10.781659 5.435057 -0.188047
v 10.877654 5.218769 -0.382787
v 10.781659 5.435057 -0.382787
v 10.859950 5.208211 -0.188047
v 10.763955 5.424499 -0.188047
v 10.859950 5.208211 -0.382787
v 10.763955 5.424499 -0.382787
v 10.747889 5.402077 -0.375187
v 10.834871 5.206095 -0.375187
v 10.834871 5.206095 -0.193091
v 10.747889 5.402077 -0.193091
v 10.736111 5.360346 -0.363680
v 10.798734 5.219249 -0.363680
v 10.798734 5.219249 -0.204805
v 10.736111 5.360346 -0.204805
v 10.735516 5.320872 -0.346016
v 10.770682 5.241639 -0.346016
v 10.770682 5.241639 -0.222986
v 10.735516 5.320872 -0.222986
vn 0.342389 -0.574113 -0.743750
vn 0.132102 -0.668697 -0.731706
vn -0.534436 0.464624 -0.706048
vn -0.342389 0.574112 -0.743751
vn 0.132102 -0.668697 -0.731706
vn -0.260319 -0.730832 -0.630967
vn -0.779346 0.224550 -0.584976
vn -0.534436 0.464624 -0.706048
vn 0.160410 -0.668017 0.726651
vn 0.342389 -0.574112 0.743751
vn -0.342389 0.574113 0.743750
vn -0.519605 0.484973 0.703429
vn 0.342389 -0.574113 -0.743750
vn 0.342389 -0.574112 0.743751
vn 0.160410 -0.668017 0.726651
vn 0.132102 -0.668697 -0.731706
vn -0.534436 0.464624 -0.706048
vn -0.519605 0.484973 0.703429
vn -0.342389 0.574113 0.743750
vn -0.342389 0.574112 -0.743751
vn -0.749262 0.236565 0.618582
vn -0.850117 -0.008964 0.526518
vn -0.535973 -0.630581 0.561339
vn -0.228116 -0.712113 0.663972
vn -0.519605 0.484973 0.703429
vn -0.749262 0.236565 0.618582
vn -0.228116 -0.712113 0.663972
vn 0.160410 -0.668017 0.726651
vn 0.160410 -0.668017 0.726651
vn -0.228116 -0.712113 0.663972
vn -0.260319 -0.730832 -0.630967
vn 0.132102 -0.668697 -0.731706
vn -0.534436 0.464624 -0.706048
vn -0.779346 0.224550 -0.584976
vn -0.749262 0.236565 0.618582
vn -0.519605 0.484973 0.703429
vn -0.848403 -0.007150 -0.529303
vn -0.922821 -0.238378 -0.302617
vn -0.924857 -0.238856 0.295952
vn -0.850117 -0.008964 0.526518
vn -0.228116 -0.712113 0.663972
vn -0.535973 -0.630581 0.561339
vn -0.533071 -0.630405 -0.564292
vn -0.260319 -0.730832 -0.630967
vn -0.779346 0.224550 -0.584976
vn -0.848403 -0.007150 -0.529303
vn -0.850117 -0.008964 0.526518
vn -0.749262 0.236565 0.618582
vn -0.260319 -0.730832 -0.630967
vn -0.533071 -0.630405 -0.564292
vn -0.848403 -0.007150 -0.529303
vn -0.779346 0.224550 -0.584976
vn -0.789308 -0.527797 -0.313725
vn -0.791140 -0.529083 0.306868
vn -0.924857 -0.238856 0.295952
vn -0.922821 -0.238378 -0.302617
vn -0.533071 -0.630405 -0.564292
vn -0.789308 -0.527797 -0.313725
vn -0.922821 -0.238378 -0.302617
vn -0.848403 -0.007150 -0.529303
vn -0.850117 -0.008964 0.526518
vn -0.924857 -0.238856 0.295952
vn -0.791140 -0.529083 0.306868
vn -0.535973 -0.630581 0.561339
vn -0.535973 -0.630581 0.561339
vn -0.791140 -0.529083 0.306868
vn -0.789308 -0.527797 -0.313725
vn -0.533071 -0.630405 -0.564292
s off
g lightTower lightTowerGrp lightGrp5 light1 polySurface8
usemtl SM_Light_Tower_1_JFGSG
f 4287//13465 4291//13466 4292//13467 4288//13468
f 4291//13469 4294//13470 4293//13471 4292//13472
f 4289//13473 4285//13474 4286//13475 4290//13476
f 4287//13477 4285//13478 4289//13479 4291//13480
f 4292//13481 4290//13482 4286//13483 4288//13484
f 4296//13485 4300//13486 4299//13487 4295//13488
f 4290//13489 4296//13490 4295//13491 4289//13492
f 4289//13493 4295//13494 4294//13495 4291//13496
f 4292//13497 4293//13498 4296//13499 4290//13500
f 4297//13501 4301//13502 4304//13503 4300//13504
f 4295//13505 4299//13506 4298//13507 4294//13508
f 4293//13509 4297//13510 4300//13511 4296//13512
f 4294//13513 4298//13514 4297//13515 4293//13516
f 4302//13517 4303//13518 4304//13519 4301//13520
f 4298//13521 4302//13522 4301//13523 4297//13524
f 4300//13525 4304//13526 4303//13527 4299//13528
f 4299//13529 4303//13530 4302//13531 4298//13532
g default
v 10.962341 5.018685 -0.427692
v 10.985057 5.035511 -0.427692
v 10.964996 5.012703 -0.437806
v 10.988287 5.028233 -0.439998
v 10.970306 5.000740 -0.437806
v 10.994747 5.013677 -0.439998
v 10.972960 4.994759 -0.427692
v 10.997978 5.006399 -0.427692
v 10.970306 5.000740 -0.417578
v 10.994747 5.013677 -0.415386
v 10.964996 5.012703 -0.417578
v 10.988287 5.028233 -0.415386
v 10.663175 5.567252 -0.427692
v 10.730120 5.607346 -0.427692
v 10.665356 5.562337 -0.436003
v 10.732331 5.602364 -0.436116
v 10.669719 5.552507 -0.436003
v 10.736754 5.592400 -0.436116
v 10.671900 5.547592 -0.427692
v 10.738965 5.587418 -0.427692
v 10.669719 5.552507 -0.419382
v 10.736754 5.592400 -0.419268
v 10.665356 5.562337 -0.419382
v 10.732331 5.602364 -0.419268
v 10.982268 5.043486 -0.427692
v 10.742564 5.583570 -0.427692
v 10.987968 5.046885 -0.438864
v 10.748264 5.586969 -0.438864
v 10.999368 5.053683 -0.438864
v 10.759663 5.593767 -0.438864
v 11.005068 5.057083 -0.427692
v 10.765363 5.597167 -0.427692
v 10.999368 5.053683 -0.416520
v 10.759663 5.593767 -0.416520
v 10.987968 5.046885 -0.416520
v 10.748264 5.586969 -0.416520
v 10.987842 5.034921 -0.427692
v 10.994492 5.033682 -0.415953
v 11.013079 5.029044 -0.415953
v 11.019729 5.027805 -0.427692
v 11.013079 5.029044 -0.439431
v 10.994492 5.033682 -0.439431
v 10.753804 5.615029 -0.437490
v 10.743626 5.593506 -0.437490
v 10.741881 5.589316 -0.427692
v 10.743626 5.593506 -0.417894
v 10.753804 5.615029 -0.417894
v 10.755549 5.619220 -0.427692
vn -0.595221 0.803562 -0.000001
vn -0.530626 0.847606 0.000000
vn -0.252589 0.385796 -0.887333
vn -0.318814 0.354049 -0.879208
vn -0.318814 0.354049 -0.879208
vn -0.252589 0.385796 -0.887333
vn 0.263123 -0.407088 -0.874669
vn 0.150080 -0.434059 -0.888295
vn 0.150080 -0.434059 -0.888295
vn 0.263123 -0.407088 -0.874669
vn 0.559539 -0.828804 0.000001
vn 0.421868 -0.906657 0.000000
vn 0.421868 -0.906657 0.000000
vn 0.559539 -0.828804 0.000001
vn 0.263120 -0.407089 0.874670
vn 0.150078 -0.434060 0.888295
vn 0.150078 -0.434060 0.888295
vn 0.263120 -0.407089 0.874670
vn -0.252585 0.385798 0.887334
vn -0.318818 0.354048 0.879207
vn -0.318818 0.354048 0.879207
vn -0.252585 0.385798 0.887334
vn -0.530626 0.847606 0.000000
vn -0.595221 0.803562 -0.000001
vn -0.513813 0.857902 0.000000
vn -0.493715 0.869624 0.000000
vn -0.272537 0.430099 -0.860662
vn -0.237475 0.394832 -0.887532
vn -0.237475 0.394832 -0.887532
vn -0.272537 0.430099 -0.860662
vn 0.131206 -0.414836 -0.900387
vn 0.234356 -0.396324 -0.887697
vn 0.234356 -0.396324 -0.887697
vn 0.131206 -0.414836 -0.900387
vn 0.372791 -0.927915 0.000000
vn 0.510604 -0.859816 0.000000
vn 0.510604 -0.859816 0.000000
vn 0.372791 -0.927915 0.000000
vn 0.131206 -0.414835 0.900387
vn 0.234356 -0.396322 0.887697
vn 0.234356 -0.396322 0.887697
vn 0.131206 -0.414835 0.900387
vn -0.272537 0.430099 0.860661
vn -0.237476 0.394833 0.887532
vn -0.237476 0.394833 0.887532
vn -0.272537 0.430099 0.860661
vn -0.493715 0.869624 0.000000
vn -0.513813 0.857902 0.000000
vn -0.897873 -0.440255 0.000000
vn -0.924759 -0.380553 0.000000
vn -0.461641 -0.156788 -0.873101
vn -0.459528 -0.217849 -0.861032
vn -0.459528 -0.217849 -0.861032
vn -0.461641 -0.156788 -0.873101
vn 0.426875 0.208472 -0.879953
vn 0.440720 0.223983 -0.869251
vn 0.440720 0.223983 -0.869251
vn 0.426875 0.208472 -0.879953
vn 0.925476 0.378806 0.000000
vn 0.898638 0.438691 0.000000
vn 0.898638 0.438691 0.000000
vn 0.925476 0.378806 0.000000
vn 0.426875 0.208472 0.879953
vn 0.440720 0.223984 0.869251
vn 0.440720 0.223984 0.869251
vn 0.426875 0.208472 0.879953
vn -0.461640 -0.156788 0.873101
vn -0.459528 -0.217848 0.861032
vn -0.459528 -0.217848 0.861032
vn -0.461640 -0.156788 0.873101
vn -0.924759 -0.380553 0.000000
vn -0.897873 -0.440255 0.000000
vn 0.211947 0.557362 -0.802761
vn -0.270626 -0.223408 -0.936403
vn 0.131206 -0.414836 -0.900387
vn -0.272537 0.430099 -0.860662
vn -0.270626 -0.223408 -0.936403
vn -0.513793 -0.857914 0.000000
vn 0.372791 -0.927915 0.000000
vn 0.131206 -0.414836 -0.900387
vn -0.513793 -0.857914 0.000000
vn -0.270626 -0.223408 0.936403
vn 0.131206 -0.414835 0.900387
vn 0.372791 -0.927915 0.000000
vn -0.270626 -0.223408 0.936403
vn 0.211948 0.557362 0.802761
vn -0.272537 0.430099 0.860661
vn 0.131206 -0.414835 0.900387
vn 0.211948 0.557362 0.802761
vn 0.414646 0.909983 0.000000
vn -0.493715 0.869624 0.000000
vn -0.272537 0.430099 0.860661
vn 0.414646 0.909983 0.000000
vn 0.211947 0.557362 -0.802761
vn -0.272537 0.430099 -0.860662
vn -0.493715 0.869624 0.000000
vn -0.459528 -0.217849 -0.861032
vn 0.440720 0.223983 -0.869251
vn 0.605577 -0.087313 -0.790982
vn -0.231347 0.097036 -0.968020
vn 0.440720 0.223983 -0.869251
vn 0.898638 0.438691 0.000000
vn 0.989299 -0.145904 0.000000
vn 0.605577 -0.087313 -0.790982
vn 0.898638 0.438691 0.000000
vn 0.440720 0.223984 0.869251
vn 0.605575 -0.087314 0.790984
vn 0.989299 -0.145904 0.000000
vn 0.440720 0.223984 0.869251
vn -0.459528 -0.217848 0.861032
vn -0.231342 0.097038 0.968021
vn 0.605575 -0.087314 0.790984
vn -0.459528 -0.217848 0.861032
vn -0.897873 -0.440255 0.000000
vn -0.951888 0.306446 -0.000000
vn -0.231342 0.097038 0.968021
vn -0.897873 -0.440255 0.000000
vn -0.459528 -0.217849 -0.861032
vn -0.231347 0.097036 -0.968020
vn -0.951888 0.306446 -0.000000
vn -0.231342 0.097038 0.968021
vn -0.951888 0.306446 -0.000000
vn -0.530626 0.847606 0.000000
vn -0.252585 0.385798 0.887334
vn 0.605575 -0.087314 0.790984
vn -0.231342 0.097038 0.968021
vn -0.252585 0.385798 0.887334
vn 0.263120 -0.407089 0.874670
vn 0.989299 -0.145904 0.000000
vn 0.605575 -0.087314 0.790984
vn 0.263120 -0.407089 0.874670
vn 0.559539 -0.828804 0.000001
vn 0.605577 -0.087313 -0.790982
vn 0.989299 -0.145904 0.000000
vn 0.559539 -0.828804 0.000001
vn 0.263123 -0.407088 -0.874669
vn -0.231347 0.097036 -0.968020
vn 0.605577 -0.087313 -0.790982
vn 0.263123 -0.407088 -0.874669
vn -0.252589 0.385796 -0.887333
vn -0.951888 0.306446 -0.000000
vn -0.231347 0.097036 -0.968020
vn -0.252589 0.385796 -0.887333
vn -0.530626 0.847606 0.000000
vn 0.925476 0.378806 0.000000
vn 0.426875 0.208472 -0.879953
vn 0.211947 0.557362 -0.802761
vn 0.414646 0.909983 0.000000
vn 0.426875 0.208472 0.879953
vn 0.925476 0.378806 0.000000
vn 0.414646 0.909983 0.000000
vn 0.211948 0.557362 0.802761
vn -0.461640 -0.156788 0.873101
vn 0.426875 0.208472 0.879953
vn 0.211948 0.557362 0.802761
vn -0.270626 -0.223408 0.936403
vn -0.924759 -0.380553 0.000000
vn -0.461640 -0.156788 0.873101
vn -0.270626 -0.223408 0.936403
vn -0.513793 -0.857914 0.000000
vn -0.461641 -0.156788 -0.873101
vn -0.924759 -0.380553 0.000000
vn -0.513793 -0.857914 0.000000
vn -0.270626 -0.223408 -0.936403
vn 0.426875 0.208472 -0.879953
vn -0.461641 -0.156788 -0.873101
vn -0.270626 -0.223408 -0.936403
vn 0.211947 0.557362 -0.802761
s off
g lightTower lightTowerGrp lightGrp5 light1 polySurface95
usemtl SM_Light_Tower_1_JFGSG
f 4305//13533 4306//13534 4308//13535 4307//13536
f 4307//13537 4308//13538 4310//13539 4309//13540
f 4309//13541 4310//13542 4312//13543 4311//13544
f 4311//13545 4312//13546 4314//13547 4313//13548
f 4313//13549 4314//13550 4316//13551 4315//13552
f 4315//13553 4316//13554 4306//13555 4305//13556
f 4317//13557 4318//13558 4320//13559 4319//13560
f 4319//13561 4320//13562 4322//13563 4321//13564
f 4321//13565 4322//13566 4324//13567 4323//13568
f 4323//13569 4324//13570 4326//13571 4325//13572
f 4325//13573 4326//13574 4328//13575 4327//13576
f 4327//13577 4328//13578 4318//13579 4317//13580
f 4329//13581 4330//13582 4332//13583 4331//13584
f 4331//13585 4332//13586 4334//13587 4333//13588
f 4333//13589 4334//13590 4336//13591 4335//13592
f 4335//13593 4336//13594 4338//13595 4337//13596
f 4337//13597 4338//13598 4340//13599 4339//13600
f 4339//13601 4340//13602 4330//13603 4329//13604
f 4347//13605 4348//13606 4322//13607 4320//13608
f 4348//13609 4349//13610 4324//13611 4322//13612
f 4349//13613 4350//13614 4326//13615 4324//13616
f 4350//13617 4351//13618 4328//13619 4326//13620
f 4351//13621 4352//13622 4318//13623 4328//13624
f 4352//13625 4347//13626 4320//13627 4318//13628
f 4331//13629 4333//13630 4345//13631 4346//13632
f 4333//13633 4335//13634 4344//13635 4345//13636
f 4335//13637 4337//13638 4343//13639 4344//13640
f 4337//13641 4339//13642 4342//13643 4343//13644
f 4339//13645 4329//13646 4341//13647 4342//13648
f 4329//13649 4331//13650 4346//13651 4341//13652
f 4342//13653 4341//13654 4306//13655 4316//13656
f 4343//13657 4342//13658 4316//13659 4314//13660
f 4344//13661 4343//13662 4314//13663 4312//13664
f 4345//13665 4344//13666 4312//13667 4310//13668
f 4346//13669 4345//13670 4310//13671 4308//13672
f 4341//13673 4346//13674 4308//13675 4306//13676
f 4336//13677 4334//13678 4347//13679 4352//13680
f 4338//13681 4336//13682 4352//13683 4351//13684
f 4340//13685 4338//13686 4351//13687 4350//13688
f 4330//13689 4340//13690 4350//13691 4349//13692
f 4332//13693 4330//13694 4349//13695 4348//13696
f 4334//13697 4332//13698 4348//13699 4347//13700
g default
v 10.709574 5.443092 -0.154790
v 10.725378 5.452518 -0.154790
v 10.712067 5.437476 -0.164286
v 10.727871 5.446902 -0.164286
v 10.717052 5.426244 -0.164286
v 10.732856 5.435669 -0.164286
v 10.719544 5.420628 -0.154790
v 10.735349 5.430053 -0.154790
v 10.717052 5.426244 -0.145294
v 10.732856 5.435669 -0.145294
v 10.712067 5.437476 -0.145294
v 10.727871 5.446902 -0.145294
vn -0.926649 0.375927 -0.000000
vn 0.207394 0.978257 -0.000000
vn 0.382360 0.576645 -0.721998
vn -0.726304 0.063421 -0.684442
vn -0.726304 0.063421 -0.684442
vn 0.382360 0.576645 -0.721998
vn 0.726303 -0.063418 -0.684443
vn -0.382362 -0.576643 -0.721999
vn -0.382362 -0.576643 -0.721999
vn 0.726303 -0.063418 -0.684443
vn 0.926649 -0.375928 0.000000
vn -0.207392 -0.978258 0.000000
vn -0.207392 -0.978258 0.000000
vn 0.926649 -0.375928 0.000000
vn 0.726303 -0.063418 0.684443
vn -0.382362 -0.576642 0.721999
vn 0.382360 0.576645 -0.721998
vn 0.207394 0.978257 -0.000000
vn 0.382360 0.576645 0.721998
vn 0.726303 -0.063418 0.684443
vn 0.926649 -0.375928 0.000000
vn 0.726303 -0.063418 -0.684443
vn -0.382362 -0.576642 0.721999
vn 0.726303 -0.063418 0.684443
vn 0.382360 0.576645 0.721998
vn -0.726304 0.063421 0.684442
vn -0.726304 0.063421 0.684442
vn 0.382360 0.576645 0.721998
vn 0.207394 0.978257 -0.000000
vn -0.926649 0.375927 -0.000000
vn -0.926649 0.375927 -0.000000
vn -0.726304 0.063421 -0.684442
vn -0.382362 -0.576643 -0.721999
vn -0.207392 -0.978258 0.000000
vn -0.382362 -0.576642 0.721999
vn -0.726304 0.063421 0.684442
s off
g lightTower lightTowerGrp lightGrp5 light1 polySurface62
usemtl SM_Light_Tower_1_JFGSG
f 4353//13701 4354//13702 4356//13703 4355//13704
f 4355//13705 4356//13706 4358//13707 4357//13708
f 4357//13709 4358//13710 4360//13711 4359//13712
f 4359//13713 4360//13714 4362//13715 4361//13716
f 4356//13717 4354//13718 4364//13719 4362//13720 4360//13721 4358//13722
f 4361//13723 4362//13724 4364//13725 4363//13726
f 4363//13727 4364//13728 4354//13729 4353//13730
f 4353//13731 4355//13732 4357//13733 4359//13734 4361//13735 4363//13736
g default
v 10.925551 5.011294 -0.428211
v 10.957792 5.030521 -0.428211
v 10.929800 5.001720 -0.444399
v 10.962041 5.020947 -0.444399
v 10.938299 4.982572 -0.444399
v 10.970539 5.001799 -0.444399
v 10.942548 4.972998 -0.428211
v 10.974788 4.992226 -0.428211
v 10.938299 4.982572 -0.412022
v 10.970539 5.001799 -0.412022
v 10.929800 5.001720 -0.412022
v 10.962041 5.020947 -0.412022
vn -0.926649 0.375929 -0.000000
vn 0.207391 0.978258 -0.000000
vn 0.382363 0.576641 -0.722000
vn -0.726302 0.063417 -0.684444
vn -0.726302 0.063417 -0.684444
vn 0.382363 0.576641 -0.722000
vn 0.726303 -0.063419 -0.684443
vn -0.382361 -0.576643 -0.721999
vn -0.382361 -0.576643 -0.721999
vn 0.726303 -0.063419 -0.684443
vn 0.926649 -0.375928 -0.000000
vn -0.207393 -0.978258 0.000000
vn -0.207393 -0.978258 0.000000
vn 0.926649 -0.375928 -0.000000
vn 0.726303 -0.063419 0.684443
vn -0.382361 -0.576643 0.721999
vn 0.382363 0.576641 -0.722000
vn 0.207391 0.978258 -0.000000
vn 0.382363 0.576642 0.721999
vn 0.726303 -0.063419 0.684443
vn 0.926649 -0.375928 -0.000000
vn 0.726303 -0.063419 -0.684443
vn -0.382361 -0.576643 0.721999
vn 0.726303 -0.063419 0.684443
vn 0.382363 0.576642 0.721999
vn -0.726302 0.063417 0.684444
vn -0.726302 0.063417 0.684444
vn 0.382363 0.576642 0.721999
vn 0.207391 0.978258 -0.000000
vn -0.926649 0.375929 -0.000000
vn -0.926649 0.375929 -0.000000
vn -0.726302 0.063417 -0.684444
vn -0.382361 -0.576643 -0.721999
vn -0.207393 -0.978258 0.000000
vn -0.382361 -0.576643 0.721999
vn -0.726302 0.063417 0.684444
s off
g lightTower lightTowerGrp lightGrp5 light1 polySurface38
usemtl SM_Light_Tower_1_JFGSG
f 4365//13737 4366//13738 4368//13739 4367//13740
f 4367//13741 4368//13742 4370//13743 4369//13744
f 4369//13745 4370//13746 4372//13747 4371//13748
f 4371//13749 4372//13750 4374//13751 4373//13752
f 4368//13753 4366//13754 4376//13755 4374//13756 4372//13757 4370//13758
f 4373//13759 4374//13760 4376//13761 4375//13762
f 4375//13763 4376//13764 4366//13765 4365//13766
f 4365//13767 4367//13768 4369//13769 4371//13770 4373//13771 4375//13772
g default
v 10.964505 5.011314 -1.347013
v 10.964505 5.011314 -0.087841
v 10.963767 4.993651 -1.347013
v 10.963767 4.993651 -0.087841
v 10.950201 4.985561 -1.347013
v 10.950201 4.985561 -0.087841
v 10.937375 4.995134 -1.347013
v 10.937375 4.995134 -0.087841
v 10.938113 5.012797 -1.347013
v 10.938113 5.012797 -0.087841
v 10.951679 5.020887 -1.347013
v 10.951679 5.020887 -0.087841
vn 0.818429 0.363242 -0.445231
vn 0.818429 0.363242 0.445230
vn 0.780987 -0.433780 0.449327
vn 0.780987 -0.433780 -0.449327
vn 0.780987 -0.433780 -0.449327
vn 0.780987 -0.433780 0.449327
vn -0.048936 -0.870939 0.488949
vn -0.048936 -0.870939 -0.488949
vn -0.048936 -0.870939 -0.488949
vn -0.048936 -0.870939 0.488949
vn -0.818429 -0.363241 0.445231
vn -0.818429 -0.363242 -0.445230
vn -0.818429 -0.363242 -0.445230
vn -0.818429 -0.363241 0.445231
vn -0.780987 0.433780 0.449326
vn -0.780987 0.433780 -0.449326
vn 0.780987 -0.433780 0.449327
vn 0.818429 0.363242 0.445230
vn 0.048935 0.870939 0.488948
vn -0.780987 0.433780 0.449326
vn -0.818429 -0.363241 0.445231
vn -0.048936 -0.870939 0.488949
vn -0.780987 0.433780 -0.449326
vn -0.780987 0.433780 0.449326
vn 0.048935 0.870939 0.488948
vn 0.048936 0.870939 -0.488948
vn 0.048936 0.870939 -0.488948
vn 0.048935 0.870939 0.488948
vn 0.818429 0.363242 0.445230
vn 0.818429 0.363242 -0.445231
vn 0.818429 0.363242 -0.445231
vn 0.780987 -0.433780 -0.449327
vn -0.048936 -0.870939 -0.488949
vn -0.818429 -0.363242 -0.445230
vn -0.780987 0.433780 -0.449326
vn 0.048936 0.870939 -0.488948
s off
g lightTower lightTowerGrp lightGrp5 polySurface31 base1
usemtl SM_Light_Tower_1_JFGSG
f 4377//13773 4378//13774 4380//13775 4379//13776
f 4379//13777 4380//13778 4382//13779 4381//13780
f 4381//13781 4382//13782 4384//13783 4383//13784
f 4383//13785 4384//13786 4386//13787 4385//13788
f 4380//13789 4378//13790 4388//13791 4386//13792 4384//13793 4382//13794
f 4385//13795 4386//13796 4388//13797 4387//13798
f 4387//13799 4388//13800 4378//13801 4377//13802
f 4377//13803 4379//13804 4381//13805 4383//13806 4385//13807 4387//13808
g default
v 10.943118 5.023092 -1.374171
v 10.943118 5.023092 -1.337555
v 10.962935 5.021978 -1.374171
v 10.962935 5.021978 -1.337555
v 10.972012 5.001528 -1.374171
v 10.972012 5.001528 -1.337555
v 10.961271 4.982191 -1.374171
v 10.961271 4.982191 -1.337555
v 10.941455 4.983304 -1.374171
v 10.941455 4.983304 -1.337555
v 10.932378 5.003755 -1.374171
v 10.932378 5.003755 -1.337555
vn 0.056105 0.998425 -0.000000
vn 0.056105 0.998425 -0.000000
vn 0.056105 0.998425 -0.000000
vn 0.056105 0.998425 -0.000000
vn 0.914020 0.405668 -0.000000
vn 0.914020 0.405668 -0.000000
vn 0.914020 0.405668 -0.000000
vn 0.914020 0.405668 -0.000000
vn 0.874206 -0.485555 0.000000
vn 0.874206 -0.485555 0.000000
vn 0.874206 -0.485555 0.000000
vn 0.874206 -0.485555 0.000000
vn -0.056100 -0.998425 0.000000
vn -0.056100 -0.998425 0.000000
vn -0.056100 -0.998425 0.000000
vn -0.056100 -0.998425 0.000000
vn 0.000000 -0.000000 1.000000
vn 0.000000 -0.000000 1.000000
vn 0.000000 -0.000000 1.000000
vn 0.000000 -0.000000 1.000000
vn 0.000000 -0.000000 1.000000
vn 0.000000 -0.000000 1.000000
vn -0.914020 -0.405668 0.000000
vn -0.914020 -0.405668 0.000000
vn -0.914020 -0.405668 0.000000
vn -0.914020 -0.405668 0.000000
vn -0.874208 0.485552 -0.000000
vn -0.874208 0.485552 -0.000000
vn -0.874208 0.485552 -0.000000
vn -0.874208 0.485552 -0.000000
vn 0.000000 -0.000000 -1.000000
vn 0.000000 -0.000000 -1.000000
vn 0.000000 -0.000000 -1.000000
vn 0.000000 -0.000000 -1.000000
vn 0.000000 -0.000000 -1.000000
vn 0.000000 -0.000000 -1.000000
s off
g lightTower lightTowerGrp lightGrp5 base1 polySurface140
usemtl SM_Light_Tower_1_JFGSG
f 4389//13809 4390//13810 4392//13811 4391//13812
f 4391//13813 4392//13814 4394//13815 4393//13816
f 4393//13817 4394//13818 4396//13819 4395//13820
f 4395//13821 4396//13822 4398//13823 4397//13824
f 4392//13825 4390//13826 4400//13827 4398//13828 4396//13829 4394//13830
f 4397//13831 4398//13832 4400//13833 4399//13834
f 4399//13835 4400//13836 4390//13837 4389//13838
f 4389//13839 4391//13840 4393//13841 4395//13842 4397//13843 4399//13844
g default
v 10.925551 5.011294 -0.085109
v 10.957792 5.030521 -0.085109
v 10.929800 5.001720 -0.101298
v 10.962041 5.020947 -0.101298
v 10.938299 4.982572 -0.101298
v 10.970539 5.001799 -0.101298
v 10.942548 4.972998 -0.085109
v 10.974788 4.992226 -0.085109
v 10.938299 4.982572 -0.068921
v 10.970539 5.001799 -0.068921
v 10.929800 5.001720 -0.068921
v 10.962041 5.020947 -0.068921
vn -0.926649 0.375929 -0.000001
vn 0.207391 0.978258 -0.000001
vn 0.382363 0.576641 -0.722000
vn -0.726302 0.063417 -0.684444
vn -0.726302 0.063417 -0.684444
vn 0.382363 0.576641 -0.722000
vn 0.726303 -0.063420 -0.684443
vn -0.382361 -0.576644 -0.721999
vn -0.382361 -0.576644 -0.721999
vn 0.726303 -0.063420 -0.684443
vn 0.926649 -0.375928 -0.000001
vn -0.207393 -0.978258 -0.000000
vn -0.207393 -0.978258 -0.000000
vn 0.926649 -0.375928 -0.000001
vn 0.726303 -0.063420 0.684442
vn -0.382360 -0.576644 0.721999
vn 0.382363 0.576641 -0.722000
vn 0.207391 0.978258 -0.000001
vn 0.382363 0.576642 0.721999
vn 0.726303 -0.063420 0.684442
vn 0.926649 -0.375928 -0.000001
vn 0.726303 -0.063420 -0.684443
vn -0.382360 -0.576644 0.721999
vn 0.726303 -0.063420 0.684442
vn 0.382363 0.576642 0.721999
vn -0.726303 0.063417 0.684443
vn -0.726303 0.063417 0.684443
vn 0.382363 0.576642 0.721999
vn 0.207391 0.978258 -0.000001
vn -0.926649 0.375929 -0.000001
vn -0.926649 0.375929 -0.000001
vn -0.726302 0.063417 -0.684444
vn -0.382361 -0.576644 -0.721999
vn -0.207393 -0.978258 -0.000000
vn -0.382360 -0.576644 0.721999
vn -0.726303 0.063417 0.684443
s off
g lightTower lightTowerGrp lightGrp5 base1 polySurface39
usemtl SM_Light_Tower_1_JFGSG
f 4401//13845 4402//13846 4404//13847 4403//13848
f 4403//13849 4404//13850 4406//13851 4405//13852
f 4405//13853 4406//13854 4408//13855 4407//13856
f 4407//13857 4408//13858 4410//13859 4409//13860
f 4404//13861 4402//13862 4412//13863 4410//13864 4408//13865 4406//13866
f 4409//13867 4410//13868 4412//13869 4411//13870
f 4411//13871 4412//13872 4402//13873 4401//13874
f 4401//13875 4403//13876 4405//13877 4407//13878 4409//13879 4411//13880
g default
v 10.962341 5.018685 0.376681
v 10.985057 5.035511 0.376681
v 10.964996 5.012703 0.366566
v 10.988287 5.028233 0.364374
v 10.970306 5.000740 0.366566
v 10.994747 5.013677 0.364374
v 10.972960 4.994759 0.376681
v 10.997978 5.006399 0.376681
v 10.970306 5.000740 0.386795
v 10.994747 5.013677 0.388987
v 10.964996 5.012703 0.386795
v 10.988287 5.028233 0.388987
v 10.663175 5.567251 0.376681
v 10.730120 5.607346 0.376681
v 10.665356 5.562337 0.368370
v 10.732331 5.602364 0.368257
v 10.669719 5.552507 0.368370
v 10.736754 5.592400 0.368257
v 10.671900 5.547592 0.376681
v 10.738965 5.587418 0.376681
v 10.669719 5.552507 0.384991
v 10.736754 5.592400 0.385104
v 10.665356 5.562337 0.384991
v 10.732331 5.602364 0.385104
v 10.982268 5.043486 0.376681
v 10.742564 5.583570 0.376681
v 10.987968 5.046885 0.365509
v 10.748264 5.586969 0.365509
v 10.999368 5.053683 0.365509
v 10.759663 5.593767 0.365509
v 11.005068 5.057083 0.376681
v 10.765363 5.597167 0.376681
v 10.999368 5.053683 0.387853
v 10.759663 5.593767 0.387853
v 10.987968 5.046885 0.387853
v 10.748264 5.586969 0.387853
v 10.987842 5.034921 0.376681
v 10.994492 5.033682 0.388420
v 11.013079 5.029044 0.388420
v 11.019729 5.027805 0.376681
v 11.013079 5.029044 0.364942
v 10.994492 5.033682 0.364942
v 10.753804 5.615029 0.366883
v 10.743626 5.593506 0.366883
v 10.741881 5.589316 0.376681
v 10.743626 5.593506 0.386478
v 10.753804 5.615029 0.386478
v 10.755549 5.619220 0.376681
vn -0.503276 0.679438 -0.533926
vn -0.503276 0.679438 -0.533926
vn -0.503276 0.679438 -0.533926
vn -0.503276 0.679438 -0.533926
vn -0.072393 -0.032130 -0.996858
vn -0.072393 -0.032130 -0.996859
vn -0.072393 -0.032130 -0.996859
vn -0.072393 -0.032130 -0.996858
vn 0.354212 -0.761243 -0.543179
vn 0.354212 -0.761243 -0.543179
vn 0.354212 -0.761243 -0.543179
vn 0.354212 -0.761243 -0.543179
vn 0.354207 -0.761245 0.543179
vn 0.354207 -0.761245 0.543179
vn 0.354207 -0.761245 0.543179
vn 0.354207 -0.761245 0.543179
vn -0.072398 -0.032132 0.996858
vn -0.072398 -0.032132 0.996858
vn -0.072398 -0.032132 0.996858
vn -0.072398 -0.032132 0.996858
vn -0.503278 0.679437 0.533926
vn -0.503278 0.679437 0.533926
vn -0.503278 0.679437 0.533926
vn -0.503278 0.679437 0.533926
vn -0.432325 0.721848 -0.540399
vn -0.432325 0.721848 -0.540399
vn -0.432325 0.721848 -0.540399
vn -0.432325 0.721848 -0.540399
vn -0.001340 -0.000595 -0.999999
vn -0.001340 -0.000595 -0.999999
vn -0.001340 -0.000595 -0.999999
vn -0.001340 -0.000595 -0.999999
vn 0.429576 -0.723373 -0.540552
vn 0.429576 -0.723373 -0.540552
vn 0.429576 -0.723373 -0.540552
vn 0.429576 -0.723373 -0.540552
vn 0.429578 -0.723372 0.540552
vn 0.429578 -0.723372 0.540552
vn 0.429578 -0.723372 0.540552
vn 0.429578 -0.723372 0.540552
vn -0.001339 -0.000594 0.999999
vn -0.001339 -0.000594 0.999999
vn -0.001339 -0.000594 0.999999
vn -0.001339 -0.000594 0.999999
vn -0.432326 0.721848 0.540398
vn -0.432326 0.721848 0.540398
vn -0.432326 0.721848 0.540398
vn -0.432326 0.721848 0.540398
vn -0.787302 -0.349427 -0.507993
vn -0.787302 -0.349427 -0.507993
vn -0.787302 -0.349427 -0.507993
vn -0.787302 -0.349427 -0.507993
vn -0.000000 -0.000000 -1.000000
vn -0.000000 -0.000000 -1.000000
vn -0.000000 -0.000000 -1.000000
vn -0.000000 -0.000000 -1.000000
vn 0.787302 0.349427 -0.507993
vn 0.787302 0.349427 -0.507993
vn 0.787302 0.349427 -0.507993
vn 0.787302 0.349427 -0.507993
vn 0.787302 0.349427 0.507993
vn 0.787302 0.349427 0.507993
vn 0.787302 0.349427 0.507993
vn 0.787302 0.349427 0.507993
vn 0.000000 0.000000 1.000000
vn 0.000000 0.000000 1.000000
vn 0.000000 0.000000 1.000000
vn 0.000000 0.000000 1.000000
vn -0.787302 -0.349427 0.507993
vn -0.787302 -0.349427 0.507993
vn -0.787302 -0.349427 0.507993
vn -0.787302 -0.349427 0.507993
vn -0.105785 0.019340 -0.994201
vn -0.105785 0.019340 -0.994201
vn -0.105785 0.019340 -0.994201
vn -0.105785 0.019340 -0.994201
vn 0.205180 -0.872094 -0.444245
vn 0.205180 -0.872094 -0.444245
vn 0.205180 -0.872094 -0.444245
vn 0.205180 -0.872094 -0.444245
vn 0.205171 -0.872097 0.444244
vn 0.205171 -0.872097 0.444244
vn 0.205171 -0.872097 0.444244
vn 0.205171 -0.872097 0.444244
vn -0.105785 0.019340 0.994201
vn -0.105785 0.019340 0.994201
vn -0.105785 0.019340 0.994201
vn -0.105785 0.019340 0.994201
vn -0.431387 0.801345 0.414431
vn -0.431386 0.801344 0.414431
vn -0.431387 0.801345 0.414431
vn -0.431386 0.801345 0.414431
vn -0.431385 0.801345 -0.414431
vn -0.431385 0.801345 -0.414431
vn -0.431385 0.801345 -0.414431
vn -0.431385 0.801345 -0.414431
vn -0.002079 0.028846 -0.999582
vn -0.002079 0.028846 -0.999582
vn -0.002079 0.028846 -0.999582
vn -0.002079 0.028846 -0.999582
vn 0.783104 0.416930 -0.461430
vn 0.783104 0.416930 -0.461430
vn 0.783104 0.416930 -0.461430
vn 0.783104 0.416930 -0.461430
vn 0.783103 0.416929 0.461433
vn 0.783103 0.416929 0.461433
vn 0.783103 0.416929 0.461433
vn 0.783103 0.416929 0.461433
vn -0.002078 0.028846 0.999582
vn -0.002078 0.028846 0.999582
vn -0.002078 0.028846 0.999582
vn -0.002078 0.028846 0.999582
vn -0.780854 -0.421935 0.460693
vn -0.780854 -0.421935 0.460693
vn -0.780854 -0.421935 0.460693
vn -0.780854 -0.421935 0.460693
vn -0.780854 -0.421935 -0.460694
vn -0.780854 -0.421935 -0.460694
vn -0.780854 -0.421935 -0.460694
vn -0.780853 -0.421935 -0.460694
vn -0.402990 0.797935 0.448217
vn -0.402990 0.797935 0.448217
vn -0.402990 0.797935 0.448217
vn -0.402990 0.797935 0.448217
vn 0.021924 0.028610 0.999350
vn 0.021924 0.028610 0.999350
vn 0.021924 0.028610 0.999350
vn 0.021924 0.028610 0.999350
vn 0.598684 -0.645270 0.474556
vn 0.598684 -0.645270 0.474556
vn 0.598684 -0.645270 0.474556
vn 0.598684 -0.645270 0.474556
vn 0.598682 -0.645272 -0.474556
vn 0.598682 -0.645272 -0.474556
vn 0.598682 -0.645272 -0.474556
vn 0.598682 -0.645272 -0.474556
vn 0.021924 0.028609 -0.999350
vn 0.021924 0.028609 -0.999350
vn 0.021924 0.028609 -0.999350
vn 0.021924 0.028609 -0.999350
vn -0.402982 0.797939 -0.448217
vn -0.402982 0.797939 -0.448217
vn -0.402982 0.797939 -0.448217
vn -0.402982 0.797939 -0.448217
vn 0.849982 0.320818 -0.417859
vn 0.849982 0.320818 -0.417859
vn 0.849982 0.320818 -0.417859
vn 0.849982 0.320818 -0.417859
vn 0.849982 0.320818 0.417860
vn 0.849982 0.320818 0.417860
vn 0.849982 0.320818 0.417860
vn 0.849982 0.320818 0.417860
vn -0.086238 0.065708 0.994105
vn -0.086238 0.065708 0.994105
vn -0.086238 0.065708 0.994105
vn -0.086238 0.065708 0.994105
vn -0.849741 -0.321324 0.417961
vn -0.849741 -0.321324 0.417961
vn -0.849741 -0.321324 0.417961
vn -0.849741 -0.321324 0.417961
vn -0.849742 -0.321325 -0.417959
vn -0.849742 -0.321325 -0.417959
vn -0.849742 -0.321324 -0.417959
vn -0.849742 -0.321324 -0.417959
vn -0.086238 0.065707 -0.994105
vn -0.086238 0.065707 -0.994105
vn -0.086238 0.065707 -0.994105
vn -0.086238 0.065707 -0.994105
s off
g lightTower lightTowerGrp polySurface127 light3 lightGrp6
usemtl SM_Light_Tower_1_JFGSG
f 4413//13881 4414//13882 4416//13883 4415//13884
f 4415//13885 4416//13886 4418//13887 4417//13888
f 4417//13889 4418//13890 4420//13891 4419//13892
f 4419//13893 4420//13894 4422//13895 4421//13896
f 4421//13897 4422//13898 4424//13899 4423//13900
f 4423//13901 4424//13902 4414//13903 4413//13904
f 4425//13905 4426//13906 4428//13907 4427//13908
f 4427//13909 4428//13910 4430//13911 4429//13912
f 4429//13913 4430//13914 4432//13915 4431//13916
f 4431//13917 4432//13918 4434//13919 4433//13920
f 4433//13921 4434//13922 4436//13923 4435//13924
f 4435//13925 4436//13926 4426//13927 4425//13928
f 4437//13929 4438//13930 4440//13931 4439//13932
f 4439//13933 4440//13934 4442//13935 4441//13936
f 4441//13937 4442//13938 4444//13939 4443//13940
f 4443//13941 4444//13942 4446//13943 4445//13944
f 4445//13945 4446//13946 4448//13947 4447//13948
f 4447//13949 4448//13950 4438//13951 4437//13952
f 4455//13953 4456//13954 4430//13955 4428//13956
f 4456//13957 4457//13958 4432//13959 4430//13960
f 4457//13961 4458//13962 4434//13963 4432//13964
f 4458//13965 4459//13966 4436//13967 4434//13968
f 4459//13969 4460//13970 4426//13971 4436//13972
f 4460//13973 4455//13974 4428//13975 4426//13976
f 4439//13977 4441//13978 4453//13979 4454//13980
f 4441//13981 4443//13982 4452//13983 4453//13984
f 4443//13985 4445//13986 4451//13987 4452//13988
f 4445//13989 4447//13990 4450//13991 4451//13992
f 4447//13993 4437//13994 4449//13995 4450//13996
f 4437//13997 4439//13998 4454//13999 4449//14000
f 4450//14001 4449//14002 4414//14003 4424//14004
f 4451//14005 4450//14006 4424//14007 4422//14008
f 4452//14009 4451//14010 4422//14011 4420//14012
f 4453//14013 4452//14014 4420//14015 4418//14016
f 4454//14017 4453//14018 4418//14019 4416//14020
f 4449//14021 4454//14022 4416//14023 4414//14024
f 4444//14025 4442//14026 4455//14027 4460//14028
f 4446//14029 4444//14030 4460//14031 4459//14032
f 4448//14033 4446//14034 4459//14035 4458//14036
f 4438//14037 4448//14038 4458//14039 4457//14040
f 4440//14041 4438//14042 4457//14043 4456//14044
f 4442//14045 4440//14046 4456//14047 4455//14048
g default
v 10.723745 5.448778 0.106674
v 10.799444 5.493923 0.106674
v 10.725448 5.444941 0.100186
v 10.801147 5.490086 0.100186
v 10.728854 5.437267 0.100186
v 10.804553 5.482412 0.100186
v 10.730557 5.433430 0.106674
v 10.806256 5.478575 0.106674
v 10.728854 5.437267 0.113161
v 10.804553 5.482412 0.113161
v 10.725448 5.444941 0.113161
v 10.801147 5.490086 0.113161
vn -0.430950 0.722611 -0.540478
vn -0.430950 0.722611 -0.540478
vn -0.430950 0.722611 -0.540478
vn -0.430950 0.722611 -0.540478
vn 0.000000 -0.000000 -1.000000
vn 0.000000 -0.000000 -1.000000
vn 0.000000 -0.000000 -1.000000
vn 0.000000 -0.000000 -1.000000
vn 0.430954 -0.722618 -0.540465
vn 0.430954 -0.722618 -0.540465
vn 0.430954 -0.722618 -0.540465
vn 0.430954 -0.722618 -0.540465
vn 0.430953 -0.722616 0.540468
vn 0.430953 -0.722616 0.540468
vn 0.430953 -0.722616 0.540468
vn 0.430953 -0.722616 0.540468
vn 0.000000 0.000000 1.000000
vn 0.000000 0.000000 1.000000
vn 0.000000 0.000000 1.000000
vn 0.000000 0.000000 1.000000
vn -0.430951 0.722613 0.540474
vn -0.430951 0.722613 0.540474
vn -0.430951 0.722613 0.540474
vn -0.430951 0.722613 0.540474
vn 0.914020 0.405668 -0.000000
vn 0.914020 0.405668 -0.000000
vn 0.914020 0.405668 -0.000000
vn 0.914020 0.405668 -0.000000
vn 0.914020 0.405668 -0.000000
vn 0.914020 0.405668 -0.000000
s off
g lightTower lightTowerGrp light3 lightGrp6 polySurface113
usemtl SM_Light_Tower_1_JFGSG
f 4461//14049 4462//14050 4464//14051 4463//14052
f 4463//14053 4464//14054 4466//14055 4465//14056
f 4465//14057 4466//14058 4468//14059 4467//14060
f 4467//14061 4468//14062 4470//14063 4469//14064
f 4469//14065 4470//14066 4472//14067 4471//14068
f 4471//14069 4472//14070 4462//14071 4461//14072
f 4464//14073 4462//14074 4472//14075 4470//14076 4468//14077 4466//14078
g default
v 10.893528 5.196969 0.263832
v 10.891926 5.200578 0.263832
v 10.893528 5.196969 0.220562
v 10.891926 5.200578 0.220562
v 10.906989 5.205043 0.263239
v 10.907352 5.209872 0.263239
v 10.906358 5.204667 0.221127
v 10.906722 5.209496 0.221127
vn -0.914020 -0.405668 0.000000
vn -0.914020 -0.405668 0.000000
vn -0.914020 -0.405668 0.000000
vn -0.914020 -0.405668 0.000000
vn 0.037583 0.005517 -0.999278
vn 0.037583 0.005517 -0.999278
vn 0.037583 0.005517 -0.999278
vn 0.037583 0.005517 -0.999278
vn 0.997082 -0.074993 -0.014263
vn 0.997082 -0.074993 -0.014263
vn 0.997082 -0.074993 -0.014263
vn 0.997082 -0.074993 -0.014263
vn 0.037739 0.005541 0.999272
vn 0.037739 0.005541 0.999272
vn 0.037739 0.005541 0.999272
vn 0.037739 0.005541 0.999272
vn 0.514386 -0.857558 -0.000022
vn 0.514386 -0.857558 -0.000022
vn 0.514386 -0.857558 -0.000022
vn 0.514386 -0.857559 -0.000022
s off
g lightTower lightTowerGrp light3 lightGrp6 polySurface134
usemtl SM_Light_Tower_1_JFGSG
f 4473//14079 4474//14080 4476//14081 4475//14082
f 4475//14083 4476//14084 4480//14085 4479//14086
f 4479//14087 4480//14088 4478//14089 4477//14090
f 4477//14091 4478//14092 4474//14093 4473//14094
f 4475//14095 4479//14096 4477//14097 4473//14098
g default
v 10.706529 5.438301 0.374106
v 10.796774 5.492122 0.374106
v 10.708305 5.434298 0.367338
v 10.798551 5.488119 0.367338
v 10.711858 5.426292 0.367338
v 10.802104 5.480113 0.367338
v 10.713635 5.422290 0.374106
v 10.803881 5.476110 0.374106
v 10.711858 5.426292 0.380875
v 10.802104 5.480113 0.380875
v 10.708305 5.434298 0.380875
v 10.798551 5.488119 0.380875
vn -0.430948 0.722606 -0.540486
vn -0.430948 0.722606 -0.540486
vn -0.430948 0.722606 -0.540486
vn -0.430948 0.722605 -0.540486
vn -0.000000 -0.000000 -1.000000
vn -0.000000 -0.000000 -1.000000
vn -0.000000 -0.000000 -1.000000
vn -0.000000 -0.000000 -1.000000
vn 0.430955 -0.722619 -0.540463
vn 0.430955 -0.722619 -0.540463
vn 0.430955 -0.722619 -0.540463
vn 0.430955 -0.722619 -0.540463
vn 0.430955 -0.722619 0.540463
vn 0.430955 -0.722619 0.540463
vn 0.430955 -0.722619 0.540463
vn 0.430955 -0.722619 0.540463
vn 0.000000 0.000000 1.000000
vn 0.000000 0.000000 1.000000
vn 0.000000 0.000000 1.000000
vn 0.000000 0.000000 1.000000
vn -0.430946 0.722607 0.540486
vn -0.430946 0.722607 0.540486
vn -0.430946 0.722607 0.540486
vn -0.430946 0.722607 0.540486
vn 0.914020 0.405668 -0.000000
vn 0.914020 0.405668 -0.000000
vn 0.914020 0.405668 -0.000000
vn 0.914020 0.405668 -0.000000
vn 0.914020 0.405668 -0.000000
vn 0.914020 0.405668 -0.000000
s off
g lightTower lightTowerGrp light3 lightGrp6 polySurface139
usemtl SM_Light_Tower_1_JFGSG
f 4481//14099 4482//14100 4484//14101 4483//14102
f 4483//14103 4484//14104 4486//14105 4485//14106
f 4485//14107 4486//14108 4488//14109 4487//14110
f 4487//14111 4488//14112 4490//14113 4489//14114
f 4489//14115 4490//14116 4492//14117 4491//14118
f 4491//14119 4492//14120 4482//14121 4481//14122
f 4484//14123 4482//14124 4492//14125 4490//14126 4488//14127 4486//14128
g default
v 10.893319 5.200460 0.357271
v 10.780764 5.454058 0.357271
v 10.893319 5.200460 0.128938
v 10.780764 5.454058 0.128938
v 10.914076 5.212839 0.357271
v 10.801522 5.466438 0.357271
v 10.914076 5.212839 0.128938
v 10.801522 5.466438 0.128938
v 10.830927 5.468918 0.137849
v 10.932914 5.239129 0.137849
v 10.932914 5.239129 0.351357
v 10.830927 5.468919 0.351357
v 10.873299 5.453495 0.151341
v 10.946724 5.288058 0.151341
v 10.946724 5.288058 0.337622
v 10.873299 5.453495 0.337622
v 10.906189 5.427242 0.172052
v 10.947421 5.334342 0.172052
v 10.947421 5.334342 0.316305
v 10.906189 5.427242 0.316305
vn 0.000000 -0.000000 -1.000000
vn 0.000000 -0.000000 -1.000000
vn 0.000000 -0.000000 -1.000000
vn 0.000000 -0.000000 -1.000000
vn 0.278228 0.123485 -0.952544
vn 0.278228 0.123485 -0.952544
vn 0.278228 0.123485 -0.952544
vn 0.278228 0.123485 -0.952544
vn 0.000000 0.000000 1.000000
vn 0.000000 0.000000 1.000000
vn 0.000000 0.000000 1.000000
vn 0.000000 0.000000 1.000000
vn 0.512207 -0.858862 0.000000
vn 0.512207 -0.858862 0.000000
vn 0.512207 -0.858862 0.000000
vn 0.512207 -0.858862 0.000000
vn -0.512207 0.858862 -0.000000
vn -0.512207 0.858862 -0.000000
vn -0.512207 0.858862 -0.000000
vn -0.512207 0.858862 -0.000000
vn 0.356064 0.158032 0.921002
vn 0.356064 0.158032 0.921002
vn 0.356064 0.158032 0.921002
vn 0.356064 0.158032 0.921002
vn 0.189647 0.084171 0.978238
vn 0.189647 0.084171 0.978238
vn 0.189647 0.084171 0.978238
vn 0.189647 0.084171 0.978238
vn 0.812865 -0.582452 0.000000
vn 0.812865 -0.582452 0.000000
vn 0.812865 -0.582452 0.000000
vn 0.812865 -0.582452 0.000000
vn -0.084064 0.996460 -0.000000
vn -0.084064 0.996460 -0.000000
vn -0.084064 0.996460 -0.000000
vn -0.084064 0.996460 -0.000000
vn 0.623835 0.781556 -0.000000
vn 0.623835 0.781556 -0.000000
vn 0.623835 0.781556 -0.000000
vn 0.623835 0.781556 -0.000000
vn 0.962399 -0.271641 0.000000
vn 0.962399 -0.271641 0.000000
vn 0.962399 -0.271641 0.000000
vn 0.962399 -0.271641 0.000000
vn 0.342042 0.939685 -0.000000
vn 0.342042 0.939685 -0.000000
vn 0.342042 0.939685 -0.000000
vn 0.342042 0.939685 -0.000000
vn 0.350708 0.155654 -0.923459
vn 0.350708 0.155654 -0.923459
vn 0.350708 0.155654 -0.923459
vn 0.350708 0.155654 -0.923459
vn 0.914020 0.405668 -0.000000
vn 0.914020 0.405668 -0.000000
vn 0.914020 0.405668 -0.000000
vn 0.914020 0.405668 -0.000000
vn 0.666882 0.295981 -0.683860
vn 0.666882 0.295981 -0.683860
vn 0.666882 0.295981 -0.683860
vn 0.666882 0.295981 -0.683860
vn 0.675795 0.299937 0.673305
vn 0.675795 0.299937 0.673305
vn 0.675795 0.299937 0.673305
vn 0.675795 0.299937 0.673305
vn 0.999887 -0.015049 0.000000
vn 0.999887 -0.015049 0.000000
vn 0.999887 -0.015049 0.000000
vn 0.999887 -0.015049 0.000000
s off
g lightTower lightTowerGrp light3 lightGrp6 polySurface118
usemtl SM_Light_Tower_1_JFGSG
f 4495//14129 4496//14130 4500//14131 4499//14132
f 4499//14133 4500//14134 4501//14135 4502//14136
f 4497//14137 4498//14138 4494//14139 4493//14140
f 4495//14141 4499//14142 4497//14143 4493//14144
f 4500//14145 4496//14146 4494//14147 4498//14148
f 4504//14149 4503//14150 4507//14151 4508//14152
f 4498//14153 4497//14154 4503//14155 4504//14156
f 4497//14157 4499//14158 4502//14159 4503//14160
f 4500//14161 4498//14162 4504//14163 4501//14164
f 4505//14165 4508//14166 4512//14167 4509//14168
f 4503//14169 4502//14170 4506//14171 4507//14172
f 4501//14173 4504//14174 4508//14175 4505//14176
f 4502//14177 4501//14178 4505//14179 4506//14180
f 4510//14181 4509//14182 4512//14183 4511//14184
f 4506//14185 4505//14186 4509//14187 4510//14188
f 4508//14189 4507//14190 4511//14191 4512//14192
f 4507//14193 4506//14194 4510//14195 4511//14196
g default
v 10.641251 5.541930 0.077861
v 10.669946 5.559044 0.077861
v 10.648403 5.525816 0.086944
v 10.677098 5.542929 0.086944
v 10.648403 5.525816 0.105109
v 10.677098 5.542929 0.105109
v 10.641251 5.541931 0.114191
v 10.669946 5.559044 0.114191
v 10.634099 5.558045 0.105109
v 10.662794 5.575158 0.105109
v 10.634099 5.558045 0.086944
v 10.662794 5.575158 0.086944
vn 0.235918 -0.395578 -0.887616
vn 0.235918 -0.395578 -0.887616
vn 0.235918 -0.395578 -0.887616
vn 0.235918 -0.395578 -0.887616
vn 0.512207 -0.858862 0.000000
vn 0.512207 -0.858862 0.000000
vn 0.512207 -0.858862 0.000000
vn 0.512207 -0.858862 0.000000
vn 0.235915 -0.395579 0.887616
vn 0.235915 -0.395579 0.887616
vn 0.235915 -0.395579 0.887616
vn 0.235915 -0.395579 0.887616
vn -0.235918 0.395578 0.887616
vn -0.235918 0.395578 0.887616
vn -0.235918 0.395578 0.887616
vn -0.235918 0.395578 0.887616
vn 0.914020 0.405668 -0.000000
vn 0.914021 0.405668 -0.000000
vn 0.914020 0.405668 -0.000000
vn 0.914020 0.405668 -0.000000
vn 0.914021 0.405668 -0.000000
vn 0.914020 0.405668 -0.000000
vn -0.512213 0.858859 -0.000000
vn -0.512213 0.858859 -0.000000
vn -0.512213 0.858859 -0.000000
vn -0.512213 0.858859 -0.000000
vn -0.235915 0.395579 -0.887616
vn -0.235915 0.395579 -0.887616
vn -0.235915 0.395579 -0.887616
vn -0.235915 0.395579 -0.887616
vn -0.914020 -0.405668 0.000000
vn -0.914020 -0.405668 0.000000
vn -0.914020 -0.405668 0.000000
vn -0.914020 -0.405668 0.000000
vn -0.914020 -0.405668 0.000000
vn -0.914020 -0.405668 0.000000
s off
g lightTower lightTowerGrp light3 lightGrp6 polySurface148
usemtl SM_Light_Tower_1_JFGSG
f 4513//14197 4514//14198 4516//14199 4515//14200
f 4515//14201 4516//14202 4518//14203 4517//14204
f 4517//14205 4518//14206 4520//14207 4519//14208
f 4519//14209 4520//14210 4522//14211 4521//14212
f 4516//14213 4514//14214 4524//14215 4522//14216 4520//14217 4518//14218
f 4521//14219 4522//14220 4524//14221 4523//14222
f 4523//14223 4524//14224 4514//14225 4513//14226
f 4513//14227 4515//14228 4517//14229 4519//14230 4521//14231 4523//14232
g default
v 10.925551 5.011294 0.098664
v 10.958390 5.030878 0.098664
v 10.929800 5.001720 0.082475
v 10.962640 5.021304 0.082475
v 10.938299 4.982572 0.082475
v 10.971138 5.002156 0.082475
v 10.942548 4.972998 0.098664
v 10.975387 4.992582 0.098664
v 10.938299 4.982572 0.114852
v 10.971138 5.002156 0.114852
v 10.929800 5.001720 0.114852
v 10.962640 5.021304 0.114852
vn -0.430950 0.722611 -0.540478
vn -0.430950 0.722611 -0.540478
vn -0.430950 0.722611 -0.540478
vn -0.430950 0.722611 -0.540478
vn -0.000001 0.000001 -1.000000
vn -0.000001 0.000001 -1.000000
vn -0.000001 0.000001 -1.000000
vn -0.000001 0.000001 -1.000000
vn 0.430952 -0.722614 -0.540472
vn 0.430952 -0.722614 -0.540472
vn 0.430952 -0.722614 -0.540472
vn 0.430952 -0.722614 -0.540472
vn 0.430952 -0.722614 0.540472
vn 0.430952 -0.722614 0.540472
vn 0.430952 -0.722614 0.540472
vn 0.430952 -0.722614 0.540472
vn 0.914020 0.405668 -0.000000
vn 0.914020 0.405668 -0.000000
vn 0.914020 0.405668 -0.000000
vn 0.914020 0.405668 -0.000000
vn 0.914020 0.405668 -0.000000
vn 0.914020 0.405668 -0.000000
vn 0.000001 -0.000001 1.000000
vn 0.000001 -0.000001 1.000000
vn 0.000001 -0.000001 1.000000
vn 0.000001 -0.000001 1.000000
vn -0.430950 0.722612 0.540476
vn -0.430950 0.722612 0.540476
vn -0.430950 0.722612 0.540476
vn -0.430950 0.722612 0.540476
vn -0.914020 -0.405668 0.000000
vn -0.914020 -0.405668 0.000000
vn -0.914020 -0.405668 0.000000
vn -0.914020 -0.405668 0.000000
vn -0.914020 -0.405668 0.000000
vn -0.914020 -0.405668 0.000000
s off
g lightTower lightTowerGrp light3 lightGrp6 polySurface137
usemtl SM_Light_Tower_1_JFGSG
f 4525//14233 4526//14234 4528//14235 4527//14236
f 4527//14237 4528//14238 4530//14239 4529//14240
f 4529//14241 4530//14242 4532//14243 4531//14244
f 4531//14245 4532//14246 4534//14247 4533//14248
f 4528//14249 4526//14250 4536//14251 4534//14252 4532//14253 4530//14254
f 4533//14255 4534//14256 4536//14257 4535//14258
f 4535//14259 4536//14260 4526//14261 4525//14262
f 4525//14263 4527//14264 4529//14265 4531//14266 4533//14267 4535//14268
g default
v 10.708243 5.446092 0.107522
v 10.724047 5.455517 0.107522
v 10.710735 5.440476 0.098026
v 10.726540 5.449901 0.098026
v 10.715721 5.429243 0.098026
v 10.731525 5.438669 0.098026
v 10.718213 5.423627 0.107522
v 10.734018 5.433052 0.107522
v 10.715721 5.429243 0.117018
v 10.731525 5.438669 0.117018
v 10.710735 5.440476 0.117018
v 10.726540 5.449901 0.117018
vn -0.430953 0.722616 -0.540468
vn -0.430953 0.722616 -0.540468
vn -0.430953 0.722616 -0.540468
vn -0.430953 0.722616 -0.540468
vn 0.000000 -0.000000 -1.000000
vn 0.000000 -0.000000 -1.000000
vn 0.000000 -0.000000 -1.000000
vn 0.000000 -0.000000 -1.000000
vn 0.430950 -0.722611 -0.540476
vn 0.430950 -0.722611 -0.540476
vn 0.430950 -0.722611 -0.540476
vn 0.430950 -0.722611 -0.540476
vn 0.430951 -0.722612 0.540475
vn 0.430951 -0.722612 0.540475
vn 0.430951 -0.722612 0.540475
vn 0.430951 -0.722612 0.540475
vn 0.914021 0.405668 -0.000000
vn 0.914020 0.405668 -0.000000
vn 0.914020 0.405668 -0.000000
vn 0.914020 0.405668 -0.000000
vn 0.914021 0.405668 -0.000000
vn 0.914020 0.405668 -0.000000
vn 0.000000 0.000000 1.000000
vn 0.000000 0.000000 1.000000
vn 0.000000 0.000000 1.000000
vn 0.000000 0.000000 1.000000
vn -0.430953 0.722617 0.540466
vn -0.430953 0.722617 0.540466
vn -0.430953 0.722617 0.540466
vn -0.430953 0.722617 0.540466
vn -0.914020 -0.405668 -0.000000
vn -0.914020 -0.405668 -0.000000
vn -0.914021 -0.405668 -0.000000
vn -0.914020 -0.405668 -0.000000
vn -0.914020 -0.405668 -0.000000
vn -0.914020 -0.405668 -0.000000
s off
g lightTower lightTowerGrp light3 lightGrp6 polySurface131
usemtl SM_Light_Tower_1_JFGSG
f 4537//14269 4538//14270 4540//14271 4539//14272
f 4539//14273 4540//14274 4542//14275 4541//14276
f 4541//14277 4542//14278 4544//14279 4543//14280
f 4543//14281 4544//14282 4546//14283 4545//14284
f 4540//14285 4538//14286 4548//14287 4546//14288 4544//14289 4542//14290
f 4545//14291 4546//14292 4548//14293 4547//14294
f 4547//14295 4548//14296 4538//14297 4537//14298
f 4537//14299 4539//14300 4541//14301 4543//14302 4545//14303 4547//14304
g default
v 10.865200 5.196134 0.355515
v 10.758845 5.435764 0.355515
v 10.865200 5.196134 0.123069
v 10.758845 5.435764 0.123069
v 10.894839 5.194928 0.370090
v 10.775232 5.464419 0.370090
v 10.894839 5.194928 0.108494
v 10.775232 5.464419 0.108494
v 10.871826 5.181204 0.108494
v 10.871826 5.181204 0.370090
v 10.752219 5.450694 0.370090
v 10.752219 5.450694 0.108494
v 10.882453 5.206423 0.123069
v 10.882453 5.206423 0.355515
v 10.776098 5.446054 0.355515
v 10.776098 5.446054 0.123069
vn 0.512207 -0.858862 0.000000
vn 0.512207 -0.858862 0.000000
vn 0.512207 -0.858862 0.000000
vn 0.512207 -0.858862 0.000000
vn 0.000000 -0.000000 -1.000000
vn 0.000000 -0.000000 -1.000000
vn 0.000000 -0.000000 -1.000000
vn 0.000000 -0.000000 -1.000000
vn 0.914020 0.405668 -0.000000
vn 0.914020 0.405668 -0.000000
vn 0.914020 0.405668 -0.000000
vn 0.914020 0.405668 -0.000000
vn 0.000000 0.000000 1.000000
vn 0.000000 0.000000 1.000000
vn 0.000000 0.000000 1.000000
vn 0.000000 0.000000 1.000000
vn 0.512207 -0.858862 0.000000
vn 0.512207 -0.858862 0.000000
vn 0.512207 -0.858862 0.000000
vn 0.512207 -0.858862 0.000000
vn -0.512207 0.858862 -0.000000
vn -0.512207 0.858862 -0.000000
vn -0.512207 0.858862 -0.000000
vn -0.512207 0.858862 -0.000000
vn -0.914020 -0.405668 0.000000
vn -0.914020 -0.405668 0.000000
vn -0.914020 -0.405668 0.000000
vn -0.914020 -0.405668 0.000000
vn -0.914020 -0.405668 0.000000
vn -0.914020 -0.405668 0.000000
vn -0.914020 -0.405668 0.000000
vn -0.914020 -0.405668 0.000000
vn -0.914020 -0.405668 0.000000
vn -0.914020 -0.405668 0.000000
vn -0.914020 -0.405668 0.000000
vn -0.914020 -0.405668 0.000000
vn -0.914020 -0.405668 0.000000
vn -0.914020 -0.405668 0.000000
vn -0.914021 -0.405668 0.000000
vn -0.914021 -0.405668 0.000000
vn -0.914020 -0.405668 0.000000
vn -0.914020 -0.405668 0.000000
vn -0.914020 -0.405668 0.000000
vn -0.914020 -0.405668 0.000000
vn -0.512207 0.858862 -0.000000
vn -0.512207 0.858862 -0.000000
vn -0.512207 0.858862 -0.000000
vn -0.512207 0.858862 -0.000000
vn 0.000000 0.000000 1.000000
vn 0.000000 0.000000 1.000000
vn 0.000000 0.000000 1.000000
vn 0.000000 0.000000 1.000000
vn 0.000000 -0.000000 -1.000000
vn 0.000000 -0.000000 -1.000000
vn 0.000000 -0.000000 -1.000000
vn 0.000000 -0.000000 -1.000000
s off
g lightTower lightTowerGrp light3 lightGrp6 polySurface146
usemtl SM_Light_Tower_1_JFGSG
f 4550//14305 4552//14306 4564//14307 4563//14308
f 4557//14309 4560//14310 4556//14311 4555//14312
f 4555//14313 4556//14314 4554//14315 4553//14316
f 4553//14317 4554//14318 4559//14319 4558//14320
f 4557//14321 4555//14322 4553//14323 4558//14324
f 4556//14325 4560//14326 4559//14327 4554//14328
f 4549//14329 4551//14330 4557//14331 4558//14332
f 4550//14333 4549//14334 4558//14335 4559//14336
f 4552//14337 4550//14338 4559//14339 4560//14340
f 4551//14341 4552//14342 4560//14343 4557//14344
f 4562//14345 4563//14346 4564//14347 4561//14348
f 4551//14349 4549//14350 4562//14351 4561//14352
f 4552//14353 4551//14354 4561//14355 4564//14356
f 4549//14357 4550//14358 4563//14359 4562//14360
g default
v 10.964042 5.019082 0.096801
v 10.985057 5.035511 0.096801
v 10.966547 5.013436 0.087254
v 10.988287 5.028233 0.084494
v 10.971559 5.002145 0.087254
v 10.994747 5.013677 0.084494
v 10.974065 4.996499 0.096801
v 10.997978 5.006399 0.096801
v 10.971559 5.002145 0.106347
v 10.994747 5.013677 0.109107
v 10.966547 5.013436 0.106347
v 10.988287 5.028233 0.109107
v 10.663175 5.567251 0.096800
v 10.730120 5.607346 0.096800
v 10.665356 5.562337 0.088490
v 10.732331 5.602364 0.088377
v 10.669719 5.552507 0.088490
v 10.736754 5.592400 0.088377
v 10.671900 5.547592 0.096800
v 10.738965 5.587418 0.096800
v 10.669719 5.552507 0.105111
v 10.736754 5.592400 0.105224
v 10.665356 5.562337 0.105111
v 10.732331 5.602364 0.105224
v 10.982268 5.043486 0.096801
v 10.742564 5.583569 0.096800
v 10.987968 5.046885 0.085629
v 10.748264 5.586969 0.085629
v 10.999368 5.053683 0.085629
v 10.759663 5.593767 0.085629
v 11.005068 5.057083 0.096801
v 10.765363 5.597167 0.096800
v 10.999368 5.053683 0.107973
v 10.759663 5.593767 0.107972
v 10.987968 5.046885 0.107973
v 10.748264 5.586969 0.107972
v 10.987842 5.034921 0.096801
v 10.994492 5.033682 0.108540
v 11.013079 5.029044 0.108540
v 11.019729 5.027805 0.096801
v 11.013079 5.029044 0.085062
v 10.994492 5.033682 0.085062
v 10.753804 5.615029 0.087003
v 10.743626 5.593506 0.087003
v 10.741881 5.589316 0.096800
v 10.743626 5.593506 0.106598
v 10.753804 5.615029 0.106598
v 10.755549 5.619220 0.096800
vn -0.521665 0.667301 -0.531578
vn -0.521665 0.667301 -0.531578
vn -0.521665 0.667301 -0.531578
vn -0.521666 0.667301 -0.531578
vn -0.096942 -0.043025 -0.994360
vn -0.096942 -0.043025 -0.994360
vn -0.096942 -0.043025 -0.994360
vn -0.096942 -0.043025 -0.994360
vn 0.321190 -0.775793 -0.543123
vn 0.321190 -0.775793 -0.543123
vn 0.321190 -0.775793 -0.543123
vn 0.321190 -0.775793 -0.543123
vn 0.321191 -0.775794 0.543121
vn 0.321191 -0.775794 0.543121
vn 0.321191 -0.775794 0.543121
vn 0.321191 -0.775794 0.543121
vn -0.096943 -0.043023 0.994360
vn -0.096943 -0.043023 0.994360
vn -0.096943 -0.043023 0.994360
vn -0.096943 -0.043023 0.994360
vn -0.521663 0.667304 0.531576
vn -0.521663 0.667304 0.531576
vn -0.521663 0.667304 0.531576
vn -0.521663 0.667304 0.531576
vn -0.432328 0.721847 -0.540398
vn -0.432328 0.721847 -0.540398
vn -0.432328 0.721847 -0.540398
vn -0.432328 0.721847 -0.540398
vn -0.001339 -0.000595 -0.999999
vn -0.001339 -0.000595 -0.999999
vn -0.001339 -0.000595 -0.999999
vn -0.001339 -0.000595 -0.999999
vn 0.429578 -0.723372 -0.540552
vn 0.429578 -0.723372 -0.540552
vn 0.429578 -0.723372 -0.540552
vn 0.429578 -0.723372 -0.540552
vn 0.429578 -0.723372 0.540552
vn 0.429578 -0.723372 0.540552
vn 0.429578 -0.723372 0.540552
vn 0.429578 -0.723372 0.540552
vn -0.001339 -0.000594 0.999999
vn -0.001339 -0.000594 0.999999
vn -0.001339 -0.000594 0.999999
vn -0.001339 -0.000594 0.999999
vn -0.432326 0.721848 0.540398
vn -0.432326 0.721848 0.540398
vn -0.432326 0.721848 0.540398
vn -0.432326 0.721848 0.540398
vn -0.787302 -0.349427 -0.507993
vn -0.787302 -0.349427 -0.507993
vn -0.787302 -0.349427 -0.507993
vn -0.787302 -0.349427 -0.507993
vn 0.000000 -0.000000 -1.000000
vn 0.000000 -0.000000 -1.000000
vn 0.000000 -0.000000 -1.000000
vn 0.000000 -0.000000 -1.000000
vn 0.787302 0.349427 -0.507993
vn 0.787302 0.349427 -0.507993
vn 0.787302 0.349427 -0.507993
vn 0.787302 0.349427 -0.507993
vn 0.787302 0.349427 0.507992
vn 0.787302 0.349427 0.507992
vn 0.787302 0.349427 0.507992
vn 0.787302 0.349427 0.507992
vn 0.000000 0.000000 1.000000
vn 0.000000 0.000000 1.000000
vn 0.000000 0.000000 1.000000
vn 0.000000 0.000000 1.000000
vn -0.787302 -0.349427 0.507992
vn -0.787302 -0.349427 0.507992
vn -0.787302 -0.349427 0.507992
vn -0.787302 -0.349427 0.507992
vn -0.105785 0.019339 -0.994201
vn -0.105785 0.019339 -0.994201
vn -0.105785 0.019339 -0.994201
vn -0.105785 0.019339 -0.994201
vn 0.205180 -0.872094 -0.444244
vn 0.205180 -0.872094 -0.444244
vn 0.205180 -0.872094 -0.444244
vn 0.205180 -0.872094 -0.444244
vn 0.205170 -0.872096 0.444245
vn 0.205170 -0.872096 0.444245
vn 0.205170 -0.872096 0.444244
vn 0.205170 -0.872096 0.444245
vn -0.105785 0.019340 0.994201
vn -0.105785 0.019340 0.994201
vn -0.105785 0.019340 0.994201
vn -0.105785 0.019340 0.994201
vn -0.431387 0.801345 0.414430
vn -0.431387 0.801345 0.414430
vn -0.431387 0.801345 0.414430
vn -0.431387 0.801345 0.414430
vn -0.431385 0.801345 -0.414431
vn -0.431385 0.801345 -0.414431
vn -0.431385 0.801345 -0.414431
vn -0.431385 0.801345 -0.414431
vn -0.002078 0.028845 -0.999582
vn -0.002078 0.028845 -0.999582
vn -0.002078 0.028845 -0.999582
vn -0.002078 0.028845 -0.999582
vn 0.783105 0.416929 -0.461430
vn 0.783105 0.416929 -0.461430
vn 0.783105 0.416929 -0.461430
vn 0.783105 0.416929 -0.461430
vn 0.783104 0.416929 0.461430
vn 0.783104 0.416929 0.461430
vn 0.783104 0.416929 0.461430
vn 0.783104 0.416930 0.461431
vn -0.002077 0.028846 0.999582
vn -0.002077 0.028846 0.999582
vn -0.002077 0.028846 0.999582
vn -0.002077 0.028846 0.999582
vn -0.780856 -0.421936 0.460688
vn -0.780856 -0.421936 0.460688
vn -0.780856 -0.421936 0.460688
vn -0.780856 -0.421936 0.460688
vn -0.780855 -0.421937 -0.460689
vn -0.780855 -0.421937 -0.460689
vn -0.780855 -0.421937 -0.460689
vn -0.780855 -0.421937 -0.460689
vn -0.402964 0.797948 0.448217
vn -0.402964 0.797948 0.448217
vn -0.402964 0.797948 0.448217
vn -0.402964 0.797948 0.448217
vn 0.021923 0.028612 0.999350
vn 0.021923 0.028612 0.999350
vn 0.021923 0.028612 0.999350
vn 0.021923 0.028612 0.999350
vn 0.598688 -0.645267 0.474556
vn 0.598688 -0.645267 0.474556
vn 0.598688 -0.645267 0.474556
vn 0.598688 -0.645266 0.474556
vn 0.598686 -0.645268 -0.474556
vn 0.598686 -0.645268 -0.474556
vn 0.598686 -0.645268 -0.474556
vn 0.598686 -0.645268 -0.474556
vn 0.021924 0.028609 -0.999350
vn 0.021924 0.028609 -0.999350
vn 0.021924 0.028609 -0.999350
vn 0.021924 0.028609 -0.999350
vn -0.402955 0.797952 -0.448219
vn -0.402955 0.797952 -0.448219
vn -0.402955 0.797952 -0.448219
vn -0.402955 0.797952 -0.448219
vn 0.849982 0.320819 -0.417859
vn 0.849982 0.320819 -0.417859
vn 0.849982 0.320819 -0.417859
vn 0.849982 0.320819 -0.417859
vn 0.849982 0.320817 0.417860
vn 0.849982 0.320817 0.417860
vn 0.849982 0.320817 0.417860
vn 0.849982 0.320817 0.417860
vn -0.086238 0.065707 0.994105
vn -0.086238 0.065707 0.994105
vn -0.086238 0.065707 0.994105
vn -0.086238 0.065707 0.994106
vn -0.849740 -0.321325 0.417961
vn -0.849740 -0.321325 0.417961
vn -0.849740 -0.321325 0.417961
vn -0.849740 -0.321325 0.417961
vn -0.849742 -0.321323 -0.417959
vn -0.849742 -0.321323 -0.417959
vn -0.849742 -0.321323 -0.417959
vn -0.849742 -0.321323 -0.417959
vn -0.086238 0.065707 -0.994105
vn -0.086238 0.065707 -0.994105
vn -0.086238 0.065707 -0.994105
vn -0.086238 0.065707 -0.994105
s off
g lightTower lightTowerGrp light3 lightGrp6 polySurface130
usemtl SM_Light_Tower_1_JFGSG
f 4565//14361 4566//14362 4568//14363 4567//14364
f 4567//14365 4568//14366 4570//14367 4569//14368
f 4569//14369 4570//14370 4572//14371 4571//14372
f 4571//14373 4572//14374 4574//14375 4573//14376
f 4573//14377 4574//14378 4576//14379 4575//14380
f 4575//14381 4576//14382 4566//14383 4565//14384
f 4577//14385 4578//14386 4580//14387 4579//14388
f 4579//14389 4580//14390 4582//14391 4581//14392
f 4581//14393 4582//14394 4584//14395 4583//14396
f 4583//14397 4584//14398 4586//14399 4585//14400
f 4585//14401 4586//14402 4588//14403 4587//14404
f 4587//14405 4588//14406 4578//14407 4577//14408
f 4589//14409 4590//14410 4592//14411 4591//14412
f 4591//14413 4592//14414 4594//14415 4593//14416
f 4593//14417 4594//14418 4596//14419 4595//14420
f 4595//14421 4596//14422 4598//14423 4597//14424
f 4597//14425 4598//14426 4600//14427 4599//14428
f 4599//14429 4600//14430 4590//14431 4589//14432
f 4607//14433 4608//14434 4582//14435 4580//14436
f 4608//14437 4609//14438 4584//14439 4582//14440
f 4609//14441 4610//14442 4586//14443 4584//14444
f 4610//14445 4611//14446 4588//14447 4586//14448
f 4611//14449 4612//14450 4578//14451 4588//14452
f 4612//14453 4607//14454 4580//14455 4578//14456
f 4591//14457 4593//14458 4605//14459 4606//14460
f 4593//14461 4595//14462 4604//14463 4605//14464
f 4595//14465 4597//14466 4603//14467 4604//14468
f 4597//14469 4599//14470 4602//14471 4603//14472
f 4599//14473 4589//14474 4601//14475 4602//14476
f 4589//14477 4591//14478 4606//14479 4601//14480
f 4602//14481 4601//14482 4566//14483 4576//14484
f 4603//14485 4602//14486 4576//14487 4574//14488
f 4604//14489 4603//14490 4574//14491 4572//14492
f 4605//14493 4604//14494 4572//14495 4570//14496
f 4606//14497 4605//14498 4570//14499 4568//14500
f 4601//14501 4606//14502 4568//14503 4566//14504
f 4596//14505 4594//14506 4607//14507 4612//14508
f 4598//14509 4596//14510 4612//14511 4611//14512
f 4600//14513 4598//14514 4611//14515 4610//14516
f 4590//14517 4600//14518 4610//14519 4609//14520
f 4592//14521 4590//14522 4609//14523 4608//14524
f 4594//14525 4592//14526 4608//14527 4607//14528
g default
v 10.828105 5.387006 0.357852
v 10.827933 5.387395 0.346951
v 10.869207 5.299833 0.359441
v 10.869235 5.299770 0.347699
v 10.869306 5.413490 0.352055
v 10.868902 5.413169 0.344430
v 10.910967 5.327581 0.354004
v 10.910563 5.327261 0.345158
vn -0.904525 -0.426420 -0.000359
vn -0.904525 -0.426420 -0.000359
vn -0.904525 -0.426420 -0.000359
vn -0.904525 -0.426420 -0.000359
vn 0.553982 -0.832511 0.005367
vn 0.553982 -0.832511 0.005367
vn 0.553982 -0.832511 0.005367
vn 0.553982 -0.832511 0.005367
vn 0.898478 0.434763 -0.060975
vn 0.898478 0.434763 -0.060975
vn 0.898478 0.434763 -0.060975
vn 0.898478 0.434763 -0.060975
vn -0.535115 0.844548 0.019740
vn -0.535115 0.844548 0.019740
vn -0.535116 0.844548 0.019740
vn -0.535115 0.844548 0.019740
vn 0.092403 0.064490 0.993631
vn 0.092403 0.064490 0.993631
vn 0.092403 0.064490 0.993631
vn 0.092403 0.064490 0.993631
s off
g lightTower lightTowerGrp light3 lightGrp6 polySurface112
usemtl SM_Light_Tower_1_JFGSG
f 4613//14529 4614//14530 4616//14531 4615//14532
f 4615//14533 4616//14534 4620//14535 4619//14536
f 4619//14537 4620//14538 4618//14539 4617//14540
f 4617//14541 4618//14542 4614//14543 4613//14544
f 4615//14545 4619//14546 4617//14547 4613//14548
g default
v 10.877654 5.218769 0.339520
v 10.781659 5.435057 0.339520
v 10.877654 5.218768 0.144780
v 10.781659 5.435057 0.144780
v 10.859950 5.208210 0.339520
v 10.763955 5.424499 0.339520
v 10.859950 5.208210 0.144780
v 10.763955 5.424499 0.144780
v 10.747889 5.402076 0.152380
v 10.834871 5.206094 0.152380
v 10.834871 5.206095 0.334476
v 10.747889 5.402076 0.334476
v 10.736111 5.360346 0.163887
v 10.798734 5.219249 0.163887
v 10.798734 5.219249 0.322762
v 10.736111 5.360346 0.322762
v 10.735516 5.320872 0.181551
v 10.770682 5.241639 0.181551
v 10.770682 5.241639 0.304581
v 10.735516 5.320872 0.304581
vn 0.000000 -0.000000 -1.000000
vn 0.000000 -0.000000 -1.000000
vn 0.000000 -0.000000 -1.000000
vn 0.000000 -0.000000 -1.000000
vn -0.278229 -0.123486 -0.952544
vn -0.278229 -0.123486 -0.952544
vn -0.278229 -0.123486 -0.952544
vn -0.278229 -0.123486 -0.952544
vn 0.000000 0.000000 1.000000
vn 0.000000 0.000000 1.000000
vn 0.000000 0.000000 1.000000
vn 0.000000 0.000000 1.000000
vn 0.512207 -0.858862 0.000000
vn 0.512207 -0.858862 0.000000
vn 0.512207 -0.858862 0.000000
vn 0.512207 -0.858862 0.000000
vn -0.512207 0.858862 -0.000000
vn -0.512207 0.858862 -0.000000
vn -0.512207 0.858862 -0.000000
vn -0.512207 0.858862 -0.000000
vn -0.356064 -0.158031 0.921002
vn -0.356064 -0.158031 0.921002
vn -0.356064 -0.158031 0.921002
vn -0.356064 -0.158031 0.921002
vn -0.189648 -0.084171 0.978238
vn -0.189648 -0.084171 0.978238
vn -0.189648 -0.084171 0.978238
vn -0.189648 -0.084171 0.978238
vn 0.084075 -0.996459 0.000000
vn 0.084075 -0.996459 0.000000
vn 0.084075 -0.996459 0.000000
vn 0.084075 -0.996459 0.000000
vn -0.812868 0.582447 -0.000000
vn -0.812868 0.582447 -0.000000
vn -0.812868 0.582447 -0.000000
vn -0.812868 0.582447 -0.000000
vn -0.999887 0.015049 -0.000000
vn -0.999887 0.015049 -0.000000
vn -0.999887 0.015049 -0.000000
vn -0.999887 0.015049 -0.000000
vn -0.342047 -0.939683 0.000000
vn -0.342047 -0.939683 0.000000
vn -0.342047 -0.939683 0.000000
vn -0.342047 -0.939683 0.000000
vn -0.962398 0.271643 -0.000000
vn -0.962398 0.271642 -0.000000
vn -0.962398 0.271642 -0.000000
vn -0.962398 0.271643 -0.000000
vn -0.350707 -0.155654 -0.923459
vn -0.350707 -0.155654 -0.923459
vn -0.350707 -0.155654 -0.923459
vn -0.350707 -0.155654 -0.923459
vn -0.914020 -0.405668 0.000000
vn -0.914020 -0.405668 0.000000
vn -0.914020 -0.405668 0.000000
vn -0.914020 -0.405668 0.000000
vn -0.666882 -0.295981 -0.683860
vn -0.666882 -0.295981 -0.683860
vn -0.666882 -0.295981 -0.683860
vn -0.666882 -0.295981 -0.683860
vn -0.675795 -0.299937 0.673305
vn -0.675795 -0.299937 0.673305
vn -0.675795 -0.299937 0.673305
vn -0.675795 -0.299937 0.673305
vn -0.623833 -0.781558 0.000000
vn -0.623833 -0.781558 0.000000
vn -0.623833 -0.781558 0.000000
vn -0.623833 -0.781558 0.000000
s off
g lightTower lightTowerGrp light3 lightGrp6 polySurface126
usemtl SM_Light_Tower_1_JFGSG
f 4623//14549 4627//14550 4628//14551 4624//14552
f 4627//14553 4630//14554 4629//14555 4628//14556
f 4625//14557 4621//14558 4622//14559 4626//14560
f 4623//14561 4621//14562 4625//14563 4627//14564
f 4628//14565 4626//14566 4622//14567 4624//14568
f 4632//14569 4636//14570 4635//14571 4631//14572
f 4626//14573 4632//14574 4631//14575 4625//14576
f 4625//14577 4631//14578 4630//14579 4627//14580
f 4628//14581 4629//14582 4632//14583 4626//14584
f 4633//14585 4637//14586 4640//14587 4636//14588
f 4631//14589 4635//14590 4634//14591 4630//14592
f 4629//14593 4633//14594 4636//14595 4632//14596
f 4630//14597 4634//14598 4633//14599 4629//14600
f 4638//14601 4639//14602 4640//14603 4637//14604
f 4634//14605 4638//14606 4637//14607 4633//14608
f 4636//14609 4640//14610 4639//14611 4635//14612
f 4635//14613 4639//14614 4638//14615 4634//14616
g default
v 10.668761 5.558337 0.112134
v 10.668761 5.558337 0.359636
v 10.668075 5.541937 0.112134
v 10.668075 5.541937 0.359636
v 10.655480 5.534426 0.112134
v 10.655480 5.534426 0.359636
v 10.643571 5.543314 0.112134
v 10.643571 5.543314 0.359636
v 10.644257 5.559713 0.112134
v 10.644257 5.559713 0.359636
v 10.656852 5.567225 0.112134
v 10.656852 5.567225 0.359636
vn 0.999127 -0.041778 0.000000
vn 0.999127 -0.041778 0.000000
vn 0.999127 -0.041778 0.000000
vn 0.999127 -0.041778 0.000000
vn 0.512207 -0.858862 0.000000
vn 0.512207 -0.858862 0.000000
vn 0.512207 -0.858862 0.000000
vn 0.512207 -0.858862 0.000000
vn -0.598118 -0.801408 0.000000
vn -0.598118 -0.801408 0.000000
vn -0.598118 -0.801408 0.000000
vn -0.598118 -0.801408 0.000000
vn -0.999127 0.041778 -0.000000
vn -0.999127 0.041778 -0.000000
vn -0.999127 0.041778 -0.000000
vn -0.999127 0.041778 -0.000000
vn 0.000000 -0.000000 1.000000
vn 0.000000 -0.000000 1.000000
vn 0.000000 -0.000000 1.000000
vn 0.000000 -0.000000 1.000000
vn 0.000000 -0.000000 1.000000
vn 0.000000 -0.000000 1.000000
vn -0.512207 0.858862 -0.000000
vn -0.512207 0.858862 -0.000000
vn -0.512207 0.858862 -0.000000
vn -0.512207 0.858862 -0.000000
vn 0.598118 0.801408 -0.000000
vn 0.598118 0.801408 -0.000000
vn 0.598118 0.801408 -0.000000
vn 0.598118 0.801408 -0.000000
vn -0.000000 0.000001 -1.000000
vn -0.000000 0.000001 -1.000000
vn -0.000000 0.000001 -1.000000
vn -0.000000 0.000001 -1.000000
vn -0.000000 0.000001 -1.000000
vn -0.000000 0.000001 -1.000000
s off
g lightTower lightTowerGrp light3 lightGrp6 polySurface133
usemtl SM_Light_Tower_1_JFGSG
f 4641//14617 4642//14618 4644//14619 4643//14620
f 4643//14621 4644//14622 4646//14623 4645//14624
f 4645//14625 4646//14626 4648//14627 4647//14628
f 4647//14629 4648//14630 4650//14631 4649//14632
f 4644//14633 4642//14634 4652//14635 4650//14636 4648//14637 4646//14638
f 4649//14639 4650//14640 4652//14641 4651//14642
f 4651//14643 4652//14644 4642//14645 4641//14646
f 4641//14647 4643//14648 4645//14649 4647//14650 4649//14651 4651//14652
g default
v 10.799199 5.494574 0.101234
v 10.799199 5.494574 0.370504
v 10.807728 5.494095 0.101234
v 10.807728 5.494095 0.370504
v 10.811634 5.485293 0.101234
v 10.811634 5.485293 0.370504
v 10.807012 5.476971 0.101234
v 10.807012 5.476971 0.370504
v 10.798483 5.477450 0.101234
v 10.798483 5.477450 0.370504
v 10.794576 5.486252 0.101234
v 10.794576 5.486252 0.370504
vn 0.056100 0.998425 -0.000000
vn 0.056100 0.998425 -0.000000
vn 0.056100 0.998425 -0.000000
vn 0.056100 0.998425 -0.000000
vn 0.914020 0.405668 -0.000000
vn 0.914020 0.405668 -0.000000
vn 0.914020 0.405668 -0.000000
vn 0.914020 0.405668 -0.000000
vn 0.874206 -0.485555 0.000000
vn 0.874206 -0.485555 0.000000
vn 0.874206 -0.485555 0.000000
vn 0.874206 -0.485555 0.000000
vn -0.056100 -0.998425 0.000000
vn -0.056100 -0.998425 0.000000
vn -0.056100 -0.998425 0.000000
vn -0.056100 -0.998425 0.000000
vn -0.914020 -0.405668 0.000000
vn -0.914020 -0.405668 0.000000
vn -0.914020 -0.405668 0.000000
vn -0.914020 -0.405668 0.000000
vn -0.874206 0.485555 -0.000000
vn -0.874206 0.485555 -0.000000
vn -0.874206 0.485555 -0.000000
vn -0.874206 0.485555 -0.000000
vn 0.000000 -0.000000 1.000000
vn 0.000000 -0.000000 1.000000
vn 0.000000 -0.000000 1.000000
vn 0.000000 -0.000000 1.000000
vn 0.000000 -0.000000 1.000000
vn 0.000000 -0.000000 1.000000
s off
g lightTower lightTowerGrp light3 lightGrp6 polySurface138
usemtl SM_Light_Tower_1_JFGSG
f 4653//14653 4654//14654 4656//14655 4655//14656
f 4655//14657 4656//14658 4658//14659 4657//14660
f 4657//14661 4658//14662 4660//14663 4659//14664
f 4659//14665 4660//14666 4662//14667 4661//14668
f 4661//14669 4662//14670 4664//14671 4663//14672
f 4663//14673 4664//14674 4654//14675 4653//14676
f 4656//14677 4654//14678 4664//14679 4662//14680 4660//14681 4658//14682
g default
v 10.691460 5.433614 0.374219
v 10.708738 5.443918 0.374219
v 10.694185 5.427474 0.363837
v 10.711463 5.437778 0.363837
v 10.699635 5.415194 0.363837
v 10.716913 5.425499 0.363837
v 10.702360 5.409055 0.374219
v 10.719638 5.419359 0.374219
v 10.699635 5.415194 0.384600
v 10.716913 5.425499 0.384600
v 10.694185 5.427474 0.384600
v 10.711463 5.437778 0.384600
vn -0.430950 0.722611 -0.540476
vn -0.430950 0.722611 -0.540476
vn -0.430950 0.722611 -0.540476
vn -0.430950 0.722611 -0.540476
vn -0.000000 0.000000 -1.000000
vn -0.000000 0.000000 -1.000000
vn -0.000000 0.000000 -1.000000
vn -0.000000 0.000000 -1.000000
vn 0.430950 -0.722612 -0.540476
vn 0.430950 -0.722612 -0.540476
vn 0.430950 -0.722612 -0.540476
vn 0.430950 -0.722612 -0.540476
vn 0.430950 -0.722611 0.540476
vn 0.430950 -0.722611 0.540476
vn 0.430950 -0.722611 0.540476
vn 0.430950 -0.722611 0.540476
vn 0.914021 0.405668 -0.000000
vn 0.914021 0.405668 -0.000000
vn 0.914021 0.405668 -0.000000
vn 0.914021 0.405668 -0.000000
vn 0.914021 0.405668 -0.000000
vn 0.914021 0.405668 -0.000000
vn 0.000000 0.000000 1.000000
vn 0.000000 0.000000 1.000000
vn 0.000000 0.000000 1.000000
vn 0.000000 0.000000 1.000000
vn -0.430950 0.722612 0.540476
vn -0.430950 0.722612 0.540476
vn -0.430950 0.722612 0.540476
vn -0.430950 0.722612 0.540476
vn -0.914021 -0.405668 0.000000
vn -0.914021 -0.405668 0.000000
vn -0.914021 -0.405668 0.000000
vn -0.914021 -0.405668 0.000000
vn -0.914021 -0.405668 0.000000
vn -0.914021 -0.405668 0.000000
s off
g lightTower lightTowerGrp light3 lightGrp6 polySurface136
usemtl SM_Light_Tower_1_JFGSG
f 4665//14683 4666//14684 4668//14685 4667//14686
f 4667//14687 4668//14688 4670//14689 4669//14690
f 4669//14691 4670//14692 4672//14693 4671//14694
f 4671//14695 4672//14696 4674//14697 4673//14698
f 4668//14699 4666//14700 4676//14701 4674//14702 4672//14703 4670//14704
f 4673//14705 4674//14706 4676//14707 4675//14708
f 4675//14709 4676//14710 4666//14711 4665//14712
f 4665//14713 4667//14714 4669//14715 4671//14716 4673//14717 4675//14718
g default
v 10.639532 5.540905 0.358264
v 10.669946 5.559044 0.358264
v 10.646684 5.524791 0.367347
v 10.677098 5.542929 0.367347
v 10.646684 5.524791 0.385512
v 10.677098 5.542929 0.385512
v 10.639532 5.540905 0.394594
v 10.669946 5.559044 0.394594
v 10.632380 5.557020 0.385512
v 10.662794 5.575158 0.385512
v 10.632380 5.557020 0.367347
v 10.662794 5.575158 0.367347
vn 0.235915 -0.395579 -0.887616
vn 0.235915 -0.395579 -0.887616
vn 0.235915 -0.395579 -0.887616
vn 0.235915 -0.395579 -0.887616
vn 0.512207 -0.858862 0.000000
vn 0.512207 -0.858862 0.000000
vn 0.512207 -0.858862 0.000000
vn 0.512207 -0.858862 0.000000
vn 0.235915 -0.395579 0.887616
vn 0.235915 -0.395579 0.887616
vn 0.235915 -0.395579 0.887616
vn 0.235915 -0.395579 0.887616
vn -0.235918 0.395578 0.887615
vn -0.235918 0.395578 0.887615
vn -0.235918 0.395578 0.887615
vn -0.235918 0.395578 0.887615
vn 0.914020 0.405668 -0.000000
vn 0.914021 0.405668 -0.000000
vn 0.914020 0.405668 -0.000000
vn 0.914020 0.405668 -0.000000
vn 0.914021 0.405668 -0.000000
vn 0.914020 0.405668 -0.000000
vn -0.512207 0.858862 -0.000000
vn -0.512207 0.858862 -0.000000
vn -0.512207 0.858862 -0.000000
vn -0.512207 0.858862 -0.000000
vn -0.235912 0.395580 -0.887616
vn -0.235912 0.395580 -0.887616
vn -0.235912 0.395580 -0.887616
vn -0.235912 0.395580 -0.887616
vn -0.914020 -0.405668 0.000000
vn -0.914020 -0.405668 0.000000
vn -0.914020 -0.405668 0.000000
vn -0.914020 -0.405668 0.000000
vn -0.914020 -0.405668 0.000000
vn -0.914020 -0.405668 0.000000
s off
g lightTower lightTowerGrp light3 lightGrp6 polySurface142
usemtl SM_Light_Tower_1_JFGSG
f 4677//14719 4678//14720 4680//14721 4679//14722
f 4679//14723 4680//14724 4682//14725 4681//14726
f 4681//14727 4682//14728 4684//14729 4683//14730
f 4683//14731 4684//14732 4686//14733 4685//14734
f 4680//14735 4678//14736 4688//14737 4686//14738 4684//14739 4682//14740
f 4685//14741 4686//14742 4688//14743 4687//14744
f 4687//14745 4688//14746 4678//14747 4677//14748
f 4677//14749 4679//14750 4681//14751 4683//14752 4685//14753 4687//14754
g default
v 10.925551 5.011294 0.375130
v 10.957792 5.030521 0.375130
v 10.929800 5.001720 0.358941
v 10.962041 5.020947 0.358941
v 10.938299 4.982572 0.358941
v 10.970539 5.001799 0.358941
v 10.942548 4.972998 0.375130
v 10.974788 4.992225 0.375130
v 10.938299 4.982572 0.391318
v 10.970539 5.001799 0.391318
v 10.929800 5.001720 0.391318
v 10.962041 5.020947 0.391318
vn -0.430950 0.722611 -0.540477
vn -0.430950 0.722611 -0.540477
vn -0.430950 0.722611 -0.540477
vn -0.430950 0.722611 -0.540477
vn -0.000000 0.000000 -1.000000
vn -0.000000 0.000000 -1.000000
vn -0.000000 0.000000 -1.000000
vn -0.000000 0.000000 -1.000000
vn 0.430952 -0.722614 -0.540472
vn 0.430952 -0.722614 -0.540472
vn 0.430952 -0.722614 -0.540472
vn 0.430952 -0.722614 -0.540472
vn 0.430951 -0.722614 0.540473
vn 0.430951 -0.722614 0.540473
vn 0.430951 -0.722614 0.540473
vn 0.430951 -0.722614 0.540473
vn 0.914021 0.405668 -0.000000
vn 0.914020 0.405668 -0.000000
vn 0.914021 0.405668 -0.000000
vn 0.914020 0.405668 -0.000000
vn 0.914020 0.405668 -0.000000
vn 0.914020 0.405668 -0.000000
vn -0.000000 0.000000 1.000000
vn -0.000000 0.000000 1.000000
vn -0.000000 0.000000 1.000000
vn -0.000000 0.000000 1.000000
vn -0.430950 0.722611 0.540477
vn -0.430950 0.722611 0.540477
vn -0.430950 0.722611 0.540477
vn -0.430950 0.722611 0.540477
vn -0.914020 -0.405668 0.000000
vn -0.914021 -0.405668 0.000000
vn -0.914020 -0.405668 0.000000
vn -0.914020 -0.405668 0.000000
vn -0.914020 -0.405668 0.000000
vn -0.914021 -0.405668 0.000000
s off
g lightTower lightTowerGrp light3 lightGrp6 polySurface115
usemtl SM_Light_Tower_1_JFGSG
f 4689//14755 4690//14756 4692//14757 4691//14758
f 4691//14759 4692//14760 4694//14761 4693//14762
f 4693//14763 4694//14764 4696//14765 4695//14766
f 4695//14767 4696//14768 4698//14769 4697//14770
f 4692//14771 4690//14772 4700//14773 4698//14774 4696//14775 4694//14776
f 4697//14777 4698//14778 4700//14779 4699//14780
f 4699//14781 4700//14782 4690//14783 4689//14784
f 4689//14785 4691//14786 4693//14787 4695//14788 4697//14789 4699//14790
g default
v 10.925551 5.011294 0.538862
v 10.958390 5.030878 0.538862
v 10.929800 5.001720 0.522674
v 10.962640 5.021304 0.522674
v 10.938299 4.982572 0.522674
v 10.971138 5.002156 0.522674
v 10.942548 4.972998 0.538862
v 10.975387 4.992582 0.538862
v 10.938299 4.982572 0.555051
v 10.971138 5.002156 0.555051
v 10.929800 5.001720 0.555051
v 10.962640 5.021304 0.555051
vn -0.926649 0.375929 -0.000001
vn 0.207391 0.978258 -0.000001
vn 0.382362 0.576642 -0.722000
vn -0.726303 0.063417 -0.684443
vn -0.726303 0.063417 -0.684443
vn 0.382362 0.576642 -0.722000
vn 0.726303 -0.063419 -0.684443
vn -0.382362 -0.576643 -0.721999
vn -0.382362 -0.576643 -0.721999
vn 0.726303 -0.063419 -0.684443
vn 0.926649 -0.375928 -0.000000
vn -0.207392 -0.978258 -0.000000
vn -0.207392 -0.978258 -0.000000
vn 0.926649 -0.375928 -0.000000
vn 0.726303 -0.063420 0.684443
vn -0.382361 -0.576644 0.721999
vn 0.382362 0.576642 -0.722000
vn 0.207391 0.978258 -0.000001
vn 0.382363 0.576642 0.721999
vn 0.726303 -0.063420 0.684443
vn 0.926649 -0.375928 -0.000000
vn 0.726303 -0.063419 -0.684443
vn -0.382361 -0.576644 0.721999
vn 0.726303 -0.063420 0.684443
vn 0.382363 0.576642 0.721999
vn -0.726303 0.063417 0.684443
vn -0.726303 0.063417 0.684443
vn 0.382363 0.576642 0.721999
vn 0.207391 0.978258 -0.000001
vn -0.926649 0.375929 -0.000001
vn -0.926649 0.375929 -0.000001
vn -0.726303 0.063417 -0.684443
vn -0.382362 -0.576643 -0.721999
vn -0.207392 -0.978258 -0.000000
vn -0.382361 -0.576644 0.721999
vn -0.726303 0.063417 0.684443
s off
g lightTower lightTowerGrp lightGrp6 polySurface35 light2
usemtl SM_Light_Tower_1_JFGSG
f 4701//14791 4702//14792 4704//14793 4703//14794
f 4703//14795 4704//14796 4706//14797 4705//14798
f 4705//14799 4706//14800 4708//14801 4707//14802
f 4707//14803 4708//14804 4710//14805 4709//14806
f 4704//14807 4702//14808 4712//14809 4710//14810 4708//14811 4706//14812
f 4709//14813 4710//14814 4712//14815 4711//14816
f 4711//14817 4712//14818 4702//14819 4701//14820
f 4701//14821 4703//14822 4705//14823 4707//14824 4709//14825 4711//14826
g default
v 10.925551 5.011294 0.815328
v 10.957792 5.030521 0.815328
v 10.929800 5.001720 0.799140
v 10.962041 5.020947 0.799140
v 10.938299 4.982572 0.799140
v 10.970539 5.001799 0.799140
v 10.942548 4.972998 0.815328
v 10.974788 4.992225 0.815328
v 10.938299 4.982572 0.831517
v 10.970539 5.001799 0.831517
v 10.929800 5.001720 0.831517
v 10.962041 5.020947 0.831517
vn -0.926649 0.375929 -0.000000
vn 0.207391 0.978258 -0.000000
vn 0.382362 0.576641 -0.722000
vn -0.726302 0.063417 -0.684444
vn -0.726302 0.063417 -0.684444
vn 0.382362 0.576641 -0.722000
vn 0.726303 -0.063419 -0.684443
vn -0.382361 -0.576643 -0.721999
vn -0.382361 -0.576643 -0.721999
vn 0.726303 -0.063419 -0.684443
vn 0.926649 -0.375928 0.000000
vn -0.207393 -0.978258 0.000000
vn -0.207393 -0.978258 0.000000
vn 0.926649 -0.375928 0.000000
vn 0.726303 -0.063419 0.684443
vn -0.382361 -0.576643 0.721999
vn 0.382362 0.576641 -0.722000
vn 0.207391 0.978258 -0.000000
vn 0.382362 0.576642 0.721999
vn 0.726303 -0.063419 0.684443
vn 0.926649 -0.375928 0.000000
vn 0.726303 -0.063419 -0.684443
vn -0.382361 -0.576643 0.721999
vn 0.726303 -0.063419 0.684443
vn 0.382362 0.576642 0.721999
vn -0.726302 0.063417 0.684444
vn -0.726302 0.063417 0.684444
vn 0.382362 0.576642 0.721999
vn 0.207391 0.978258 -0.000000
vn -0.926649 0.375929 -0.000000
vn -0.926649 0.375929 -0.000000
vn -0.726302 0.063417 -0.684444
vn -0.382361 -0.576643 -0.721999
vn -0.207393 -0.978258 0.000000
vn -0.382361 -0.576643 0.721999
vn -0.726302 0.063417 0.684444
s off
g lightTower lightTowerGrp lightGrp6 light2 polySurface37
usemtl SM_Light_Tower_1_JFGSG
f 4713//14827 4714//14828 4716//14829 4715//14830
f 4715//14831 4716//14832 4718//14833 4717//14834
f 4717//14835 4718//14836 4720//14837 4719//14838
f 4719//14839 4720//14840 4722//14841 4721//14842
f 4716//14843 4714//14844 4724//14845 4722//14846 4720//14847 4718//14848
f 4721//14849 4722//14850 4724//14851 4723//14852
f 4723//14853 4724//14854 4714//14855 4713//14856
f 4713//14857 4715//14858 4717//14859 4719//14860 4721//14861 4723//14862
g default
v 10.962341 5.018685 0.816879
v 10.985057 5.035511 0.816879
v 10.964996 5.012703 0.806765
v 10.988287 5.028233 0.804573
v 10.970306 5.000740 0.806765
v 10.994747 5.013677 0.804573
v 10.972960 4.994759 0.816879
v 10.997978 5.006399 0.816879
v 10.970306 5.000740 0.826993
v 10.994747 5.013677 0.829185
v 10.964996 5.012703 0.826993
v 10.988287 5.028233 0.829185
v 10.663175 5.567251 0.816879
v 10.730120 5.607346 0.816879
v 10.665356 5.562337 0.808569
v 10.732331 5.602364 0.808455
v 10.669719 5.552507 0.808569
v 10.736754 5.592400 0.808455
v 10.671900 5.547592 0.816879
v 10.738965 5.587418 0.816879
v 10.669719 5.552507 0.825189
v 10.736754 5.592400 0.825303
v 10.665356 5.562337 0.825189
v 10.732331 5.602364 0.825303
v 10.982268 5.043486 0.816879
v 10.742564 5.583570 0.816879
v 10.987968 5.046885 0.805707
v 10.748264 5.586969 0.805707
v 10.999368 5.053683 0.805707
v 10.759663 5.593767 0.805707
v 11.005068 5.057083 0.816879
v 10.765363 5.597167 0.816879
v 10.999368 5.053683 0.828051
v 10.759663 5.593767 0.828051
v 10.987968 5.046885 0.828051
v 10.748264 5.586969 0.828051
v 10.987842 5.034921 0.816879
v 10.994492 5.033682 0.828618
v 11.013079 5.029044 0.828618
v 11.019729 5.027805 0.816879
v 11.013079 5.029044 0.805140
v 10.994492 5.033682 0.805140
v 10.753804 5.615029 0.807081
v 10.743626 5.593506 0.807081
v 10.741881 5.589316 0.816879
v 10.743626 5.593506 0.826677
v 10.753804 5.615029 0.826677
v 10.755549 5.619220 0.816879
vn -0.595218 0.803564 -0.000001
vn -0.530631 0.847603 0.000000
vn -0.252589 0.385796 -0.887333
vn -0.318812 0.354050 -0.879208
vn -0.318812 0.354050 -0.879208
vn -0.252589 0.385796 -0.887333
vn 0.263121 -0.407089 -0.874669
vn 0.150082 -0.434058 -0.888296
vn 0.150082 -0.434058 -0.888296
vn 0.263121 -0.407089 -0.874669
vn 0.559537 -0.828805 0.000001
vn 0.421871 -0.906656 -0.000001
vn 0.421871 -0.906656 -0.000001
vn 0.559537 -0.828805 0.000001
vn 0.263121 -0.407088 0.874669
vn 0.150079 -0.434060 0.888295
vn 0.150079 -0.434060 0.888295
vn 0.263121 -0.407088 0.874669
vn -0.252591 0.385795 0.887333
vn -0.318816 0.354049 0.879207
vn -0.318816 0.354049 0.879207
vn -0.252591 0.385795 0.887333
vn -0.530631 0.847603 0.000000
vn -0.595218 0.803564 -0.000001
vn -0.513812 0.857903 -0.000001
vn -0.493715 0.869624 -0.000000
vn -0.272537 0.430099 -0.860662
vn -0.237475 0.394833 -0.887532
vn -0.237475 0.394833 -0.887532
vn -0.272537 0.430099 -0.860662
vn 0.131205 -0.414835 -0.900387
vn 0.234355 -0.396323 -0.887697
vn 0.234355 -0.396323 -0.887697
vn 0.131205 -0.414835 -0.900387
vn 0.372792 -0.927915 -0.000000
vn 0.510604 -0.859816 -0.000000
vn 0.510604 -0.859816 -0.000000
vn 0.372792 -0.927915 -0.000000
vn 0.131206 -0.414835 0.900387
vn 0.234356 -0.396323 0.887697
vn 0.234356 -0.396323 0.887697
vn 0.131206 -0.414835 0.900387
vn -0.272537 0.430100 0.860661
vn -0.237475 0.394834 0.887532
vn -0.237475 0.394834 0.887532
vn -0.272537 0.430100 0.860661
vn -0.493715 0.869624 -0.000000
vn -0.513812 0.857903 -0.000001
vn -0.897872 -0.440256 0.000000
vn -0.924759 -0.380553 0.000000
vn -0.461640 -0.156788 -0.873101
vn -0.459527 -0.217848 -0.861032
vn -0.459527 -0.217848 -0.861032
vn -0.461640 -0.156788 -0.873101
vn 0.426875 0.208472 -0.879953
vn 0.440720 0.223984 -0.869251
vn 0.440720 0.223984 -0.869251
vn 0.426875 0.208472 -0.879953
vn 0.925476 0.378806 -0.000000
vn 0.898638 0.438691 0.000001
vn 0.898638 0.438691 0.000001
vn 0.925476 0.378806 -0.000000
vn 0.426875 0.208472 0.879953
vn 0.440720 0.223984 0.869251
vn 0.440720 0.223984 0.869251
vn 0.426875 0.208472 0.879953
vn -0.461640 -0.156788 0.873101
vn -0.459527 -0.217848 0.861032
vn -0.459527 -0.217848 0.861032
vn -0.461640 -0.156788 0.873101
vn -0.924759 -0.380553 0.000000
vn -0.897872 -0.440256 0.000000
vn 0.211948 0.557362 -0.802761
vn -0.270626 -0.223408 -0.936403
vn 0.131205 -0.414835 -0.900387
vn -0.272537 0.430099 -0.860662
vn -0.270626 -0.223408 -0.936403
vn -0.513792 -0.857915 0.000000
vn 0.372792 -0.927915 -0.000000
vn 0.131205 -0.414835 -0.900387
vn -0.513792 -0.857915 0.000000
vn -0.270626 -0.223408 0.936403
vn 0.131206 -0.414835 0.900387
vn 0.372792 -0.927915 -0.000000
vn -0.270626 -0.223408 0.936403
vn 0.211947 0.557362 0.802761
vn -0.272537 0.430100 0.860661
vn 0.131206 -0.414835 0.900387
vn 0.211947 0.557362 0.802761
vn 0.414646 0.909983 -0.000000
vn -0.493715 0.869624 -0.000000
vn -0.272537 0.430100 0.860661
vn 0.414646 0.909983 -0.000000
vn 0.211948 0.557362 -0.802761
vn -0.272537 0.430099 -0.860662
vn -0.493715 0.869624 -0.000000
vn -0.459527 -0.217848 -0.861032
vn 0.440720 0.223984 -0.869251
vn 0.605574 -0.087316 -0.790985
vn -0.231347 0.097036 -0.968020
vn 0.440720 0.223984 -0.869251
vn 0.898638 0.438691 0.000001
vn 0.989298 -0.145907 0.000001
vn 0.605574 -0.087316 -0.790985
vn 0.898638 0.438691 0.000001
vn 0.440720 0.223984 0.869251
vn 0.605574 -0.087314 0.790984
vn 0.989298 -0.145907 0.000001
vn 0.440720 0.223984 0.869251
vn -0.459527 -0.217848 0.861032
vn -0.231346 0.097036 0.968020
vn 0.605574 -0.087314 0.790984
vn -0.459527 -0.217848 0.861032
vn -0.897872 -0.440256 0.000000
vn -0.951890 0.306440 -0.000000
vn -0.231346 0.097036 0.968020
vn -0.897872 -0.440256 0.000000
vn -0.459527 -0.217848 -0.861032
vn -0.231347 0.097036 -0.968020
vn -0.951890 0.306440 -0.000000
vn -0.231346 0.097036 0.968020
vn -0.951890 0.306440 -0.000000
vn -0.530631 0.847603 0.000000
vn -0.252591 0.385795 0.887333
vn 0.605574 -0.087314 0.790984
vn -0.231346 0.097036 0.968020
vn -0.252591 0.385795 0.887333
vn 0.263121 -0.407088 0.874669
vn 0.989298 -0.145907 0.000001
vn 0.605574 -0.087314 0.790984
vn 0.263121 -0.407088 0.874669
vn 0.559537 -0.828805 0.000001
vn 0.605574 -0.087316 -0.790985
vn 0.989298 -0.145907 0.000001
vn 0.559537 -0.828805 0.000001
vn 0.263121 -0.407089 -0.874669
vn -0.231347 0.097036 -0.968020
vn 0.605574 -0.087316 -0.790985
vn 0.263121 -0.407089 -0.874669
vn -0.252589 0.385796 -0.887333
vn -0.951890 0.306440 -0.000000
vn -0.231347 0.097036 -0.968020
vn -0.252589 0.385796 -0.887333
vn -0.530631 0.847603 0.000000
vn 0.925476 0.378806 -0.000000
vn 0.426875 0.208472 -0.879953
vn 0.211948 0.557362 -0.802761
vn 0.414646 0.909983 -0.000000
vn 0.426875 0.208472 0.879953
vn 0.925476 0.378806 -0.000000
vn 0.414646 0.909983 -0.000000
vn 0.211947 0.557362 0.802761
vn -0.461640 -0.156788 0.873101
vn 0.426875 0.208472 0.879953
vn 0.211947 0.557362 0.802761
vn -0.270626 -0.223408 0.936403
vn -0.924759 -0.380553 0.000000
vn -0.461640 -0.156788 0.873101
vn -0.270626 -0.223408 0.936403
vn -0.513792 -0.857915 0.000000
vn -0.461640 -0.156788 -0.873101
vn -0.924759 -0.380553 0.000000
vn -0.513792 -0.857915 0.000000
vn -0.270626 -0.223408 -0.936403
vn 0.426875 0.208472 -0.879953
vn -0.461640 -0.156788 -0.873101
vn -0.270626 -0.223408 -0.936403
vn 0.211948 0.557362 -0.802761
s off
g lightTower lightTowerGrp lightGrp6 light2 polySurface93
usemtl SM_Light_Tower_1_JFGSG
f 4725//14863 4726//14864 4728//14865 4727//14866
f 4727//14867 4728//14868 4730//14869 4729//14870
f 4729//14871 4730//14872 4732//14873 4731//14874
f 4731//14875 4732//14876 4734//14877 4733//14878
f 4733//14879 4734//14880 4736//14881 4735//14882
f 4735//14883 4736//14884 4726//14885 4725//14886
f 4737//14887 4738//14888 4740//14889 4739//14890
f 4739//14891 4740//14892 4742//14893 4741//14894
f 4741//14895 4742//14896 4744//14897 4743//14898
f 4743//14899 4744//14900 4746//14901 4745//14902
f 4745//14903 4746//14904 4748//14905 4747//14906
f 4747//14907 4748//14908 4738//14909 4737//14910
f 4749//14911 4750//14912 4752//14913 4751//14914
f 4751//14915 4752//14916 4754//14917 4753//14918
f 4753//14919 4754//14920 4756//14921 4755//14922
f 4755//14923 4756//14924 4758//14925 4757//14926
f 4757//14927 4758//14928 4760//14929 4759//14930
f 4759//14931 4760//14932 4750//14933 4749//14934
f 4767//14935 4768//14936 4742//14937 4740//14938
f 4768//14939 4769//14940 4744//14941 4742//14942
f 4769//14943 4770//14944 4746//14945 4744//14946
f 4770//14947 4771//14948 4748//14949 4746//14950
f 4771//14951 4772//14952 4738//14953 4748//14954
f 4772//14955 4767//14956 4740//14957 4738//14958
f 4751//14959 4753//14960 4765//14961 4766//14962
f 4753//14963 4755//14964 4764//14965 4765//14966
f 4755//14967 4757//14968 4763//14969 4764//14970
f 4757//14971 4759//14972 4762//14973 4763//14974
f 4759//14975 4749//14976 4761//14977 4762//14978
f 4749//14979 4751//14980 4766//14981 4761//14982
f 4762//14983 4761//14984 4726//14985 4736//14986
f 4763//14987 4762//14988 4736//14989 4734//14990
f 4764//14991 4763//14992 4734//14993 4732//14994
f 4765//14995 4764//14996 4732//14997 4730//14998
f 4766//14999 4765//15000 4730//15001 4728//15002
f 4761//15003 4766//15004 4728//15005 4726//15006
f 4756//15007 4754//15008 4767//15009 4772//15010
f 4758//15011 4756//15012 4772//15013 4771//15014
f 4760//15015 4758//15016 4771//15017 4770//15018
f 4750//15019 4760//15020 4770//15021 4769//15022
f 4752//15023 4750//15024 4769//15025 4768//15026
f 4754//15027 4752//15028 4768//15029 4767//15030
g default
v 10.877654 5.218768 0.779719
v 10.781659 5.435057 0.779719
v 10.877654 5.218768 0.584979
v 10.781659 5.435057 0.584979
v 10.859950 5.208210 0.779719
v 10.763955 5.424499 0.779719
v 10.859950 5.208210 0.584979
v 10.763955 5.424499 0.584979
v 10.747889 5.402076 0.592578
v 10.834871 5.206094 0.592579
v 10.834871 5.206095 0.774675
v 10.747889 5.402076 0.774675
v 10.736111 5.360346 0.604086
v 10.798734 5.219249 0.604086
v 10.798734 5.219249 0.762961
v 10.736111 5.360346 0.762961
v 10.735516 5.320872 0.621750
v 10.770682 5.241639 0.621750
v 10.770682 5.241639 0.744780
v 10.735516 5.320872 0.744780
vn 0.342389 -0.574113 -0.743750
vn 0.132102 -0.668697 -0.731706
vn -0.534436 0.464623 -0.706048
vn -0.342389 0.574112 -0.743751
vn 0.132102 -0.668697 -0.731706
vn -0.260319 -0.730832 -0.630966
vn -0.779347 0.224550 -0.584975
vn -0.534436 0.464623 -0.706048
vn 0.160411 -0.668017 0.726651
vn 0.342389 -0.574112 0.743751
vn -0.342389 0.574113 0.743750
vn -0.519605 0.484973 0.703429
vn 0.342389 -0.574113 -0.743750
vn 0.342389 -0.574112 0.743751
vn 0.160411 -0.668017 0.726651
vn 0.132102 -0.668697 -0.731706
vn -0.534436 0.464623 -0.706048
vn -0.519605 0.484973 0.703429
vn -0.342389 0.574113 0.743750
vn -0.342389 0.574112 -0.743751
vn -0.749262 0.236565 0.618582
vn -0.850117 -0.008964 0.526518
vn -0.535973 -0.630580 0.561338
vn -0.228116 -0.712113 0.663972
vn -0.519605 0.484973 0.703429
vn -0.749262 0.236565 0.618582
vn -0.228116 -0.712113 0.663972
vn 0.160411 -0.668017 0.726651
vn 0.160411 -0.668017 0.726651
vn -0.228116 -0.712113 0.663972
vn -0.260319 -0.730832 -0.630966
vn 0.132102 -0.668697 -0.731706
vn -0.534436 0.464623 -0.706048
vn -0.779347 0.224550 -0.584975
vn -0.749262 0.236565 0.618582
vn -0.519605 0.484973 0.703429
vn -0.848403 -0.007150 -0.529303
vn -0.922821 -0.238379 -0.302617
vn -0.924857 -0.238856 0.295951
vn -0.850117 -0.008964 0.526518
vn -0.228116 -0.712113 0.663972
vn -0.535973 -0.630580 0.561338
vn -0.533072 -0.630405 -0.564291
vn -0.260319 -0.730832 -0.630966
vn -0.779347 0.224550 -0.584975
vn -0.848403 -0.007150 -0.529303
vn -0.850117 -0.008964 0.526518
vn -0.749262 0.236565 0.618582
vn -0.260319 -0.730832 -0.630966
vn -0.533072 -0.630405 -0.564291
vn -0.848403 -0.007150 -0.529303
vn -0.779347 0.224550 -0.584975
vn -0.789308 -0.527797 -0.313725
vn -0.791140 -0.529083 0.306867
vn -0.924857 -0.238856 0.295951
vn -0.922821 -0.238379 -0.302617
vn -0.533072 -0.630405 -0.564291
vn -0.789308 -0.527797 -0.313725
vn -0.922821 -0.238379 -0.302617
vn -0.848403 -0.007150 -0.529303
vn -0.850117 -0.008964 0.526518
vn -0.924857 -0.238856 0.295951
vn -0.791140 -0.529083 0.306867
vn -0.535973 -0.630580 0.561338
vn -0.535973 -0.630580 0.561338
vn -0.791140 -0.529083 0.306867
vn -0.789308 -0.527797 -0.313725
vn -0.533072 -0.630405 -0.564291
s off
g lightTower lightTowerGrp lightGrp6 light2 polySurface11
usemtl SM_Light_Tower_1_JFGSG
f 4775//15031 4779//15032 4780//15033 4776//15034
f 4779//15035 4782//15036 4781//15037 4780//15038
f 4777//15039 4773//15040 4774//15041 4778//15042
f 4775//15043 4773//15044 4777//15045 4779//15046
f 4780//15047 4778//15048 4774//15049 4776//15050
f 4784//15051 4788//15052 4787//15053 4783//15054
f 4778//15055 4784//15056 4783//15057 4777//15058
f 4777//15059 4783//15060 4782//15061 4779//15062
f 4780//15063 4781//15064 4784//15065 4778//15066
f 4785//15067 4789//15068 4792//15069 4788//15070
f 4783//15071 4787//15072 4786//15073 4782//15074
f 4781//15075 4785//15076 4788//15077 4784//15078
f 4782//15079 4786//15080 4785//15081 4781//15082
f 4790//15083 4791//15084 4792//15085 4789//15086
f 4786//15087 4790//15088 4789//15089 4785//15090
f 4788//15091 4792//15092 4791//15093 4787//15094
f 4787//15095 4791//15096 4790//15097 4786//15098
g default
v 10.865200 5.196134 0.795714
v 10.758845 5.435764 0.795714
v 10.865200 5.196134 0.563268
v 10.758845 5.435764 0.563268
v 10.894839 5.194928 0.810289
v 10.775232 5.464419 0.810289
v 10.894839 5.194928 0.548692
v 10.775232 5.464419 0.548692
v 10.871826 5.181204 0.548692
v 10.871826 5.181204 0.810289
v 10.752219 5.450694 0.810289
v 10.752219 5.450694 0.548692
v 10.882453 5.206423 0.563268
v 10.882453 5.206423 0.795714
v 10.776098 5.446054 0.795714
v 10.776098 5.446054 0.563268
vn -0.710406 -0.627130 -0.319423
vn -0.710406 -0.627130 0.319423
vn -0.271769 -0.731311 0.625560
vn -0.271769 -0.731312 -0.625560
vn -0.271769 -0.731312 -0.625560
vn -0.785427 0.217218 -0.579587
vn 0.271769 0.731311 -0.625560
vn 0.785427 -0.217218 -0.579587
vn 0.785427 -0.217218 -0.579587
vn 0.271769 0.731311 -0.625560
vn 0.271769 0.731312 0.625560
vn 0.785427 -0.217218 0.579587
vn 0.785427 -0.217218 0.579587
vn 0.271769 0.731312 0.625560
vn -0.785427 0.217218 0.579587
vn -0.271769 -0.731311 0.625560
vn -0.271769 -0.731312 -0.625560
vn 0.785427 -0.217218 -0.579587
vn 0.785427 -0.217218 0.579587
vn -0.271769 -0.731311 0.625560
vn 0.271769 0.731311 -0.625560
vn -0.785427 0.217218 -0.579587
vn -0.785427 0.217218 0.579587
vn 0.271769 0.731312 0.625560
vn -0.945370 -0.126107 -0.300620
vn -0.945370 -0.126107 0.300620
vn -0.271769 -0.731312 -0.625560
vn -0.271769 -0.731311 0.625560
vn -0.710406 -0.627130 -0.319423
vn -0.945370 -0.126107 -0.300620
vn -0.271769 -0.731311 0.625560
vn -0.785427 0.217218 0.579587
vn -0.710406 -0.627130 0.319423
vn -0.710406 -0.627130 -0.319423
vn -0.785427 0.217218 0.579587
vn -0.785427 0.217218 -0.579587
vn -0.945370 -0.126107 0.300620
vn -0.710406 -0.627130 0.319423
vn -0.785427 0.217218 -0.579587
vn -0.271769 -0.731312 -0.625560
vn -0.785427 0.217218 -0.579587
vn -0.271769 -0.731312 -0.625560
vn -0.271769 -0.731311 0.625560
vn -0.785427 0.217218 0.579587
vn -0.945370 -0.126107 0.300620
vn -0.945370 -0.126107 -0.300620
vn -0.785427 0.217218 -0.579587
vn -0.785427 0.217218 0.579587
vn -0.710406 -0.627130 0.319423
vn -0.945370 -0.126107 0.300620
vn -0.785427 0.217218 0.579587
vn -0.271769 -0.731311 0.625560
vn -0.945370 -0.126107 -0.300620
vn -0.710406 -0.627130 -0.319423
vn -0.271769 -0.731312 -0.625560
vn -0.785427 0.217218 -0.579587
s off
g lightTower lightTowerGrp lightGrp6 light2 polySurface1
usemtl SM_Light_Tower_1_JFGSG
f 4794//15099 4796//15100 4808//15101 4807//15102
f 4801//15103 4804//15104 4800//15105 4799//15106
f 4799//15107 4800//15108 4798//15109 4797//15110
f 4797//15111 4798//15112 4803//15113 4802//15114
f 4801//15115 4799//15116 4797//15117 4802//15118
f 4800//15119 4804//15120 4803//15121 4798//15122
f 4793//15123 4795//15124 4801//15125 4802//15126
f 4794//15127 4793//15128 4802//15129 4803//15130
f 4796//15131 4794//15132 4803//15133 4804//15134
f 4795//15135 4796//15136 4804//15137 4801//15138
f 4806//15139 4807//15140 4808//15141 4805//15142
f 4795//15143 4793//15144 4806//15145 4805//15146
f 4796//15147 4795//15148 4805//15149 4808//15150
f 4793//15151 4794//15152 4807//15153 4806//15154
g default
v 10.708243 5.446092 0.547720
v 10.724047 5.455517 0.547720
v 10.710735 5.440476 0.538224
v 10.726540 5.449901 0.538224
v 10.715721 5.429243 0.538224
v 10.731525 5.438669 0.538224
v 10.718213 5.423627 0.547720
v 10.734018 5.433052 0.547720
v 10.715721 5.429243 0.557217
v 10.731525 5.438669 0.557217
v 10.710735 5.440476 0.557217
v 10.726540 5.449901 0.557217
vn -0.926649 0.375927 -0.000001
vn 0.207394 0.978258 -0.000001
vn 0.382360 0.576644 -0.721999
vn -0.726303 0.063420 -0.684442
vn -0.726303 0.063420 -0.684442
vn 0.382360 0.576644 -0.721999
vn 0.726302 -0.063418 -0.684444
vn -0.382362 -0.576642 -0.721999
vn -0.382362 -0.576642 -0.721999
vn 0.726302 -0.063418 -0.684444
vn 0.926649 -0.375928 -0.000001
vn -0.207392 -0.978258 -0.000001
vn -0.207392 -0.978258 -0.000001
vn 0.926649 -0.375928 -0.000001
vn 0.726303 -0.063418 0.684443
vn -0.382362 -0.576642 0.721999
vn 0.382360 0.576644 -0.721999
vn 0.207394 0.978258 -0.000001
vn 0.382360 0.576645 0.721998
vn 0.726303 -0.063418 0.684443
vn 0.926649 -0.375928 -0.000001
vn 0.726302 -0.063418 -0.684444
vn -0.382362 -0.576642 0.721999
vn 0.726303 -0.063418 0.684443
vn 0.382360 0.576645 0.721998
vn -0.726304 0.063421 0.684442
vn -0.726304 0.063421 0.684442
vn 0.382360 0.576645 0.721998
vn 0.207394 0.978258 -0.000001
vn -0.926649 0.375927 -0.000001
vn -0.926649 0.375927 -0.000001
vn -0.726303 0.063420 -0.684442
vn -0.382362 -0.576642 -0.721999
vn -0.207392 -0.978258 -0.000001
vn -0.382362 -0.576642 0.721999
vn -0.726304 0.063421 0.684442
s off
g lightTower lightTowerGrp lightGrp6 light2 polySurface69
usemtl SM_Light_Tower_1_JFGSG
f 4809//15155 4810//15156 4812//15157 4811//15158
f 4811//15159 4812//15160 4814//15161 4813//15162
f 4813//15163 4814//15164 4816//15165 4815//15166
f 4815//15167 4816//15168 4818//15169 4817//15170
f 4812//15171 4810//15172 4820//15173 4818//15174 4816//15175 4814//15176
f 4817//15177 4818//15178 4820//15179 4819//15180
f 4819//15181 4820//15182 4810//15183 4809//15184
f 4809//15185 4811//15186 4813//15187 4815//15188 4817//15189 4819//15190
g default
v 10.799199 5.494574 0.541433
v 10.799199 5.494574 0.810703
v 10.807728 5.494095 0.541433
v 10.807728 5.494095 0.810703
v 10.811634 5.485293 0.541433
v 10.811634 5.485293 0.810703
v 10.807012 5.476971 0.541433
v 10.807012 5.476971 0.810703
v 10.798483 5.477450 0.541433
v 10.798483 5.477450 0.810703
v 10.794576 5.486252 0.541433
v 10.794576 5.486252 0.810703
vn -0.512207 0.858862 -0.000000
vn -0.389019 0.652302 0.650512
vn 0.456801 0.612062 0.645533
vn 0.598117 0.801409 -0.000000
vn 0.598117 0.801409 -0.000000
vn 0.456801 0.612062 0.645533
vn 0.793463 -0.033179 0.607714
vn 0.999127 -0.041779 0.000000
vn 0.999127 -0.041779 0.000000
vn 0.793463 -0.033179 0.607714
vn 0.389019 -0.652302 0.650513
vn 0.512207 -0.858862 0.000000
vn 0.512207 -0.858862 0.000000
vn 0.389019 -0.652302 0.650513
vn -0.456801 -0.612062 0.645533
vn -0.598117 -0.801409 0.000000
vn -0.598117 -0.801409 0.000000
vn -0.456801 -0.612062 0.645533
vn -0.793462 0.033179 0.607714
vn -0.999127 0.041779 -0.000000
vn -0.999127 0.041779 -0.000000
vn -0.793462 0.033179 0.607714
vn -0.389019 0.652302 0.650512
vn -0.512207 0.858862 -0.000000
vn 0.456801 0.612062 0.645533
vn -0.389019 0.652302 0.650512
vn -0.793462 0.033179 0.607714
vn -0.456801 -0.612062 0.645533
vn 0.389019 -0.652302 0.650513
vn 0.793463 -0.033179 0.607714
s off
g lightTower lightTowerGrp lightGrp6 light2 polySurface66
usemtl SM_Light_Tower_1_JFGSG
f 4821//15191 4822//15192 4824//15193 4823//15194
f 4823//15195 4824//15196 4826//15197 4825//15198
f 4825//15199 4826//15200 4828//15201 4827//15202
f 4827//15203 4828//15204 4830//15205 4829//15206
f 4829//15207 4830//15208 4832//15209 4831//15210
f 4831//15211 4832//15212 4822//15213 4821//15214
f 4824//15215 4822//15216 4832//15217 4830//15218 4828//15219 4826//15220
g default
v 10.723745 5.448778 0.546872
v 10.799444 5.493923 0.546872
v 10.725448 5.444941 0.540384
v 10.801147 5.490086 0.540384
v 10.728854 5.437267 0.540384
v 10.804553 5.482412 0.540384
v 10.730557 5.433430 0.546872
v 10.806256 5.478575 0.546872
v 10.728854 5.437267 0.553360
v 10.804553 5.482412 0.553360
v 10.725448 5.444941 0.553360
v 10.801147 5.490086 0.553360
vn -0.512207 0.858862 -0.000003
vn 0.207391 0.978258 -0.000002
vn 0.382363 0.576641 -0.722000
vn -0.235915 0.395578 -0.887616
vn -0.235915 0.395578 -0.887616
vn 0.382363 0.576641 -0.722000
vn 0.726304 -0.063422 -0.684442
vn 0.235917 -0.395583 -0.887613
vn 0.235917 -0.395583 -0.887613
vn 0.726304 -0.063422 -0.684442
vn 0.926650 -0.375926 0.000001
vn 0.512207 -0.858862 0.000002
vn 0.512207 -0.858862 0.000002
vn 0.926650 -0.375926 0.000001
vn 0.726303 -0.063421 0.684442
vn 0.235917 -0.395582 0.887614
vn 0.235917 -0.395582 0.887614
vn 0.726303 -0.063421 0.684442
vn 0.382362 0.576643 0.721999
vn -0.235915 0.395580 0.887615
vn -0.235915 0.395580 0.887615
vn 0.382362 0.576643 0.721999
vn 0.207391 0.978258 -0.000002
vn -0.512207 0.858862 -0.000003
vn 0.382363 0.576641 -0.722000
vn 0.207391 0.978258 -0.000002
vn 0.382362 0.576643 0.721999
vn 0.726303 -0.063421 0.684442
vn 0.926650 -0.375926 0.000001
vn 0.726304 -0.063422 -0.684442
s off
g lightTower lightTowerGrp lightGrp6 light2 polySurface70
usemtl SM_Light_Tower_1_JFGSG
f 4833//15221 4834//15222 4836//15223 4835//15224
f 4835//15225 4836//15226 4838//15227 4837//15228
f 4837//15229 4838//15230 4840//15231 4839//15232
f 4839//15233 4840//15234 4842//15235 4841//15236
f 4841//15237 4842//15238 4844//15239 4843//15240
f 4843//15241 4844//15242 4834//15243 4833//15244
f 4836//15245 4834//15246 4844//15247 4842//15248 4840//15249 4838//15250
g default
v 10.964042 5.019082 0.536999
v 10.985057 5.035511 0.536999
v 10.966547 5.013436 0.527453
v 10.988287 5.028233 0.524693
v 10.971559 5.002145 0.527453
v 10.994747 5.013677 0.524693
v 10.974065 4.996499 0.536999
v 10.997978 5.006399 0.536999
v 10.971559 5.002145 0.546546
v 10.994747 5.013677 0.549305
v 10.966547 5.013436 0.546546
v 10.988287 5.028233 0.549305
v 10.663175 5.567251 0.536999
v 10.730120 5.607346 0.536999
v 10.665356 5.562336 0.528689
v 10.732331 5.602364 0.528575
v 10.669719 5.552507 0.528689
v 10.736754 5.592400 0.528575
v 10.671900 5.547592 0.536999
v 10.738965 5.587418 0.536999
v 10.669719 5.552507 0.545309
v 10.736754 5.592400 0.545423
v 10.665356 5.562336 0.545309
v 10.732331 5.602364 0.545423
v 10.982268 5.043485 0.536999
v 10.742564 5.583569 0.536999
v 10.987968 5.046885 0.525827
v 10.748264 5.586969 0.525827
v 10.999368 5.053683 0.525827
v 10.759663 5.593767 0.525827
v 11.005068 5.057083 0.536999
v 10.765363 5.597167 0.536999
v 10.999368 5.053683 0.548171
v 10.759663 5.593767 0.548171
v 10.987968 5.046885 0.548171
v 10.748264 5.586969 0.548171
v 10.987842 5.034921 0.536999
v 10.994492 5.033682 0.548738
v 11.013079 5.029044 0.548738
v 11.019729 5.027805 0.536999
v 11.013079 5.029044 0.525260
v 10.994492 5.033682 0.525260
v 10.753804 5.615029 0.527201
v 10.743626 5.593506 0.527201
v 10.741881 5.589316 0.536999
v 10.743626 5.593506 0.546797
v 10.753804 5.615029 0.546797
v 10.755549 5.619220 0.536999
vn -0.615891 0.787831 -0.000002
vn -0.542294 0.840189 -0.000001
vn -0.264399 0.379171 -0.886748
vn -0.344046 0.342418 -0.874289
vn -0.344046 0.342418 -0.874289
vn -0.264399 0.379171 -0.886748
vn 0.248152 -0.415341 -0.875164
vn 0.116283 -0.446156 -0.887369
vn 0.116283 -0.446156 -0.887369
vn 0.248152 -0.415341 -0.875164
vn 0.543044 -0.839704 -0.000000
vn 0.382528 -0.923944 -0.000001
vn 0.382528 -0.923944 -0.000001
vn 0.543044 -0.839704 -0.000000
vn 0.248152 -0.415340 0.875164
vn 0.116280 -0.446155 0.887369
vn 0.116280 -0.446155 0.887369
vn 0.248152 -0.415340 0.875164
vn -0.264399 0.379173 0.886747
vn -0.344046 0.342421 0.874288
vn -0.344046 0.342421 0.874288
vn -0.264399 0.379173 0.886747
vn -0.542294 0.840189 -0.000001
vn -0.615891 0.787831 -0.000002
vn -0.513812 0.857903 -0.000000
vn -0.493715 0.869624 -0.000001
vn -0.272537 0.430099 -0.860661
vn -0.237475 0.394833 -0.887532
vn -0.237475 0.394833 -0.887532
vn -0.272537 0.430099 -0.860661
vn 0.131205 -0.414835 -0.900387
vn 0.234355 -0.396323 -0.887697
vn 0.234355 -0.396323 -0.887697
vn 0.131205 -0.414835 -0.900387
vn 0.372791 -0.927915 0.000001
vn 0.510604 -0.859816 0.000000
vn 0.510604 -0.859816 0.000000
vn 0.372791 -0.927915 0.000001
vn 0.131206 -0.414835 0.900387
vn 0.234356 -0.396323 0.887697
vn 0.234356 -0.396323 0.887697
vn 0.131206 -0.414835 0.900387
vn -0.272537 0.430100 0.860661
vn -0.237475 0.394833 0.887532
vn -0.237475 0.394833 0.887532
vn -0.272537 0.430100 0.860661
vn -0.493715 0.869624 -0.000001
vn -0.513812 0.857903 -0.000000
vn -0.897872 -0.440256 -0.000000
vn -0.924759 -0.380553 -0.000000
vn -0.461640 -0.156788 -0.873101
vn -0.459528 -0.217849 -0.861032
vn -0.459528 -0.217849 -0.861032
vn -0.461640 -0.156788 -0.873101
vn 0.426875 0.208472 -0.879953
vn 0.440720 0.223983 -0.869251
vn 0.440720 0.223983 -0.869251
vn 0.426875 0.208472 -0.879953
vn 0.925476 0.378806 -0.000000
vn 0.898638 0.438691 -0.000000
vn 0.898638 0.438691 -0.000000
vn 0.925476 0.378806 -0.000000
vn 0.426876 0.208472 0.879953
vn 0.440721 0.223984 0.869251
vn 0.440721 0.223984 0.869251
vn 0.426876 0.208472 0.879953
vn -0.461640 -0.156788 0.873101
vn -0.459528 -0.217849 0.861032
vn -0.459528 -0.217849 0.861032
vn -0.461640 -0.156788 0.873101
vn -0.924759 -0.380553 -0.000000
vn -0.897872 -0.440256 -0.000000
vn 0.211947 0.557362 -0.802761
vn -0.270626 -0.223408 -0.936403
vn 0.131205 -0.414835 -0.900387
vn -0.272537 0.430099 -0.860661
vn -0.270626 -0.223408 -0.936403
vn -0.513793 -0.857914 0.000001
vn 0.372791 -0.927915 0.000001
vn 0.131205 -0.414835 -0.900387
vn -0.513793 -0.857914 0.000001
vn -0.270625 -0.223408 0.936403
vn 0.131206 -0.414835 0.900387
vn 0.372791 -0.927915 0.000001
vn -0.270625 -0.223408 0.936403
vn 0.211948 0.557362 0.802761
vn -0.272537 0.430100 0.860661
vn 0.131206 -0.414835 0.900387
vn 0.211948 0.557362 0.802761
vn 0.414646 0.909983 -0.000001
vn -0.493715 0.869624 -0.000001
vn -0.272537 0.430100 0.860661
vn 0.414646 0.909983 -0.000001
vn 0.211947 0.557362 -0.802761
vn -0.272537 0.430099 -0.860661
vn -0.493715 0.869624 -0.000001
vn -0.459528 -0.217849 -0.861032
vn 0.440720 0.223983 -0.869251
vn 0.605575 -0.087315 -0.790984
vn -0.231342 0.097037 -0.968021
vn 0.440720 0.223983 -0.869251
vn 0.898638 0.438691 -0.000000
vn 0.989299 -0.145904 -0.000000
vn 0.605575 -0.087315 -0.790984
vn 0.898638 0.438691 -0.000000
vn 0.440721 0.223984 0.869251
vn 0.605577 -0.087313 0.790983
vn 0.989299 -0.145904 -0.000000
vn 0.440721 0.223984 0.869251
vn -0.459528 -0.217849 0.861032
vn -0.231341 0.097038 0.968021
vn 0.605577 -0.087313 0.790983
vn -0.459528 -0.217849 0.861032
vn -0.897872 -0.440256 -0.000000
vn -0.951886 0.306453 -0.000001
vn -0.231341 0.097038 0.968021
vn -0.897872 -0.440256 -0.000000
vn -0.459528 -0.217849 -0.861032
vn -0.231342 0.097037 -0.968021
vn -0.951886 0.306453 -0.000001
vn -0.231341 0.097038 0.968021
vn -0.951886 0.306453 -0.000001
vn -0.542294 0.840189 -0.000001
vn -0.264399 0.379173 0.886747
vn 0.605577 -0.087313 0.790983
vn -0.231341 0.097038 0.968021
vn -0.264399 0.379173 0.886747
vn 0.248152 -0.415340 0.875164
vn 0.989299 -0.145904 -0.000000
vn 0.605577 -0.087313 0.790983
vn 0.248152 -0.415340 0.875164
vn 0.543044 -0.839704 -0.000000
vn 0.605575 -0.087315 -0.790984
vn 0.989299 -0.145904 -0.000000
vn 0.543044 -0.839704 -0.000000
vn 0.248152 -0.415341 -0.875164
vn -0.231342 0.097037 -0.968021
vn 0.605575 -0.087315 -0.790984
vn 0.248152 -0.415341 -0.875164
vn -0.264399 0.379171 -0.886748
vn -0.951886 0.306453 -0.000001
vn -0.231342 0.097037 -0.968021
vn -0.264399 0.379171 -0.886748
vn -0.542294 0.840189 -0.000001
vn 0.925476 0.378806 -0.000000
vn 0.426875 0.208472 -0.879953
vn 0.211947 0.557362 -0.802761
vn 0.414646 0.909983 -0.000001
vn 0.426876 0.208472 0.879953
vn 0.925476 0.378806 -0.000000
vn 0.414646 0.909983 -0.000001
vn 0.211948 0.557362 0.802761
vn -0.461640 -0.156788 0.873101
vn 0.426876 0.208472 0.879953
vn 0.211948 0.557362 0.802761
vn -0.270625 -0.223408 0.936403
vn -0.924759 -0.380553 -0.000000
vn -0.461640 -0.156788 0.873101
vn -0.270625 -0.223408 0.936403
vn -0.513793 -0.857914 0.000001
vn -0.461640 -0.156788 -0.873101
vn -0.924759 -0.380553 -0.000000
vn -0.513793 -0.857914 0.000001
vn -0.270626 -0.223408 -0.936403
vn 0.426875 0.208472 -0.879953
vn -0.461640 -0.156788 -0.873101
vn -0.270626 -0.223408 -0.936403
vn 0.211947 0.557362 -0.802761
s off
g lightTower lightTowerGrp lightGrp6 light2 polySurface92
usemtl SM_Light_Tower_1_JFGSG
f 4845//15251 4846//15252 4848//15253 4847//15254
f 4847//15255 4848//15256 4850//15257 4849//15258
f 4849//15259 4850//15260 4852//15261 4851//15262
f 4851//15263 4852//15264 4854//15265 4853//15266
f 4853//15267 4854//15268 4856//15269 4855//15270
f 4855//15271 4856//15272 4846//15273 4845//15274
f 4857//15275 4858//15276 4860//15277 4859//15278
f 4859//15279 4860//15280 4862//15281 4861//15282
f 4861//15283 4862//15284 4864//15285 4863//15286
f 4863//15287 4864//15288 4866//15289 4865//15290
f 4865//15291 4866//15292 4868//15293 4867//15294
f 4867//15295 4868//15296 4858//15297 4857//15298
f 4869//15299 4870//15300 4872//15301 4871//15302
f 4871//15303 4872//15304 4874//15305 4873//15306
f 4873//15307 4874//15308 4876//15309 4875//15310
f 4875//15311 4876//15312 4878//15313 4877//15314
f 4877//15315 4878//15316 4880//15317 4879//15318
f 4879//15319 4880//15320 4870//15321 4869//15322
f 4887//15323 4888//15324 4862//15325 4860//15326
f 4888//15327 4889//15328 4864//15329 4862//15330
f 4889//15331 4890//15332 4866//15333 4864//15334
f 4890//15335 4891//15336 4868//15337 4866//15338
f 4891//15339 4892//15340 4858//15341 4868//15342
f 4892//15343 4887//15344 4860//15345 4858//15346
f 4871//15347 4873//15348 4885//15349 4886//15350
f 4873//15351 4875//15352 4884//15353 4885//15354
f 4875//15355 4877//15356 4883//15357 4884//15358
f 4877//15359 4879//15360 4882//15361 4883//15362
f 4879//15363 4869//15364 4881//15365 4882//15366
f 4869//15367 4871//15368 4886//15369 4881//15370
f 4882//15371 4881//15372 4846//15373 4856//15374
f 4883//15375 4882//15376 4856//15377 4854//15378
f 4884//15379 4883//15380 4854//15381 4852//15382
f 4885//15383 4884//15384 4852//15385 4850//15386
f 4886//15387 4885//15388 4850//15389 4848//15390
f 4881//15391 4886//15392 4848//15393 4846//15394
f 4876//15395 4874//15396 4887//15397 4892//15398
f 4878//15399 4876//15400 4892//15401 4891//15402
f 4880//15403 4878//15404 4891//15405 4890//15406
f 4870//15407 4880//15408 4890//15409 4889//15410
f 4872//15411 4870//15412 4889//15413 4888//15414
f 4874//15415 4872//15416 4888//15417 4887//15418
g default
v 10.668761 5.558337 0.552333
v 10.668761 5.558337 0.799834
v 10.668075 5.541937 0.552333
v 10.668075 5.541937 0.799834
v 10.655480 5.534426 0.552333
v 10.655480 5.534426 0.799834
v 10.643571 5.543314 0.552333
v 10.643571 5.543314 0.799834
v 10.644257 5.559713 0.552333
v 10.644257 5.559713 0.799834
v 10.656852 5.567225 0.552333
v 10.656852 5.567225 0.799834
vn 0.999127 -0.041778 0.000000
vn 0.999127 -0.041778 0.000000
vn 0.999127 -0.041778 0.000000
vn 0.999127 -0.041778 0.000000
vn 0.512207 -0.858862 0.000000
vn 0.512207 -0.858862 0.000000
vn 0.512207 -0.858862 0.000000
vn 0.512207 -0.858862 0.000000
vn -0.598118 -0.801408 0.000000
vn -0.598118 -0.801408 0.000000
vn -0.598118 -0.801408 0.000000
vn -0.598118 -0.801408 0.000000
vn -0.999127 0.041778 -0.000000
vn -0.999127 0.041778 -0.000000
vn -0.999127 0.041778 -0.000000
vn -0.999127 0.041778 -0.000000
vn 0.000000 -0.000000 1.000000
vn 0.000000 -0.000000 1.000000
vn 0.000000 -0.000000 1.000000
vn 0.000000 -0.000000 1.000000
vn 0.000000 -0.000000 1.000000
vn 0.000000 -0.000000 1.000000
vn -0.512207 0.858862 -0.000000
vn -0.512207 0.858862 -0.000000
vn -0.512207 0.858862 -0.000000
vn -0.512207 0.858862 -0.000000
vn 0.598118 0.801408 -0.000000
vn 0.598118 0.801408 -0.000000
vn 0.598118 0.801408 -0.000000
vn 0.598118 0.801408 -0.000000
vn -0.000000 0.000001 -1.000000
vn -0.000000 0.000001 -1.000000
vn -0.000000 0.000001 -1.000000
vn -0.000000 0.000001 -1.000000
vn -0.000000 0.000001 -1.000000
vn -0.000000 0.000001 -1.000000
s off
g lightTower lightTowerGrp lightGrp6 light2 polySurface51
usemtl SM_Light_Tower_1_JFGSG
f 4893//15419 4894//15420 4896//15421 4895//15422
f 4895//15423 4896//15424 4898//15425 4897//15426
f 4897//15427 4898//15428 4900//15429 4899//15430
f 4899//15431 4900//15432 4902//15433 4901//15434
f 4896//15435 4894//15436 4904//15437 4902//15438 4900//15439 4898//15440
f 4901//15441 4902//15442 4904//15443 4903//15444
f 4903//15445 4904//15446 4894//15447 4893//15448
f 4893//15449 4895//15450 4897//15451 4899//15452 4901//15453 4903//15454
g default
v 10.639532 5.540905 0.798463
v 10.669946 5.559044 0.798463
v 10.646684 5.524791 0.807545
v 10.677098 5.542929 0.807545
v 10.646684 5.524791 0.825710
v 10.677098 5.542929 0.825710
v 10.639532 5.540905 0.834793
v 10.669946 5.559044 0.834793
v 10.632380 5.557020 0.825710
v 10.662794 5.575158 0.825710
v 10.632380 5.557020 0.807545
v 10.662794 5.575158 0.807545
vn -0.550096 -0.244148 -0.798615
vn 0.550097 0.244148 -0.798615
vn 0.869506 -0.290065 -0.399776
vn -0.256119 -0.859993 -0.441379
vn -0.256119 -0.859993 -0.441379
vn 0.869506 -0.290065 -0.399776
vn 0.869506 -0.290065 0.399777
vn -0.256119 -0.859993 0.441378
vn -0.256119 -0.859993 0.441378
vn 0.869506 -0.290065 0.399777
vn 0.550096 0.244148 0.798615
vn -0.550097 -0.244149 0.798614
vn -0.550097 -0.244149 0.798614
vn 0.550096 0.244148 0.798615
vn 0.256117 0.859993 0.441379
vn -0.869507 0.290063 0.399776
vn 0.869506 -0.290065 -0.399776
vn 0.550097 0.244148 -0.798615
vn 0.256118 0.859993 -0.441379
vn 0.256117 0.859993 0.441379
vn 0.550096 0.244148 0.798615
vn 0.869506 -0.290065 0.399777
vn -0.869507 0.290063 0.399776
vn 0.256117 0.859993 0.441379
vn 0.256118 0.859993 -0.441379
vn -0.869506 0.290064 -0.399777
vn -0.869506 0.290064 -0.399777
vn 0.256118 0.859993 -0.441379
vn 0.550097 0.244148 -0.798615
vn -0.550096 -0.244148 -0.798615
vn -0.550096 -0.244148 -0.798615
vn -0.256119 -0.859993 -0.441379
vn -0.256119 -0.859993 0.441378
vn -0.550097 -0.244149 0.798614
vn -0.869507 0.290063 0.399776
vn -0.869506 0.290064 -0.399777
s off
g lightTower lightTowerGrp lightGrp6 light2 polySurface55
usemtl SM_Light_Tower_1_JFGSG
f 4905//15455 4906//15456 4908//15457 4907//15458
f 4907//15459 4908//15460 4910//15461 4909//15462
f 4909//15463 4910//15464 4912//15465 4911//15466
f 4911//15467 4912//15468 4914//15469 4913//15470
f 4908//15471 4906//15472 4916//15473 4914//15474 4912//15475 4910//15476
f 4913//15477 4914//15478 4916//15479 4915//15480
f 4915//15481 4916//15482 4906//15483 4905//15484
f 4905//15485 4907//15486 4909//15487 4911//15488 4913//15489 4915//15490
g default
v 10.691460 5.433614 0.814417
v 10.708738 5.443918 0.814417
v 10.694185 5.427474 0.804035
v 10.711463 5.437778 0.804035
v 10.699635 5.415194 0.804035
v 10.716913 5.425499 0.804035
v 10.702360 5.409055 0.814417
v 10.719638 5.419359 0.814417
v 10.699635 5.415194 0.824799
v 10.716913 5.425499 0.824799
v 10.694185 5.427474 0.824799
v 10.711463 5.437778 0.824799
vn -0.926649 0.375929 -0.000000
vn 0.207392 0.978258 -0.000000
vn 0.382362 0.576642 -0.722000
vn -0.726303 0.063418 -0.684443
vn -0.726303 0.063418 -0.684443
vn 0.382362 0.576642 -0.722000
vn 0.726303 -0.063418 -0.684443
vn -0.382363 -0.576642 -0.721999
vn -0.382363 -0.576642 -0.721999
vn 0.726303 -0.063418 -0.684443
vn 0.926649 -0.375929 0.000000
vn -0.207392 -0.978258 0.000000
vn -0.207392 -0.978258 0.000000
vn 0.926649 -0.375929 0.000000
vn 0.726303 -0.063418 0.684444
vn -0.382362 -0.576642 0.722000
vn 0.382362 0.576642 -0.722000
vn 0.207392 0.978258 -0.000000
vn 0.382362 0.576642 0.721999
vn 0.726303 -0.063418 0.684444
vn 0.926649 -0.375929 0.000000
vn 0.726303 -0.063418 -0.684443
vn -0.382362 -0.576642 0.722000
vn 0.726303 -0.063418 0.684444
vn 0.382362 0.576642 0.721999
vn -0.726302 0.063418 0.684443
vn -0.726302 0.063418 0.684443
vn 0.382362 0.576642 0.721999
vn 0.207392 0.978258 -0.000000
vn -0.926649 0.375929 -0.000000
vn -0.926649 0.375929 -0.000000
vn -0.726303 0.063418 -0.684443
vn -0.382363 -0.576642 -0.721999
vn -0.207392 -0.978258 0.000000
vn -0.382362 -0.576642 0.722000
vn -0.726302 0.063418 0.684443
s off
g lightTower lightTowerGrp lightGrp6 light2 polySurface68
usemtl SM_Light_Tower_1_JFGSG
f 4917//15491 4918//15492 4920//15493 4919//15494
f 4919//15495 4920//15496 4922//15497 4921//15498
f 4921//15499 4922//15500 4924//15501 4923//15502
f 4923//15503 4924//15504 4926//15505 4925//15506
f 4920//15507 4918//15508 4928//15509 4926//15510 4924//15511 4922//15512
f 4925//15513 4926//15514 4928//15515 4927//15516
f 4927//15517 4928//15518 4918//15519 4917//15520
f 4917//15521 4919//15522 4921//15523 4923//15524 4925//15525 4927//15526
g default
v 10.706529 5.438301 0.814305
v 10.796774 5.492122 0.814305
v 10.708305 5.434298 0.807536
v 10.798551 5.488119 0.807536
v 10.711858 5.426292 0.807536
v 10.802104 5.480113 0.807536
v 10.713635 5.422290 0.814305
v 10.803881 5.476110 0.814305
v 10.711858 5.426292 0.821073
v 10.802104 5.480113 0.821073
v 10.708305 5.434298 0.821073
v 10.798551 5.488119 0.821073
vn -0.512207 0.858862 -0.000000
vn 0.207390 0.978258 -0.000000
vn 0.382364 0.576638 -0.722001
vn -0.235913 0.395575 -0.887618
vn -0.235913 0.395575 -0.887618
vn 0.382364 0.576638 -0.722001
vn 0.726304 -0.063423 -0.684441
vn 0.235918 -0.395585 -0.887612
vn 0.235918 -0.395585 -0.887612
vn 0.726304 -0.063423 -0.684441
vn 0.926650 -0.375926 -0.000000
vn 0.512207 -0.858862 -0.000000
vn 0.512207 -0.858862 -0.000000
vn 0.926650 -0.375926 -0.000000
vn 0.726304 -0.063422 0.684441
vn 0.235918 -0.395584 0.887612
vn 0.235918 -0.395584 0.887612
vn 0.726304 -0.063422 0.684441
vn 0.382365 0.576639 0.722000
vn -0.235912 0.395575 0.887618
vn -0.235912 0.395575 0.887618
vn 0.382365 0.576639 0.722000
vn 0.207390 0.978258 -0.000000
vn -0.512207 0.858862 -0.000000
vn 0.382364 0.576638 -0.722001
vn 0.207390 0.978258 -0.000000
vn 0.382365 0.576639 0.722000
vn 0.726304 -0.063422 0.684441
vn 0.926650 -0.375926 -0.000000
vn 0.726304 -0.063423 -0.684441
s off
g lightTower lightTowerGrp lightGrp6 light2 polySurface67
usemtl SM_Light_Tower_1_JFGSG
f 4929//15527 4930//15528 4932//15529 4931//15530
f 4931//15531 4932//15532 4934//15533 4933//15534
f 4933//15535 4934//15536 4936//15537 4935//15538
f 4935//15539 4936//15540 4938//15541 4937//15542
f 4937//15543 4938//15544 4940//15545 4939//15546
f 4939//15547 4940//15548 4930//15549 4929//15550
f 4932//15551 4930//15552 4940//15553 4938//15554 4936//15555 4934//15556
g default
v 10.893319 5.200460 0.797469
v 10.780764 5.454058 0.797469
v 10.893319 5.200460 0.569137
v 10.780764 5.454058 0.569137
v 10.914076 5.212839 0.797469
v 10.801522 5.466438 0.797469
v 10.914076 5.212839 0.569137
v 10.801522 5.466438 0.569137
v 10.830927 5.468918 0.578047
v 10.932914 5.239129 0.578047
v 10.932914 5.239129 0.791555
v 10.830927 5.468919 0.791555
v 10.873299 5.453495 0.591539
v 10.946724 5.288058 0.591539
v 10.946724 5.288058 0.777821
v 10.873299 5.453495 0.777821
v 10.906189 5.427242 0.612250
v 10.947421 5.334342 0.612250
v 10.947421 5.334342 0.756503
v 10.906189 5.427242 0.756503
vn 0.342389 -0.574113 -0.743750
vn -0.342389 0.574112 -0.743751
vn -0.132100 0.668697 -0.731706
vn 0.534435 -0.464625 -0.706047
vn 0.534435 -0.464625 -0.706047
vn -0.132100 0.668697 -0.731706
vn 0.260321 0.730831 -0.630967
vn 0.779345 -0.224552 -0.584977
vn 0.519604 -0.484974 0.703429
vn -0.160408 0.668018 0.726651
vn -0.342389 0.574113 0.743750
vn 0.342389 -0.574112 0.743751
vn 0.342389 -0.574113 -0.743750
vn 0.534435 -0.464625 -0.706047
vn 0.519604 -0.484974 0.703429
vn 0.342389 -0.574112 0.743751
vn -0.132100 0.668697 -0.731706
vn -0.342389 0.574112 -0.743751
vn -0.342389 0.574113 0.743750
vn -0.160408 0.668018 0.726651
vn 0.228118 0.712112 0.663972
vn 0.749261 -0.236567 0.618583
vn 0.850117 0.008964 0.526518
vn 0.535972 0.630581 0.561338
vn -0.160408 0.668018 0.726651
vn 0.519604 -0.484974 0.703429
vn 0.749261 -0.236567 0.618583
vn 0.228118 0.712112 0.663972
vn 0.519604 -0.484974 0.703429
vn 0.534435 -0.464625 -0.706047
vn 0.779345 -0.224552 -0.584977
vn 0.749261 -0.236567 0.618583
vn -0.132100 0.668697 -0.731706
vn -0.160408 0.668018 0.726651
vn 0.228118 0.712112 0.663972
vn 0.260321 0.730831 -0.630967
vn 0.533071 0.630405 -0.564291
vn 0.535972 0.630581 0.561338
vn 0.791141 0.529083 0.306867
vn 0.789308 0.527797 -0.313725
vn 0.749261 -0.236567 0.618583
vn 0.779345 -0.224552 -0.584977
vn 0.848403 0.007150 -0.529303
vn 0.850117 0.008964 0.526518
vn 0.260321 0.730831 -0.630967
vn 0.228118 0.712112 0.663972
vn 0.535972 0.630581 0.561338
vn 0.533071 0.630405 -0.564291
vn 0.779345 -0.224552 -0.584977
vn 0.260321 0.730831 -0.630967
vn 0.533071 0.630405 -0.564291
vn 0.848403 0.007150 -0.529303
vn 0.922821 0.238379 -0.302617
vn 0.789308 0.527797 -0.313725
vn 0.791141 0.529083 0.306867
vn 0.924857 0.238856 0.295951
vn 0.848403 0.007150 -0.529303
vn 0.533071 0.630405 -0.564291
vn 0.789308 0.527797 -0.313725
vn 0.922821 0.238379 -0.302617
vn 0.535972 0.630581 0.561338
vn 0.850117 0.008964 0.526518
vn 0.924857 0.238856 0.295951
vn 0.791141 0.529083 0.306867
vn 0.850117 0.008964 0.526518
vn 0.848403 0.007150 -0.529303
vn 0.922821 0.238379 -0.302617
vn 0.924857 0.238856 0.295951
s off
g lightTower lightTowerGrp lightGrp6 light2 polySurface12
usemtl SM_Light_Tower_1_JFGSG
f 4943//15557 4944//15558 4948//15559 4947//15560
f 4947//15561 4948//15562 4949//15563 4950//15564
f 4945//15565 4946//15566 4942//15567 4941//15568
f 4943//15569 4947//15570 4945//15571 4941//15572
f 4948//15573 4944//15574 4942//15575 4946//15576
f 4952//15577 4951//15578 4955//15579 4956//15580
f 4946//15581 4945//15582 4951//15583 4952//15584
f 4945//15585 4947//15586 4950//15587 4951//15588
f 4948//15589 4946//15590 4952//15591 4949//15592
f 4953//15593 4956//15594 4960//15595 4957//15596
f 4951//15597 4950//15598 4954//15599 4955//15600
f 4949//15601 4952//15602 4956//15603 4953//15604
f 4950//15605 4949//15606 4953//15607 4954//15608
f 4958//15609 4957//15610 4960//15611 4959//15612
f 4954//15613 4953//15614 4957//15615 4958//15616
f 4956//15617 4955//15618 4959//15619 4960//15620
f 4955//15621 4954//15622 4958//15623 4959//15624
g default
v 10.893528 5.196969 0.704031
v 10.891926 5.200578 0.704031
v 10.893528 5.196969 0.660760
v 10.891926 5.200578 0.660760
v 10.906989 5.205043 0.703437
v 10.907352 5.209872 0.703437
v 10.906358 5.204667 0.661325
v 10.906722 5.209496 0.661325
vn -0.258500 -0.727867 0.635128
vn -0.623097 -0.284719 0.728481
vn -0.623123 -0.284697 -0.728468
vn -0.258587 -0.727869 -0.635090
vn -0.258587 -0.727869 -0.635090
vn -0.623123 -0.284697 -0.728468
vn 0.843382 -0.059072 -0.534057
vn 0.685206 -0.388632 -0.616002
vn 0.685206 -0.388632 -0.616002
vn 0.843382 -0.059072 -0.534057
vn 0.851304 -0.059558 0.521281
vn 0.693009 -0.385446 0.609238
vn 0.693009 -0.385446 0.609238
vn 0.851304 -0.059558 0.521281
vn -0.623097 -0.284719 0.728481
vn -0.258500 -0.727867 0.635128
vn -0.258587 -0.727869 -0.635090
vn 0.685206 -0.388632 -0.616002
vn 0.693009 -0.385446 0.609238
vn -0.258500 -0.727867 0.635128
s off
g lightTower lightTowerGrp lightGrp6 light2 polySurface10
usemtl SM_Light_Tower_1_JFGSG
f 4961//15625 4962//15626 4964//15627 4963//15628
f 4963//15629 4964//15630 4968//15631 4967//15632
f 4967//15633 4968//15634 4966//15635 4965//15636
f 4965//15637 4966//15638 4962//15639 4961//15640
f 4963//15641 4967//15642 4965//15643 4961//15644
g default
v 10.641251 5.541930 0.518060
v 10.669946 5.559044 0.518060
v 10.648403 5.525816 0.527142
v 10.677098 5.542929 0.527142
v 10.648403 5.525816 0.545307
v 10.677098 5.542929 0.545307
v 10.641251 5.541930 0.554390
v 10.669946 5.559044 0.554390
v 10.634099 5.558045 0.545307
v 10.662794 5.575158 0.545307
v 10.634099 5.558045 0.527142
v 10.662794 5.575158 0.527142
vn -0.550095 -0.244148 -0.798615
vn 0.550097 0.244149 -0.798614
vn 0.869507 -0.290064 -0.399776
vn -0.256118 -0.859993 -0.441379
vn -0.256118 -0.859993 -0.441379
vn 0.869507 -0.290064 -0.399776
vn 0.869506 -0.290064 0.399777
vn -0.256119 -0.859993 0.441379
vn -0.256119 -0.859993 0.441379
vn 0.869506 -0.290064 0.399777
vn 0.550096 0.244148 0.798615
vn -0.550097 -0.244148 0.798614
vn -0.550097 -0.244148 0.798614
vn 0.550096 0.244148 0.798615
vn 0.256117 0.859993 0.441379
vn -0.869507 0.290063 0.399776
vn 0.869507 -0.290064 -0.399776
vn 0.550097 0.244149 -0.798614
vn 0.256118 0.859993 -0.441379
vn 0.256117 0.859993 0.441379
vn 0.550096 0.244148 0.798615
vn 0.869506 -0.290064 0.399777
vn -0.869507 0.290063 0.399776
vn 0.256117 0.859993 0.441379
vn 0.256118 0.859993 -0.441379
vn -0.869507 0.290064 -0.399777
vn -0.869507 0.290064 -0.399777
vn 0.256118 0.859993 -0.441379
vn 0.550097 0.244149 -0.798614
vn -0.550095 -0.244148 -0.798615
vn -0.550095 -0.244148 -0.798615
vn -0.256118 -0.859993 -0.441379
vn -0.256119 -0.859993 0.441379
vn -0.550097 -0.244148 0.798614
vn -0.869507 0.290063 0.399776
vn -0.869507 0.290064 -0.399777
s off
g lightTower lightTowerGrp lightGrp6 light2 polySurface54
usemtl SM_Light_Tower_1_JFGSG
f 4969//15645 4970//15646 4972//15647 4971//15648
f 4971//15649 4972//15650 4974//15651 4973//15652
f 4973//15653 4974//15654 4976//15655 4975//15656
f 4975//15657 4976//15658 4978//15659 4977//15660
f 4972//15661 4970//15662 4980//15663 4978//15664 4976//15665 4974//15666
f 4977//15667 4978//15668 4980//15669 4979//15670
f 4979//15671 4980//15672 4970//15673 4969//15674
f 4969//15675 4971//15676 4973//15677 4975//15678 4977//15679 4979//15680
g default
v 10.828105 5.387006 0.798051
v 10.827933 5.387395 0.787149
v 10.869207 5.299833 0.799639
v 10.869235 5.299770 0.787897
v 10.869306 5.413490 0.792254
v 10.868902 5.413169 0.784629
v 10.910967 5.327581 0.794202
v 10.910563 5.327260 0.785356
vn -0.763881 0.203222 0.612525
vn -0.962333 0.271572 0.012811
vn -0.293644 -0.955907 0.003730
vn -0.216754 -0.712182 0.667694
vn -0.216754 -0.712182 0.667694
vn -0.293644 -0.955907 0.003730
vn 0.971985 -0.231861 -0.038552
vn 0.830511 -0.166231 0.531618
vn 0.830511 -0.166231 0.531618
vn 0.971985 -0.231861 -0.038552
vn 0.310395 0.950032 -0.033078
vn 0.286516 0.768947 0.571514
vn 0.286516 0.768947 0.571514
vn 0.310395 0.950032 -0.033078
vn -0.962333 0.271572 0.012811
vn -0.763881 0.203222 0.612525
vn -0.216754 -0.712182 0.667694
vn 0.830511 -0.166231 0.531618
vn 0.286516 0.768947 0.571514
vn -0.763881 0.203222 0.612525
s off
g lightTower lightTowerGrp lightGrp6 light2 polySurface13
usemtl SM_Light_Tower_1_JFGSG
f 4981//15681 4982//15682 4984//15683 4983//15684
f 4983//15685 4984//15686 4988//15687 4987//15688
f 4987//15689 4988//15690 4986//15691 4985//15692
f 4985//15693 4986//15694 4982//15695 4981//15696
f 4983//15697 4987//15698 4985//15699 4981//15700
g default
v 10.893319 5.200460 1.229151
v 10.780764 5.454058 1.229151
v 10.893319 5.200460 1.000818
v 10.780764 5.454058 1.000818
v 10.914076 5.212839 1.229151
v 10.801522 5.466438 1.229151
v 10.914076 5.212839 1.000818
v 10.801522 5.466438 1.000818
v 10.830927 5.468919 1.009729
v 10.932914 5.239129 1.009729
v 10.932914 5.239129 1.223237
v 10.830927 5.468919 1.223237
v 10.873299 5.453495 1.023221
v 10.946724 5.288058 1.023221
v 10.946724 5.288058 1.209502
v 10.873299 5.453495 1.209502
v 10.906189 5.427242 1.043932
v 10.947421 5.334342 1.043932
v 10.947421 5.334342 1.188185
v 10.906189 5.427243 1.188185
vn 0.342389 -0.574113 -0.743750
vn -0.342389 0.574112 -0.743751
vn -0.132101 0.668697 -0.731706
vn 0.534436 -0.464624 -0.706047
vn 0.534436 -0.464624 -0.706047
vn -0.132101 0.668697 -0.731706
vn 0.260320 0.730832 -0.630967
vn 0.779346 -0.224551 -0.584976
vn 0.519605 -0.484973 0.703429
vn -0.160410 0.668018 0.726651
vn -0.342389 0.574113 0.743750
vn 0.342389 -0.574112 0.743751
vn 0.342389 -0.574113 -0.743750
vn 0.534436 -0.464624 -0.706047
vn 0.519605 -0.484973 0.703429
vn 0.342389 -0.574112 0.743751
vn -0.132101 0.668697 -0.731706
vn -0.342389 0.574112 -0.743751
vn -0.342389 0.574113 0.743750
vn -0.160410 0.668018 0.726651
vn 0.228116 0.712113 0.663972
vn 0.749261 -0.236565 0.618582
vn 0.850116 0.008964 0.526518
vn 0.535972 0.630581 0.561339
vn -0.160410 0.668018 0.726651
vn 0.519605 -0.484973 0.703429
vn 0.749261 -0.236565 0.618582
vn 0.228116 0.712113 0.663972
vn 0.519605 -0.484973 0.703429
vn 0.534436 -0.464624 -0.706047
vn 0.779346 -0.224551 -0.584976
vn 0.749261 -0.236565 0.618582
vn -0.132101 0.668697 -0.731706
vn -0.160410 0.668018 0.726651
vn 0.228116 0.712113 0.663972
vn 0.260320 0.730832 -0.630967
vn 0.533071 0.630405 -0.564292
vn 0.535972 0.630581 0.561339
vn 0.791141 0.529083 0.306867
vn 0.789309 0.527796 -0.313725
vn 0.749261 -0.236565 0.618582
vn 0.779346 -0.224551 -0.584976
vn 0.848403 0.007150 -0.529303
vn 0.850116 0.008964 0.526518
vn 0.260320 0.730832 -0.630967
vn 0.228116 0.712113 0.663972
vn 0.535972 0.630581 0.561339
vn 0.533071 0.630405 -0.564292
vn 0.779346 -0.224551 -0.584976
vn 0.260320 0.730832 -0.630967
vn 0.533071 0.630405 -0.564292
vn 0.848403 0.007150 -0.529303
vn 0.922821 0.238378 -0.302617
vn 0.789309 0.527796 -0.313725
vn 0.791141 0.529083 0.306867
vn 0.924857 0.238856 0.295951
vn 0.848403 0.007150 -0.529303
vn 0.533071 0.630405 -0.564292
vn 0.789309 0.527796 -0.313725
vn 0.922821 0.238378 -0.302617
vn 0.535972 0.630581 0.561339
vn 0.850116 0.008964 0.526518
vn 0.924857 0.238856 0.295951
vn 0.791141 0.529083 0.306867
vn 0.850116 0.008964 0.526518
vn 0.848403 0.007150 -0.529303
vn 0.922821 0.238378 -0.302617
vn 0.924857 0.238856 0.295951
s off
g lightTower lightTowerGrp lightGrp6 polySurface5 light1
usemtl SM_Light_Tower_1_JFGSG
f 4991//15701 4992//15702 4996//15703 4995//15704
f 4995//15705 4996//15706 4997//15707 4998//15708
f 4993//15709 4994//15710 4990//15711 4989//15712
f 4991//15713 4995//15714 4993//15715 4989//15716
f 4996//15717 4992//15718 4990//15719 4994//15720
f 5000//15721 4999//15722 5003//15723 5004//15724
f 4994//15725 4993//15726 4999//15727 5000//15728
f 4993//15729 4995//15730 4998//15731 4999//15732
f 4996//15733 4994//15734 5000//15735 4997//15736
f 5001//15737 5004//15738 5008//15739 5005//15740
f 4999//15741 4998//15742 5002//15743 5003//15744
f 4997//15745 5000//15746 5004//15747 5001//15748
f 4998//15749 4997//15750 5001//15751 5002//15752
f 5006//15753 5005//15754 5008//15755 5007//15756
f 5002//15757 5001//15758 5005//15759 5006//15760
f 5004//15761 5003//15762 5007//15763 5008//15764
f 5003//15765 5002//15766 5006//15767 5007//15768
g default
v 10.865200 5.196134 1.227395
v 10.758845 5.435764 1.227395
v 10.865200 5.196134 0.994949
v 10.758845 5.435764 0.994949
v 10.894839 5.194928 1.241971
v 10.775232 5.464419 1.241971
v 10.894839 5.194928 0.980374
v 10.775232 5.464419 0.980374
v 10.871826 5.181204 0.980374
v 10.871826 5.181204 1.241971
v 10.752219 5.450694 1.241971
v 10.752219 5.450694 0.980374
v 10.882453 5.206423 0.994949
v 10.882453 5.206423 1.227395
v 10.776098 5.446054 1.227395
v 10.776098 5.446054 0.994949
vn -0.710406 -0.627130 -0.319423
vn -0.710406 -0.627130 0.319423
vn -0.271769 -0.731311 0.625560
vn -0.271769 -0.731312 -0.625560
vn -0.271769 -0.731312 -0.625560
vn -0.785427 0.217218 -0.579587
vn 0.271769 0.731311 -0.625560
vn 0.785427 -0.217218 -0.579587
vn 0.785427 -0.217218 -0.579587
vn 0.271769 0.731311 -0.625560
vn 0.271769 0.731312 0.625560
vn 0.785427 -0.217218 0.579587
vn 0.785427 -0.217218 0.579587
vn 0.271769 0.731312 0.625560
vn -0.785427 0.217218 0.579587
vn -0.271769 -0.731311 0.625560
vn -0.271769 -0.731312 -0.625560
vn 0.785427 -0.217218 -0.579587
vn 0.785427 -0.217218 0.579587
vn -0.271769 -0.731311 0.625560
vn 0.271769 0.731311 -0.625560
vn -0.785427 0.217218 -0.579587
vn -0.785427 0.217218 0.579587
vn 0.271769 0.731312 0.625560
vn -0.945370 -0.126107 -0.300620
vn -0.945370 -0.126107 0.300620
vn -0.271769 -0.731312 -0.625560
vn -0.271769 -0.731311 0.625560
vn -0.710406 -0.627130 -0.319423
vn -0.945370 -0.126107 -0.300620
vn -0.271769 -0.731311 0.625560
vn -0.785427 0.217218 0.579587
vn -0.710406 -0.627130 0.319423
vn -0.710406 -0.627130 -0.319423
vn -0.785427 0.217218 0.579587
vn -0.785427 0.217218 -0.579587
vn -0.945370 -0.126107 0.300620
vn -0.710406 -0.627130 0.319423
vn -0.785427 0.217218 -0.579587
vn -0.271769 -0.731312 -0.625560
vn -0.785427 0.217218 -0.579587
vn -0.271769 -0.731312 -0.625560
vn -0.271769 -0.731311 0.625560
vn -0.785427 0.217218 0.579587
vn -0.945370 -0.126107 0.300620
vn -0.945370 -0.126107 -0.300620
vn -0.785427 0.217218 -0.579587
vn -0.785427 0.217218 0.579587
vn -0.710406 -0.627130 0.319423
vn -0.945370 -0.126107 0.300620
vn -0.785427 0.217218 0.579587
vn -0.271769 -0.731311 0.625560
vn -0.945370 -0.126107 -0.300620
vn -0.710406 -0.627130 -0.319423
vn -0.271769 -0.731312 -0.625560
vn -0.785427 0.217218 -0.579587
s off
g lightTower lightTowerGrp lightGrp6 light1 polySurface4
usemtl SM_Light_Tower_1_JFGSG
f 5010//15769 5012//15770 5024//15771 5023//15772
f 5017//15773 5020//15774 5016//15775 5015//15776
f 5015//15777 5016//15778 5014//15779 5013//15780
f 5013//15781 5014//15782 5019//15783 5018//15784
f 5017//15785 5015//15786 5013//15787 5018//15788
f 5016//15789 5020//15790 5019//15791 5014//15792
f 5009//15793 5011//15794 5017//15795 5018//15796
f 5010//15797 5009//15798 5018//15799 5019//15800
f 5012//15801 5010//15802 5019//15803 5020//15804
f 5011//15805 5012//15806 5020//15807 5017//15808
f 5022//15809 5023//15810 5024//15811 5021//15812
f 5011//15813 5009//15814 5022//15815 5021//15816
f 5012//15817 5011//15818 5021//15819 5024//15820
f 5009//15821 5010//15822 5023//15823 5022//15824
g default
v 10.639913 5.541132 0.954404
v 10.669946 5.559044 0.954162
v 10.647065 5.525018 0.963487
v 10.677098 5.542929 0.963244
v 10.647065 5.525018 0.981651
v 10.677098 5.542929 0.981409
v 10.639913 5.541132 0.990734
v 10.669946 5.559044 0.990492
v 10.632761 5.557247 0.981651
v 10.662794 5.575158 0.981409
v 10.632761 5.557247 0.963487
v 10.662794 5.575158 0.963244
vn -0.552548 -0.245236 -0.796587
vn 0.547644 0.243060 -0.800630
vn 0.868409 -0.290714 -0.401685
vn -0.257540 -0.860601 -0.439362
vn -0.257540 -0.860601 -0.439362
vn 0.868409 -0.290714 -0.401685
vn 0.870596 -0.289421 0.397868
vn -0.254686 -0.859381 0.443395
vn -0.254686 -0.859381 0.443395
vn 0.870596 -0.289421 0.397868
vn 0.552548 0.245236 0.796587
vn -0.547644 -0.243060 0.800630
vn -0.547644 -0.243060 0.800630
vn 0.552548 0.245236 0.796587
vn 0.257539 0.860601 0.439362
vn -0.868410 0.290713 0.401685
vn 0.868409 -0.290714 -0.401685
vn 0.547644 0.243060 -0.800630
vn 0.254686 0.859381 -0.443395
vn 0.257539 0.860601 0.439362
vn 0.552548 0.245236 0.796587
vn 0.870596 -0.289421 0.397868
vn -0.868410 0.290713 0.401685
vn 0.257539 0.860601 0.439362
vn 0.254686 0.859381 -0.443395
vn -0.870596 0.289421 -0.397868
vn -0.870596 0.289421 -0.397868
vn 0.254686 0.859381 -0.443395
vn 0.547644 0.243060 -0.800630
vn -0.552548 -0.245236 -0.796587
vn -0.552548 -0.245236 -0.796587
vn -0.257540 -0.860601 -0.439362
vn -0.254686 -0.859381 0.443395
vn -0.547644 -0.243060 0.800630
vn -0.868410 0.290713 0.401685
vn -0.870596 0.289421 -0.397868
s off
g lightTower lightTowerGrp lightGrp6 light1 polySurface56
usemtl SM_Light_Tower_1_JFGSG
f 5025//15825 5026//15826 5028//15827 5027//15828
f 5027//15829 5028//15830 5030//15831 5029//15832
f 5029//15833 5030//15834 5032//15835 5031//15836
f 5031//15837 5032//15838 5034//15839 5033//15840
f 5028//15841 5026//15842 5036//15843 5034//15844 5032//15845 5030//15846
f 5033//15847 5034//15848 5036//15849 5035//15850
f 5035//15851 5036//15852 5026//15853 5025//15854
f 5025//15855 5027//15856 5029//15857 5031//15858 5033//15859 5035//15860
g default
v 10.641251 5.541931 1.234126
v 10.669946 5.559044 1.234126
v 10.648403 5.525816 1.243208
v 10.677098 5.542929 1.243208
v 10.648403 5.525816 1.261373
v 10.677098 5.542929 1.261373
v 10.641251 5.541931 1.270456
v 10.669946 5.559044 1.270456
v 10.634099 5.558045 1.261373
v 10.662794 5.575158 1.261373
v 10.634099 5.558045 1.243208
v 10.662794 5.575158 1.243208
vn -0.550095 -0.244148 -0.798616
vn 0.550098 0.244149 -0.798613
vn 0.869506 -0.290064 -0.399777
vn -0.256118 -0.859993 -0.441379
vn -0.256118 -0.859993 -0.441379
vn 0.869506 -0.290064 -0.399777
vn 0.869506 -0.290064 0.399777
vn -0.256119 -0.859993 0.441379
vn -0.256119 -0.859993 0.441379
vn 0.869506 -0.290064 0.399777
vn 0.550096 0.244148 0.798615
vn -0.550097 -0.244149 0.798614
vn -0.550097 -0.244149 0.798614
vn 0.550096 0.244148 0.798615
vn 0.256119 0.859993 0.441379
vn -0.869506 0.290065 0.399777
vn 0.869506 -0.290064 -0.399777
vn 0.550098 0.244149 -0.798613
vn 0.256119 0.859993 -0.441379
vn 0.256119 0.859993 0.441379
vn 0.550096 0.244148 0.798615
vn 0.869506 -0.290064 0.399777
vn -0.869506 0.290065 0.399777
vn 0.256119 0.859993 0.441379
vn 0.256119 0.859993 -0.441379
vn -0.869506 0.290064 -0.399777
vn -0.869506 0.290064 -0.399777
vn 0.256119 0.859993 -0.441379
vn 0.550098 0.244149 -0.798613
vn -0.550095 -0.244148 -0.798616
vn -0.550095 -0.244148 -0.798616
vn -0.256118 -0.859993 -0.441379
vn -0.256119 -0.859993 0.441379
vn -0.550097 -0.244149 0.798614
vn -0.869506 0.290065 0.399777
vn -0.869506 0.290064 -0.399777
s off
g lightTower lightTowerGrp lightGrp6 light1 polySurface53
usemtl SM_Light_Tower_1_JFGSG
f 5037//15861 5038//15862 5040//15863 5039//15864
f 5039//15865 5040//15866 5042//15867 5041//15868
f 5041//15869 5042//15870 5044//15871 5043//15872
f 5043//15873 5044//15874 5046//15875 5045//15876
f 5040//15877 5038//15878 5048//15879 5046//15880 5044//15881 5042//15882
f 5045//15883 5046//15884 5048//15885 5047//15886
f 5047//15887 5048//15888 5038//15889 5037//15890
f 5037//15891 5039//15892 5041//15893 5043//15894 5045//15895 5047//15896
g default
v 10.668761 5.558337 0.986100
v 10.668761 5.558337 1.233601
v 10.668075 5.541937 0.986100
v 10.668075 5.541937 1.233601
v 10.655480 5.534426 0.986100
v 10.655480 5.534426 1.233601
v 10.643571 5.543314 0.986100
v 10.643571 5.543314 1.233601
v 10.644257 5.559714 0.986100
v 10.644257 5.559714 1.233601
v 10.656852 5.567225 0.986100
v 10.656852 5.567225 1.233601
vn 0.999127 -0.041778 0.000000
vn 0.999127 -0.041778 0.000000
vn 0.999127 -0.041778 0.000000
vn 0.999127 -0.041778 0.000000
vn 0.512207 -0.858862 0.000000
vn 0.512207 -0.858862 0.000000
vn 0.512207 -0.858862 0.000000
vn 0.512207 -0.858862 0.000000
vn -0.598118 -0.801408 0.000000
vn -0.598118 -0.801408 0.000000
vn -0.598118 -0.801408 0.000000
vn -0.598118 -0.801408 0.000000
vn -0.999127 0.041778 -0.000000
vn -0.999127 0.041778 -0.000000
vn -0.999127 0.041778 -0.000000
vn -0.999127 0.041778 -0.000000
vn -0.512207 0.858862 -0.000000
vn -0.512207 0.858862 -0.000000
vn -0.512207 0.858862 -0.000000
vn -0.512207 0.858862 -0.000000
vn 0.598118 0.801408 -0.000000
vn 0.598118 0.801408 -0.000000
vn 0.598118 0.801408 -0.000000
vn 0.598118 0.801408 -0.000000
s off
g lightTower lightTowerGrp lightGrp6 light1 polySurface103
usemtl SM_Light_Tower_1_JFGSG
f 5049//15897 5050//15898 5052//15899 5051//15900
f 5051//15901 5052//15902 5054//15903 5053//15904
f 5053//15905 5054//15906 5056//15907 5055//15908
f 5055//15909 5056//15910 5058//15911 5057//15912
f 5057//15913 5058//15914 5060//15915 5059//15916
f 5059//15917 5060//15918 5050//15919 5049//15920
g default
v 10.707059 5.438617 0.976178
v 10.797305 5.492438 0.976178
v 10.708836 5.434614 0.969410
v 10.799081 5.488435 0.969410
v 10.712389 5.426609 0.969410
v 10.802635 5.480429 0.969410
v 10.714165 5.422606 0.976178
v 10.804411 5.476427 0.976178
v 10.712389 5.426609 0.982946
v 10.802635 5.480429 0.982946
v 10.708836 5.434614 0.982946
v 10.799081 5.488435 0.982946
vn -0.512207 0.858862 -0.000000
vn 0.207389 0.978258 -0.000000
vn 0.382365 0.576638 -0.722001
vn -0.235912 0.395575 -0.887618
vn -0.235912 0.395575 -0.887618
vn 0.382365 0.576638 -0.722001
vn 0.726304 -0.063422 -0.684441
vn 0.235918 -0.395584 -0.887612
vn 0.235918 -0.395584 -0.887612
vn 0.726304 -0.063422 -0.684441
vn 0.926650 -0.375926 -0.000000
vn 0.512207 -0.858862 0.000000
vn 0.512207 -0.858862 0.000000
vn 0.926650 -0.375926 -0.000000
vn 0.726304 -0.063422 0.684441
vn 0.235918 -0.395584 0.887612
vn 0.235918 -0.395584 0.887612
vn 0.726304 -0.063422 0.684441
vn 0.382365 0.576639 0.722001
vn -0.235912 0.395575 0.887618
vn -0.235912 0.395575 0.887618
vn 0.382365 0.576639 0.722001
vn 0.207389 0.978258 -0.000000
vn -0.512207 0.858862 -0.000000
vn 0.382365 0.576638 -0.722001
vn 0.207389 0.978258 -0.000000
vn 0.382365 0.576639 0.722001
vn 0.726304 -0.063422 0.684441
vn 0.926650 -0.375926 -0.000000
vn 0.726304 -0.063422 -0.684441
s off
g lightTower lightTowerGrp lightGrp6 light1 polySurface64
usemtl SM_Light_Tower_1_JFGSG
f 5061//15921 5062//15922 5064//15923 5063//15924
f 5063//15925 5064//15926 5066//15927 5065//15928
f 5065//15929 5066//15930 5068//15931 5067//15932
f 5067//15933 5068//15934 5070//15935 5069//15936
f 5069//15937 5070//15938 5072//15939 5071//15940
f 5071//15941 5072//15942 5062//15943 5061//15944
f 5064//15945 5062//15946 5072//15947 5070//15948 5068//15949 5066//15950
g default
v 10.799199 5.494574 0.976495
v 10.799199 5.494574 1.245765
v 10.807728 5.494095 0.976495
v 10.807728 5.494095 1.245765
v 10.811634 5.485293 0.976495
v 10.811634 5.485293 1.245765
v 10.807012 5.476971 0.976495
v 10.807012 5.476971 1.245765
v 10.798483 5.477450 0.976495
v 10.798483 5.477450 1.245765
v 10.794576 5.486252 0.976495
v 10.794576 5.486252 1.245765
vn -0.512207 0.858862 -0.000000
vn -0.389019 0.652302 0.650512
vn 0.456801 0.612063 0.645533
vn 0.598117 0.801409 -0.000000
vn 0.598117 0.801409 -0.000000
vn 0.456801 0.612063 0.645533
vn 0.793462 -0.033179 0.607714
vn 0.999127 -0.041779 0.000000
vn 0.999127 -0.041779 0.000000
vn 0.793462 -0.033179 0.607714
vn 0.389019 -0.652302 0.650513
vn 0.512207 -0.858862 0.000000
vn 0.512207 -0.858862 0.000000
vn 0.389019 -0.652302 0.650513
vn -0.456802 -0.612061 0.645533
vn -0.598117 -0.801409 0.000000
vn -0.598117 -0.801409 0.000000
vn -0.456802 -0.612061 0.645533
vn -0.793463 0.033180 0.607714
vn -0.999127 0.041779 -0.000000
vn -0.999127 0.041779 -0.000000
vn -0.793463 0.033180 0.607714
vn -0.389019 0.652302 0.650512
vn -0.512207 0.858862 -0.000000
vn 0.456801 0.612063 0.645533
vn -0.389019 0.652302 0.650512
vn -0.793463 0.033180 0.607714
vn -0.456802 -0.612061 0.645533
vn 0.389019 -0.652302 0.650513
vn 0.793462 -0.033179 0.607714
s off
g lightTower lightTowerGrp lightGrp6 light1 polySurface65
usemtl SM_Light_Tower_1_JFGSG
f 5073//15951 5074//15952 5076//15953 5075//15954
f 5075//15955 5076//15956 5078//15957 5077//15958
f 5077//15959 5078//15960 5080//15961 5079//15962
f 5079//15963 5080//15964 5082//15965 5081//15966
f 5081//15967 5082//15968 5084//15969 5083//15970
f 5083//15971 5084//15972 5074//15973 5073//15974
f 5076//15975 5074//15976 5084//15977 5082//15978 5080//15979 5078//15980
g default
v 10.964042 5.019082 1.252029
v 10.985057 5.035511 1.252029
v 10.966547 5.013436 1.242482
v 10.988287 5.028233 1.239722
v 10.971559 5.002145 1.242482
v 10.994747 5.013677 1.239722
v 10.974065 4.996499 1.252029
v 10.997978 5.006399 1.252029
v 10.971559 5.002145 1.261575
v 10.994747 5.013677 1.264335
v 10.966547 5.013436 1.261575
v 10.988287 5.028233 1.264335
v 10.663175 5.567252 1.252029
v 10.730120 5.607346 1.252029
v 10.665356 5.562337 1.243718
v 10.732331 5.602364 1.243605
v 10.669719 5.552507 1.243718
v 10.736754 5.592400 1.243605
v 10.671900 5.547592 1.252029
v 10.738965 5.587418 1.252029
v 10.669719 5.552507 1.260339
v 10.736754 5.592400 1.260452
v 10.665356 5.562337 1.260339
v 10.732331 5.602364 1.260452
v 10.982268 5.043486 1.252029
v 10.742564 5.583570 1.252029
v 10.987968 5.046885 1.240857
v 10.748264 5.586969 1.240857
v 10.999368 5.053683 1.240857
v 10.759663 5.593767 1.240857
v 11.005068 5.057083 1.252029
v 10.765363 5.597167 1.252029
v 10.999368 5.053683 1.263201
v 10.759663 5.593767 1.263201
v 10.987968 5.046885 1.263201
v 10.748264 5.586969 1.263201
v 10.987842 5.034921 1.252029
v 10.994492 5.033682 1.263768
v 11.013079 5.029044 1.263768
v 11.019729 5.027805 1.252029
v 11.013079 5.029044 1.240290
v 10.994492 5.033682 1.240290
v 10.753804 5.615029 1.242231
v 10.743626 5.593506 1.242231
v 10.741881 5.589316 1.252029
v 10.743626 5.593506 1.261826
v 10.753804 5.615029 1.261826
v 10.755549 5.619220 1.252029
vn -0.615890 0.787832 -0.000000
vn -0.542306 0.840181 -0.000000
vn -0.264406 0.379169 -0.886747
vn -0.344047 0.342421 -0.874288
vn -0.344047 0.342421 -0.874288
vn -0.264406 0.379169 -0.886747
vn 0.248152 -0.415341 -0.875164
vn 0.116278 -0.446157 -0.887369
vn 0.116278 -0.446157 -0.887369
vn 0.248152 -0.415341 -0.875164
vn 0.543044 -0.839704 -0.000001
vn 0.382525 -0.923945 -0.000001
vn 0.382525 -0.923945 -0.000001
vn 0.543044 -0.839704 -0.000001
vn 0.248153 -0.415341 0.875164
vn 0.116281 -0.446157 0.887368
vn 0.116281 -0.446157 0.887368
vn 0.248153 -0.415341 0.875164
vn -0.264405 0.379170 0.886747
vn -0.344046 0.342420 0.874289
vn -0.344046 0.342420 0.874289
vn -0.264405 0.379170 0.886747
vn -0.542306 0.840181 -0.000000
vn -0.615890 0.787832 -0.000000
vn -0.513811 0.857903 -0.000000
vn -0.493718 0.869622 0.000000
vn -0.272538 0.430098 -0.860662
vn -0.237475 0.394833 -0.887532
vn -0.237475 0.394833 -0.887532
vn -0.272538 0.430098 -0.860662
vn 0.131216 -0.414833 -0.900387
vn 0.234355 -0.396323 -0.887697
vn 0.234355 -0.396323 -0.887697
vn 0.131216 -0.414833 -0.900387
vn 0.372811 -0.927907 0.000000
vn 0.510603 -0.859816 0.000000
vn 0.510603 -0.859816 0.000000
vn 0.372811 -0.927907 0.000000
vn 0.131215 -0.414832 0.900387
vn 0.234356 -0.396323 0.887697
vn 0.234356 -0.396323 0.887697
vn 0.131215 -0.414832 0.900387
vn -0.272538 0.430099 0.860661
vn -0.237475 0.394833 0.887532
vn -0.237475 0.394833 0.887532
vn -0.272538 0.430099 0.860661
vn -0.493718 0.869622 0.000000
vn -0.513811 0.857903 -0.000000
vn -0.897872 -0.440256 0.000000
vn -0.924759 -0.380552 0.000000
vn -0.461641 -0.156788 -0.873101
vn -0.459528 -0.217849 -0.861032
vn -0.459528 -0.217849 -0.861032
vn -0.461641 -0.156788 -0.873101
vn 0.426875 0.208472 -0.879953
vn 0.440720 0.223983 -0.869251
vn 0.440720 0.223983 -0.869251
vn 0.426875 0.208472 -0.879953
vn 0.925476 0.378806 -0.000000
vn 0.898638 0.438691 0.000000
vn 0.898638 0.438691 0.000000
vn 0.925476 0.378806 -0.000000
vn 0.426875 0.208473 0.879953
vn 0.440720 0.223984 0.869251
vn 0.440720 0.223984 0.869251
vn 0.426875 0.208473 0.879953
vn -0.461641 -0.156787 0.873101
vn -0.459528 -0.217849 0.861032
vn -0.459528 -0.217849 0.861032
vn -0.461641 -0.156787 0.873101
vn -0.924759 -0.380552 0.000000
vn -0.897872 -0.440256 0.000000
vn 0.211945 0.557362 -0.802762
vn -0.270618 -0.223408 -0.936405
vn 0.131216 -0.414833 -0.900387
vn -0.272538 0.430098 -0.860662
vn -0.270618 -0.223408 -0.936405
vn -0.513777 -0.857924 0.000000
vn 0.372811 -0.927907 0.000000
vn 0.131216 -0.414833 -0.900387
vn -0.513777 -0.857924 0.000000
vn -0.270619 -0.223406 0.936405
vn 0.131215 -0.414832 0.900387
vn 0.372811 -0.927907 0.000000
vn -0.270619 -0.223406 0.936405
vn 0.211944 0.557362 0.802762
vn -0.272538 0.430099 0.860661
vn 0.131215 -0.414832 0.900387
vn 0.211944 0.557362 0.802762
vn 0.414642 0.909985 0.000000
vn -0.493718 0.869622 0.000000
vn -0.272538 0.430099 0.860661
vn 0.414642 0.909985 0.000000
vn 0.211945 0.557362 -0.802762
vn -0.272538 0.430098 -0.860662
vn -0.493718 0.869622 0.000000
vn -0.459528 -0.217849 -0.861032
vn 0.440720 0.223983 -0.869251
vn 0.605577 -0.087313 -0.790983
vn -0.231347 0.097036 -0.968020
vn 0.440720 0.223983 -0.869251
vn 0.898638 0.438691 0.000000
vn 0.989299 -0.145903 -0.000000
vn 0.605577 -0.087313 -0.790983
vn 0.898638 0.438691 0.000000
vn 0.440720 0.223984 0.869251
vn 0.605577 -0.087313 0.790983
vn 0.989299 -0.145903 -0.000000
vn 0.440720 0.223984 0.869251
vn -0.459528 -0.217849 0.861032
vn -0.231347 0.097036 0.968020
vn 0.605577 -0.087313 0.790983
vn -0.459528 -0.217849 0.861032
vn -0.897872 -0.440256 0.000000
vn -0.951890 0.306439 -0.000000
vn -0.231347 0.097036 0.968020
vn -0.897872 -0.440256 0.000000
vn -0.459528 -0.217849 -0.861032
vn -0.231347 0.097036 -0.968020
vn -0.951890 0.306439 -0.000000
vn -0.231347 0.097036 0.968020
vn -0.951890 0.306439 -0.000000
vn -0.542306 0.840181 -0.000000
vn -0.264405 0.379170 0.886747
vn 0.605577 -0.087313 0.790983
vn -0.231347 0.097036 0.968020
vn -0.264405 0.379170 0.886747
vn 0.248153 -0.415341 0.875164
vn 0.989299 -0.145903 -0.000000
vn 0.605577 -0.087313 0.790983
vn 0.248153 -0.415341 0.875164
vn 0.543044 -0.839704 -0.000001
vn 0.605577 -0.087313 -0.790983
vn 0.989299 -0.145903 -0.000000
vn 0.543044 -0.839704 -0.000001
vn 0.248152 -0.415341 -0.875164
vn -0.231347 0.097036 -0.968020
vn 0.605577 -0.087313 -0.790983
vn 0.248152 -0.415341 -0.875164
vn -0.264406 0.379169 -0.886747
vn -0.951890 0.306439 -0.000000
vn -0.231347 0.097036 -0.968020
vn -0.264406 0.379169 -0.886747
vn -0.542306 0.840181 -0.000000
vn 0.925476 0.378806 -0.000000
vn 0.426875 0.208472 -0.879953
vn 0.211945 0.557362 -0.802762
vn 0.414642 0.909985 0.000000
vn 0.426875 0.208473 0.879953
vn 0.925476 0.378806 -0.000000
vn 0.414642 0.909985 0.000000
vn 0.211944 0.557362 0.802762
vn -0.461641 -0.156787 0.873101
vn 0.426875 0.208473 0.879953
vn 0.211944 0.557362 0.802762
vn -0.270619 -0.223406 0.936405
vn -0.924759 -0.380552 0.000000
vn -0.461641 -0.156787 0.873101
vn -0.270619 -0.223406 0.936405
vn -0.513777 -0.857924 0.000000
vn -0.461641 -0.156788 -0.873101
vn -0.924759 -0.380552 0.000000
vn -0.513777 -0.857924 0.000000
vn -0.270618 -0.223408 -0.936405
vn 0.426875 0.208472 -0.879953
vn -0.461641 -0.156788 -0.873101
vn -0.270618 -0.223408 -0.936405
vn 0.211945 0.557362 -0.802762
s off
g lightTower lightTowerGrp lightGrp6 light1 polySurface97
usemtl SM_Light_Tower_1_JFGSG
f 5085//15981 5086//15982 5088//15983 5087//15984
f 5087//15985 5088//15986 5090//15987 5089//15988
f 5089//15989 5090//15990 5092//15991 5091//15992
f 5091//15993 5092//15994 5094//15995 5093//15996
f 5093//15997 5094//15998 5096//15999 5095//16000
f 5095//16001 5096//16002 5086//16003 5085//16004
f 5097//16005 5098//16006 5100//16007 5099//16008
f 5099//16009 5100//16010 5102//16011 5101//16012
f 5101//16013 5102//16014 5104//16015 5103//16016
f 5103//16017 5104//16018 5106//16019 5105//16020
f 5105//16021 5106//16022 5108//16023 5107//16024
f 5107//16025 5108//16026 5098//16027 5097//16028
f 5109//16029 5110//16030 5112//16031 5111//16032
f 5111//16033 5112//16034 5114//16035 5113//16036
f 5113//16037 5114//16038 5116//16039 5115//16040
f 5115//16041 5116//16042 5118//16043 5117//16044
f 5117//16045 5118//16046 5120//16047 5119//16048
f 5119//16049 5120//16050 5110//16051 5109//16052
f 5127//16053 5128//16054 5102//16055 5100//16056
f 5128//16057 5129//16058 5104//16059 5102//16060
f 5129//16061 5130//16062 5106//16063 5104//16064
f 5130//16065 5131//16066 5108//16067 5106//16068
f 5131//16069 5132//16070 5098//16071 5108//16072
f 5132//16073 5127//16074 5100//16075 5098//16076
f 5111//16077 5113//16078 5125//16079 5126//16080
f 5113//16081 5115//16082 5124//16083 5125//16084
f 5115//16085 5117//16086 5123//16087 5124//16088
f 5117//16089 5119//16090 5122//16091 5123//16092
f 5119//16093 5109//16094 5121//16095 5122//16096
f 5109//16097 5111//16098 5126//16099 5121//16100
f 5122//16101 5121//16102 5086//16103 5096//16104
f 5123//16105 5122//16106 5096//16107 5094//16108
f 5124//16109 5123//16110 5094//16111 5092//16112
f 5125//16113 5124//16114 5092//16115 5090//16116
f 5126//16117 5125//16118 5090//16119 5088//16120
f 5121//16121 5126//16122 5088//16123 5086//16124
f 5116//16125 5114//16126 5127//16127 5132//16128
f 5118//16129 5116//16130 5132//16131 5131//16132
f 5120//16133 5118//16134 5131//16135 5130//16136
f 5110//16137 5120//16138 5130//16139 5129//16140
f 5112//16141 5110//16142 5129//16143 5128//16144
f 5114//16145 5112//16146 5128//16147 5127//16148
g default
v 10.724291 5.447549 1.244376
v 10.793918 5.489073 1.244376
v 10.725994 5.443712 1.237888
v 10.795621 5.485236 1.237888
v 10.729400 5.436038 1.237888
v 10.799027 5.477562 1.237888
v 10.731102 5.432201 1.244376
v 10.800729 5.473725 1.244376
v 10.729399 5.436038 1.250864
v 10.799027 5.477562 1.250864
v 10.725994 5.443712 1.250864
v 10.795621 5.485236 1.250864
vn -0.512207 0.858862 -0.000000
vn 0.207391 0.978258 -0.000000
vn 0.382363 0.576641 -0.722000
vn -0.235914 0.395578 -0.887616
vn -0.235914 0.395578 -0.887616
vn 0.382363 0.576641 -0.722000
vn 0.726304 -0.063421 -0.684442
vn 0.235917 -0.395583 -0.887613
vn 0.235917 -0.395583 -0.887613
vn 0.726304 -0.063421 -0.684442
vn 0.926650 -0.375926 0.000003
vn 0.512207 -0.858862 0.000004
vn 0.512207 -0.858862 0.000004
vn 0.926650 -0.375926 0.000003
vn 0.726303 -0.063420 0.684443
vn 0.235916 -0.395580 0.887615
vn 0.235916 -0.395580 0.887615
vn 0.726303 -0.063420 0.684443
vn 0.382363 0.576642 0.722000
vn -0.235914 0.395578 0.887616
vn -0.235914 0.395578 0.887616
vn 0.382363 0.576642 0.722000
vn 0.207391 0.978258 -0.000000
vn -0.512207 0.858862 -0.000000
vn 0.382363 0.576641 -0.722000
vn 0.207391 0.978258 -0.000000
vn 0.382363 0.576642 0.722000
vn 0.726303 -0.063420 0.684443
vn 0.926650 -0.375926 0.000003
vn 0.726304 -0.063421 -0.684442
s off
g lightTower lightTowerGrp lightGrp6 light1 polySurface61
usemtl SM_Light_Tower_1_JFGSG
f 5133//16149 5134//16150 5136//16151 5135//16152
f 5135//16153 5136//16154 5138//16155 5137//16156
f 5137//16157 5138//16158 5140//16159 5139//16160
f 5139//16161 5140//16162 5142//16163 5141//16164
f 5141//16165 5142//16166 5144//16167 5143//16168
f 5143//16169 5144//16170 5134//16171 5133//16172
f 5136//16173 5134//16174 5144//16175 5142//16176 5140//16177 5138//16178
g default
v 10.893528 5.196970 1.130729
v 10.891926 5.200579 1.130729
v 10.893528 5.196970 1.087458
v 10.891926 5.200579 1.087458
v 10.906989 5.205043 1.130135
v 10.907352 5.209872 1.130135
v 10.906358 5.204667 1.088023
v 10.906722 5.209496 1.088023
vn -0.258493 -0.727868 0.635129
vn -0.623096 -0.284721 0.728481
vn -0.623123 -0.284697 -0.728468
vn -0.258581 -0.727869 -0.635093
vn -0.258581 -0.727869 -0.635093
vn -0.623123 -0.284697 -0.728468
vn 0.843383 -0.059072 -0.534056
vn 0.685209 -0.388629 -0.616000
vn 0.685209 -0.388629 -0.616000
vn 0.843383 -0.059072 -0.534056
vn 0.851305 -0.059560 0.521280
vn 0.693012 -0.385444 0.609236
vn 0.693012 -0.385444 0.609236
vn 0.851305 -0.059560 0.521280
vn -0.623096 -0.284721 0.728481
vn -0.258493 -0.727868 0.635129
vn -0.258581 -0.727869 -0.635093
vn 0.685209 -0.388629 -0.616000
vn 0.693012 -0.385444 0.609236
vn -0.258493 -0.727868 0.635129
s off
g lightTower lightTowerGrp lightGrp6 light1 polySurface9
usemtl SM_Light_Tower_1_JFGSG
f 5145//16179 5146//16180 5148//16181 5147//16182
f 5147//16183 5148//16184 5152//16185 5151//16186
f 5151//16187 5152//16188 5150//16189 5149//16190
f 5149//16191 5150//16192 5146//16193 5145//16194
f 5147//16195 5151//16196 5149//16197 5145//16198
g default
v 10.691990 5.433930 0.976290
v 10.709268 5.444234 0.976290
v 10.694715 5.427790 0.965909
v 10.711993 5.438095 0.965909
v 10.700165 5.415511 0.965909
v 10.717443 5.425815 0.965909
v 10.702890 5.409371 0.976290
v 10.720168 5.419675 0.976290
v 10.700165 5.415511 0.986672
v 10.717443 5.425815 0.986672
v 10.694715 5.427790 0.986672
v 10.711993 5.438095 0.986672
vn -0.926649 0.375929 0.000000
vn 0.207392 0.978258 -0.000000
vn 0.382362 0.576642 -0.722000
vn -0.726303 0.063418 -0.684443
vn -0.726303 0.063418 -0.684443
vn 0.382362 0.576642 -0.722000
vn 0.726302 -0.063418 -0.684443
vn -0.382362 -0.576642 -0.721999
vn -0.382362 -0.576642 -0.721999
vn 0.726302 -0.063418 -0.684443
vn 0.926649 -0.375929 -0.000000
vn -0.207392 -0.978258 0.000000
vn -0.207392 -0.978258 0.000000
vn 0.926649 -0.375929 -0.000000
vn 0.726303 -0.063418 0.684443
vn -0.382362 -0.576642 0.722000
vn 0.382362 0.576642 -0.722000
vn 0.207392 0.978258 -0.000000
vn 0.382362 0.576642 0.721999
vn 0.726303 -0.063418 0.684443
vn 0.926649 -0.375929 -0.000000
vn 0.726302 -0.063418 -0.684443
vn -0.382362 -0.576642 0.722000
vn 0.726303 -0.063418 0.684443
vn 0.382362 0.576642 0.721999
vn -0.726302 0.063418 0.684444
vn -0.726302 0.063418 0.684444
vn 0.382362 0.576642 0.721999
vn 0.207392 0.978258 -0.000000
vn -0.926649 0.375929 0.000000
vn -0.926649 0.375929 0.000000
vn -0.726303 0.063418 -0.684443
vn -0.382362 -0.576642 -0.721999
vn -0.207392 -0.978258 0.000000
vn -0.382362 -0.576642 0.722000
vn -0.726302 0.063418 0.684444
s off
g lightTower lightTowerGrp lightGrp6 light1 polySurface63
usemtl SM_Light_Tower_1_JFGSG
f 5153//16199 5154//16200 5156//16201 5155//16202
f 5155//16203 5156//16204 5158//16205 5157//16206
f 5157//16207 5158//16208 5160//16209 5159//16210
f 5159//16211 5160//16212 5162//16213 5161//16214
f 5156//16215 5154//16216 5164//16217 5162//16218 5160//16219 5158//16220
f 5161//16221 5162//16222 5164//16223 5163//16224
f 5163//16225 5164//16226 5154//16227 5153//16228
f 5153//16229 5155//16230 5157//16231 5159//16232 5161//16233 5163//16234
g default
v 10.877654 5.218769 1.211400
v 10.781659 5.435057 1.211400
v 10.877654 5.218769 1.016661
v 10.781659 5.435057 1.016661
v 10.859950 5.208211 1.211400
v 10.763955 5.424499 1.211400
v 10.859950 5.208210 1.016661
v 10.763955 5.424499 1.016661
v 10.747889 5.402076 1.024260
v 10.834871 5.206095 1.024260
v 10.834871 5.206095 1.206356
v 10.747889 5.402077 1.206356
v 10.736111 5.360346 1.035767
v 10.798734 5.219249 1.035767
v 10.798734 5.219249 1.194642
v 10.736111 5.360346 1.194642
v 10.735516 5.320872 1.053431
v 10.770682 5.241639 1.053431
v 10.770682 5.241639 1.176462
v 10.735516 5.320872 1.176462
vn 0.342389 -0.574113 -0.743750
vn 0.132102 -0.668697 -0.731706
vn -0.534436 0.464624 -0.706048
vn -0.342389 0.574112 -0.743751
vn 0.132102 -0.668697 -0.731706
vn -0.260319 -0.730832 -0.630967
vn -0.779346 0.224550 -0.584976
vn -0.534436 0.464624 -0.706048
vn 0.160410 -0.668017 0.726651
vn 0.342389 -0.574112 0.743751
vn -0.342389 0.574113 0.743750
vn -0.519605 0.484973 0.703429
vn 0.342389 -0.574113 -0.743750
vn 0.342389 -0.574112 0.743751
vn 0.160410 -0.668017 0.726651
vn 0.132102 -0.668697 -0.731706
vn -0.534436 0.464624 -0.706048
vn -0.519605 0.484973 0.703429
vn -0.342389 0.574113 0.743750
vn -0.342389 0.574112 -0.743751
vn -0.749262 0.236565 0.618582
vn -0.850117 -0.008964 0.526518
vn -0.535973 -0.630581 0.561339
vn -0.228116 -0.712113 0.663972
vn -0.519605 0.484973 0.703429
vn -0.749262 0.236565 0.618582
vn -0.228116 -0.712113 0.663972
vn 0.160410 -0.668017 0.726651
vn 0.160410 -0.668017 0.726651
vn -0.228116 -0.712113 0.663972
vn -0.260319 -0.730832 -0.630967
vn 0.132102 -0.668697 -0.731706
vn -0.534436 0.464624 -0.706048
vn -0.779346 0.224550 -0.584976
vn -0.749262 0.236565 0.618582
vn -0.519605 0.484973 0.703429
vn -0.848403 -0.007150 -0.529303
vn -0.922821 -0.238378 -0.302617
vn -0.924857 -0.238856 0.295952
vn -0.850117 -0.008964 0.526518
vn -0.228116 -0.712113 0.663972
vn -0.535973 -0.630581 0.561339
vn -0.533071 -0.630405 -0.564292
vn -0.260319 -0.730832 -0.630967
vn -0.779346 0.224550 -0.584976
vn -0.848403 -0.007150 -0.529303
vn -0.850117 -0.008964 0.526518
vn -0.749262 0.236565 0.618582
vn -0.260319 -0.730832 -0.630967
vn -0.533071 -0.630405 -0.564292
vn -0.848403 -0.007150 -0.529303
vn -0.779346 0.224550 -0.584976
vn -0.789308 -0.527797 -0.313725
vn -0.791140 -0.529083 0.306868
vn -0.924857 -0.238856 0.295952
vn -0.922821 -0.238378 -0.302617
vn -0.533071 -0.630405 -0.564292
vn -0.789308 -0.527797 -0.313725
vn -0.922821 -0.238378 -0.302617
vn -0.848403 -0.007150 -0.529303
vn -0.850117 -0.008964 0.526518
vn -0.924857 -0.238856 0.295952
vn -0.791140 -0.529083 0.306868
vn -0.535973 -0.630581 0.561339
vn -0.535973 -0.630581 0.561339
vn -0.791140 -0.529083 0.306868
vn -0.789308 -0.527797 -0.313725
vn -0.533071 -0.630405 -0.564292
s off
g lightTower lightTowerGrp lightGrp6 light1 polySurface8
usemtl SM_Light_Tower_1_JFGSG
f 5167//16235 5171//16236 5172//16237 5168//16238
f 5171//16239 5174//16240 5173//16241 5172//16242
f 5169//16243 5165//16244 5166//16245 5170//16246
f 5167//16247 5165//16248 5169//16249 5171//16250
f 5172//16251 5170//16252 5166//16253 5168//16254
f 5176//16255 5180//16256 5179//16257 5175//16258
f 5170//16259 5176//16260 5175//16261 5169//16262
f 5169//16263 5175//16264 5174//16265 5171//16266
f 5172//16267 5173//16268 5176//16269 5170//16270
f 5177//16271 5181//16272 5184//16273 5180//16274
f 5175//16275 5179//16276 5178//16277 5174//16278
f 5173//16279 5177//16280 5180//16281 5176//16282
f 5174//16283 5178//16284 5177//16285 5173//16286
f 5182//16287 5183//16288 5184//16289 5181//16290
f 5178//16291 5182//16292 5181//16293 5177//16294
f 5180//16295 5184//16296 5183//16297 5179//16298
f 5179//16299 5183//16300 5182//16301 5178//16302
g default
v 10.962341 5.018685 0.971755
v 10.985057 5.035511 0.971755
v 10.964996 5.012703 0.961641
v 10.988287 5.028233 0.959449
v 10.970306 5.000740 0.961641
v 10.994747 5.013677 0.959449
v 10.972960 4.994759 0.971755
v 10.997978 5.006399 0.971755
v 10.970306 5.000740 0.981869
v 10.994747 5.013677 0.984061
v 10.964996 5.012703 0.981869
v 10.988287 5.028233 0.984061
v 10.663175 5.567252 0.971755
v 10.730120 5.607346 0.971755
v 10.665356 5.562337 0.963445
v 10.732331 5.602364 0.963331
v 10.669719 5.552507 0.963445
v 10.736754 5.592400 0.963331
v 10.671900 5.547592 0.971755
v 10.738965 5.587418 0.971755
v 10.669719 5.552507 0.980066
v 10.736754 5.592400 0.980179
v 10.665356 5.562337 0.980066
v 10.732331 5.602364 0.980179
v 10.982268 5.043486 0.971755
v 10.742564 5.583570 0.971755
v 10.987968 5.046885 0.960583
v 10.748264 5.586969 0.960583
v 10.999368 5.053683 0.960583
v 10.759663 5.593767 0.960583
v 11.005068 5.057083 0.971755
v 10.765363 5.597167 0.971755
v 10.999368 5.053683 0.982927
v 10.759663 5.593767 0.982927
v 10.987968 5.046885 0.982927
v 10.748264 5.586969 0.982927
v 10.987842 5.034921 0.971755
v 10.994492 5.033682 0.983494
v 11.013079 5.029044 0.983494
v 11.019729 5.027805 0.971755
v 11.013079 5.029044 0.960016
v 10.994492 5.033682 0.960016
v 10.753804 5.615029 0.961957
v 10.743626 5.593506 0.961957
v 10.741881 5.589316 0.971755
v 10.743626 5.593506 0.981553
v 10.753804 5.615029 0.981553
v 10.755549 5.619220 0.971755
vn -0.595221 0.803562 -0.000001
vn -0.530626 0.847606 0.000000
vn -0.252589 0.385796 -0.887333
vn -0.318814 0.354049 -0.879208
vn -0.318814 0.354049 -0.879208
vn -0.252589 0.385796 -0.887333
vn 0.263123 -0.407088 -0.874669
vn 0.150080 -0.434059 -0.888295
vn 0.150080 -0.434059 -0.888295
vn 0.263123 -0.407088 -0.874669
vn 0.559539 -0.828804 0.000001
vn 0.421868 -0.906657 0.000000
vn 0.421868 -0.906657 0.000000
vn 0.559539 -0.828804 0.000001
vn 0.263120 -0.407089 0.874670
vn 0.150078 -0.434060 0.888295
vn 0.150078 -0.434060 0.888295
vn 0.263120 -0.407089 0.874670
vn -0.252585 0.385798 0.887334
vn -0.318818 0.354048 0.879207
vn -0.318818 0.354048 0.879207
vn -0.252585 0.385798 0.887334
vn -0.530626 0.847606 0.000000
vn -0.595221 0.803562 -0.000001
vn -0.513813 0.857902 0.000000
vn -0.493715 0.869624 0.000000
vn -0.272537 0.430099 -0.860662
vn -0.237475 0.394832 -0.887532
vn -0.237475 0.394832 -0.887532
vn -0.272537 0.430099 -0.860662
vn 0.131206 -0.414836 -0.900387
vn 0.234356 -0.396324 -0.887697
vn 0.234356 -0.396324 -0.887697
vn 0.131206 -0.414836 -0.900387
vn 0.372791 -0.927915 0.000000
vn 0.510604 -0.859816 0.000000
vn 0.510604 -0.859816 0.000000
vn 0.372791 -0.927915 0.000000
vn 0.131206 -0.414835 0.900387
vn 0.234356 -0.396322 0.887697
vn 0.234356 -0.396322 0.887697
vn 0.131206 -0.414835 0.900387
vn -0.272537 0.430099 0.860661
vn -0.237476 0.394833 0.887532
vn -0.237476 0.394833 0.887532
vn -0.272537 0.430099 0.860661
vn -0.493715 0.869624 0.000000
vn -0.513813 0.857902 0.000000
vn -0.897873 -0.440255 0.000000
vn -0.924759 -0.380553 0.000000
vn -0.461641 -0.156788 -0.873101
vn -0.459528 -0.217849 -0.861032
vn -0.459528 -0.217849 -0.861032
vn -0.461641 -0.156788 -0.873101
vn 0.426875 0.208472 -0.879953
vn 0.440720 0.223983 -0.869251
vn 0.440720 0.223983 -0.869251
vn 0.426875 0.208472 -0.879953
vn 0.925476 0.378806 0.000000
vn 0.898638 0.438691 0.000000
vn 0.898638 0.438691 0.000000
vn 0.925476 0.378806 0.000000
vn 0.426875 0.208472 0.879953
vn 0.440720 0.223984 0.869251
vn 0.440720 0.223984 0.869251
vn 0.426875 0.208472 0.879953
vn -0.461640 -0.156788 0.873101
vn -0.459528 -0.217848 0.861032
vn -0.459528 -0.217848 0.861032
vn -0.461640 -0.156788 0.873101
vn -0.924759 -0.380553 0.000000
vn -0.897873 -0.440255 0.000000
vn 0.211947 0.557362 -0.802761
vn -0.270626 -0.223408 -0.936403
vn 0.131206 -0.414836 -0.900387
vn -0.272537 0.430099 -0.860662
vn -0.270626 -0.223408 -0.936403
vn -0.513793 -0.857914 0.000000
vn 0.372791 -0.927915 0.000000
vn 0.131206 -0.414836 -0.900387
vn -0.513793 -0.857914 0.000000
vn -0.270626 -0.223408 0.936403
vn 0.131206 -0.414835 0.900387
vn 0.372791 -0.927915 0.000000
vn -0.270626 -0.223408 0.936403
vn 0.211948 0.557362 0.802761
vn -0.272537 0.430099 0.860661
vn 0.131206 -0.414835 0.900387
vn 0.211948 0.557362 0.802761
vn 0.414646 0.909983 0.000000
vn -0.493715 0.869624 0.000000
vn -0.272537 0.430099 0.860661
vn 0.414646 0.909983 0.000000
vn 0.211947 0.557362 -0.802761
vn -0.272537 0.430099 -0.860662
vn -0.493715 0.869624 0.000000
vn -0.459528 -0.217849 -0.861032
vn 0.440720 0.223983 -0.869251
vn 0.605577 -0.087313 -0.790982
vn -0.231347 0.097036 -0.968020
vn 0.440720 0.223983 -0.869251
vn 0.898638 0.438691 0.000000
vn 0.989299 -0.145904 0.000000
vn 0.605577 -0.087313 -0.790982
vn 0.898638 0.438691 0.000000
vn 0.440720 0.223984 0.869251
vn 0.605575 -0.087314 0.790984
vn 0.989299 -0.145904 0.000000
vn 0.440720 0.223984 0.869251
vn -0.459528 -0.217848 0.861032
vn -0.231342 0.097038 0.968021
vn 0.605575 -0.087314 0.790984
vn -0.459528 -0.217848 0.861032
vn -0.897873 -0.440255 0.000000
vn -0.951888 0.306446 -0.000000
vn -0.231342 0.097038 0.968021
vn -0.897873 -0.440255 0.000000
vn -0.459528 -0.217849 -0.861032
vn -0.231347 0.097036 -0.968020
vn -0.951888 0.306446 -0.000000
vn -0.231342 0.097038 0.968021
vn -0.951888 0.306446 -0.000000
vn -0.530626 0.847606 0.000000
vn -0.252585 0.385798 0.887334
vn 0.605575 -0.087314 0.790984
vn -0.231342 0.097038 0.968021
vn -0.252585 0.385798 0.887334
vn 0.263120 -0.407089 0.874670
vn 0.989299 -0.145904 0.000000
vn 0.605575 -0.087314 0.790984
vn 0.263120 -0.407089 0.874670
vn 0.559539 -0.828804 0.000001
vn 0.605577 -0.087313 -0.790982
vn 0.989299 -0.145904 0.000000
vn 0.559539 -0.828804 0.000001
vn 0.263123 -0.407088 -0.874669
vn -0.231347 0.097036 -0.968020
vn 0.605577 -0.087313 -0.790982
vn 0.263123 -0.407088 -0.874669
vn -0.252589 0.385796 -0.887333
vn -0.951888 0.306446 -0.000000
vn -0.231347 0.097036 -0.968020
vn -0.252589 0.385796 -0.887333
vn -0.530626 0.847606 0.000000
vn 0.925476 0.378806 0.000000
vn 0.426875 0.208472 -0.879953
vn 0.211947 0.557362 -0.802761
vn 0.414646 0.909983 0.000000
vn 0.426875 0.208472 0.879953
vn 0.925476 0.378806 0.000000
vn 0.414646 0.909983 0.000000
vn 0.211948 0.557362 0.802761
vn -0.461640 -0.156788 0.873101
vn 0.426875 0.208472 0.879953
vn 0.211948 0.557362 0.802761
vn -0.270626 -0.223408 0.936403
vn -0.924759 -0.380553 0.000000
vn -0.461640 -0.156788 0.873101
vn -0.270626 -0.223408 0.936403
vn -0.513793 -0.857914 0.000000
vn -0.461641 -0.156788 -0.873101
vn -0.924759 -0.380553 0.000000
vn -0.513793 -0.857914 0.000000
vn -0.270626 -0.223408 -0.936403
vn 0.426875 0.208472 -0.879953
vn -0.461641 -0.156788 -0.873101
vn -0.270626 -0.223408 -0.936403
vn 0.211947 0.557362 -0.802761
s off
g lightTower lightTowerGrp lightGrp6 light1 polySurface95
usemtl SM_Light_Tower_1_JFGSG
f 5185//16303 5186//16304 5188//16305 5187//16306
f 5187//16307 5188//16308 5190//16309 5189//16310
f 5189//16311 5190//16312 5192//16313 5191//16314
f 5191//16315 5192//16316 5194//16317 5193//16318
f 5193//16319 5194//16320 5196//16321 5195//16322
f 5195//16323 5196//16324 5186//16325 5185//16326
f 5197//16327 5198//16328 5200//16329 5199//16330
f 5199//16331 5200//16332 5202//16333 5201//16334
f 5201//16335 5202//16336 5204//16337 5203//16338
f 5203//16339 5204//16340 5206//16341 5205//16342
f 5205//16343 5206//16344 5208//16345 5207//16346
f 5207//16347 5208//16348 5198//16349 5197//16350
f 5209//16351 5210//16352 5212//16353 5211//16354
f 5211//16355 5212//16356 5214//16357 5213//16358
f 5213//16359 5214//16360 5216//16361 5215//16362
f 5215//16363 5216//16364 5218//16365 5217//16366
f 5217//16367 5218//16368 5220//16369 5219//16370
f 5219//16371 5220//16372 5210//16373 5209//16374
f 5227//16375 5228//16376 5202//16377 5200//16378
f 5228//16379 5229//16380 5204//16381 5202//16382
f 5229//16383 5230//16384 5206//16385 5204//16386
f 5230//16387 5231//16388 5208//16389 5206//16390
f 5231//16391 5232//16392 5198//16393 5208//16394
f 5232//16395 5227//16396 5200//16397 5198//16398
f 5211//16399 5213//16400 5225//16401 5226//16402
f 5213//16403 5215//16404 5224//16405 5225//16406
f 5215//16407 5217//16408 5223//16409 5224//16410
f 5217//16411 5219//16412 5222//16413 5223//16414
f 5219//16415 5209//16416 5221//16417 5222//16418
f 5209//16419 5211//16420 5226//16421 5221//16422
f 5222//16423 5221//16424 5186//16425 5196//16426
f 5223//16427 5222//16428 5196//16429 5194//16430
f 5224//16431 5223//16432 5194//16433 5192//16434
f 5225//16435 5224//16436 5192//16437 5190//16438
f 5226//16439 5225//16440 5190//16441 5188//16442
f 5221//16443 5226//16444 5188//16445 5186//16446
f 5216//16447 5214//16448 5227//16449 5232//16450
f 5218//16451 5216//16452 5232//16453 5231//16454
f 5220//16455 5218//16456 5231//16457 5230//16458
f 5210//16459 5220//16460 5230//16461 5229//16462
f 5212//16463 5210//16464 5229//16465 5228//16466
f 5214//16467 5212//16468 5228//16469 5227//16470
g default
v 10.709574 5.443092 1.244658
v 10.725378 5.452518 1.244658
v 10.712067 5.437476 1.235161
v 10.727871 5.446902 1.235161
v 10.717052 5.426244 1.235161
v 10.732856 5.435669 1.235161
v 10.719544 5.420628 1.244658
v 10.735349 5.430053 1.244658
v 10.717052 5.426244 1.254154
v 10.732856 5.435669 1.254154
v 10.712067 5.437476 1.254154
v 10.727871 5.446902 1.254154
vn -0.926649 0.375927 -0.000000
vn 0.207394 0.978257 -0.000000
vn 0.382360 0.576645 -0.721998
vn -0.726304 0.063421 -0.684442
vn -0.726304 0.063421 -0.684442
vn 0.382360 0.576645 -0.721998
vn 0.726303 -0.063418 -0.684443
vn -0.382362 -0.576643 -0.721999
vn -0.382362 -0.576643 -0.721999
vn 0.726303 -0.063418 -0.684443
vn 0.926649 -0.375928 0.000000
vn -0.207392 -0.978258 0.000000
vn -0.207392 -0.978258 0.000000
vn 0.926649 -0.375928 0.000000
vn 0.726303 -0.063418 0.684443
vn -0.382362 -0.576642 0.721999
vn 0.382360 0.576645 -0.721998
vn 0.207394 0.978257 -0.000000
vn 0.382360 0.576645 0.721998
vn 0.726303 -0.063418 0.684443
vn 0.926649 -0.375928 0.000000
vn 0.726303 -0.063418 -0.684443
vn -0.382362 -0.576642 0.721999
vn 0.726303 -0.063418 0.684443
vn 0.382360 0.576645 0.721998
vn -0.726304 0.063421 0.684442
vn -0.726304 0.063421 0.684442
vn 0.382360 0.576645 0.721998
vn 0.207394 0.978257 -0.000000
vn -0.926649 0.375927 -0.000000
vn -0.926649 0.375927 -0.000000
vn -0.726304 0.063421 -0.684442
vn -0.382362 -0.576643 -0.721999
vn -0.207392 -0.978258 0.000000
vn -0.382362 -0.576642 0.721999
vn -0.726304 0.063421 0.684442
s off
g lightTower lightTowerGrp lightGrp6 light1 polySurface62
usemtl SM_Light_Tower_1_JFGSG
f 5233//16471 5234//16472 5236//16473 5235//16474
f 5235//16475 5236//16476 5238//16477 5237//16478
f 5237//16479 5238//16480 5240//16481 5239//16482
f 5239//16483 5240//16484 5242//16485 5241//16486
f 5236//16487 5234//16488 5244//16489 5242//16490 5240//16491 5238//16492
f 5241//16493 5242//16494 5244//16495 5243//16496
f 5243//16497 5244//16498 5234//16499 5233//16500
f 5233//16501 5235//16502 5237//16503 5239//16504 5241//16505 5243//16506
g default
v 10.925551 5.011294 0.971237
v 10.957792 5.030521 0.971237
v 10.929800 5.001720 0.955048
v 10.962041 5.020947 0.955048
v 10.938299 4.982572 0.955048
v 10.970539 5.001799 0.955048
v 10.942548 4.972998 0.971237
v 10.974788 4.992225 0.971237
v 10.938299 4.982572 0.987425
v 10.970539 5.001799 0.987425
v 10.929800 5.001720 0.987425
v 10.962041 5.020947 0.987425
vn -0.926649 0.375929 -0.000000
vn 0.207391 0.978258 -0.000000
vn 0.382363 0.576641 -0.722000
vn -0.726302 0.063417 -0.684444
vn -0.726302 0.063417 -0.684444
vn 0.382363 0.576641 -0.722000
vn 0.726303 -0.063419 -0.684443
vn -0.382361 -0.576643 -0.721999
vn -0.382361 -0.576643 -0.721999
vn 0.726303 -0.063419 -0.684443
vn 0.926649 -0.375928 -0.000000
vn -0.207393 -0.978258 0.000000
vn -0.207393 -0.978258 0.000000
vn 0.926649 -0.375928 -0.000000
vn 0.726303 -0.063419 0.684443
vn -0.382361 -0.576643 0.721999
vn 0.382363 0.576641 -0.722000
vn 0.207391 0.978258 -0.000000
vn 0.382363 0.576642 0.721999
vn 0.726303 -0.063419 0.684443
vn 0.926649 -0.375928 -0.000000
vn 0.726303 -0.063419 -0.684443
vn -0.382361 -0.576643 0.721999
vn 0.726303 -0.063419 0.684443
vn 0.382363 0.576642 0.721999
vn -0.726302 0.063417 0.684444
vn -0.726302 0.063417 0.684444
vn 0.382363 0.576642 0.721999
vn 0.207391 0.978258 -0.000000
vn -0.926649 0.375929 -0.000000
vn -0.926649 0.375929 -0.000000
vn -0.726302 0.063417 -0.684444
vn -0.382361 -0.576643 -0.721999
vn -0.207393 -0.978258 0.000000
vn -0.382361 -0.576643 0.721999
vn -0.726302 0.063417 0.684444
s off
g lightTower lightTowerGrp lightGrp6 light1 polySurface38
usemtl SM_Light_Tower_1_JFGSG
f 5245//16507 5246//16508 5248//16509 5247//16510
f 5247//16511 5248//16512 5250//16513 5249//16514
f 5249//16515 5250//16516 5252//16517 5251//16518
f 5251//16519 5252//16520 5254//16521 5253//16522
f 5248//16523 5246//16524 5256//16525 5254//16526 5252//16527 5250//16528
f 5253//16529 5254//16530 5256//16531 5255//16532
f 5255//16533 5256//16534 5246//16535 5245//16536
f 5245//16537 5247//16538 5249//16539 5251//16540 5253//16541 5255//16542
g default
v 10.964505 5.011314 0.052434
v 10.964505 5.011314 1.311607
v 10.963767 4.993651 0.052434
v 10.963767 4.993651 1.311607
v 10.950201 4.985561 0.052434
v 10.950201 4.985561 1.311607
v 10.937375 4.995134 0.052434
v 10.937375 4.995134 1.311607
v 10.938113 5.012797 0.052434
v 10.938113 5.012797 1.311607
v 10.951679 5.020887 0.052434
v 10.951679 5.020887 1.311607
vn 0.818429 0.363242 -0.445231
vn 0.818429 0.363242 0.445230
vn 0.780987 -0.433780 0.449327
vn 0.780987 -0.433780 -0.449327
vn 0.780987 -0.433780 -0.449327
vn 0.780987 -0.433780 0.449327
vn -0.048936 -0.870939 0.488949
vn -0.048936 -0.870939 -0.488949
vn -0.048936 -0.870939 -0.488949
vn -0.048936 -0.870939 0.488949
vn -0.818429 -0.363241 0.445231
vn -0.818429 -0.363242 -0.445230
vn -0.818429 -0.363242 -0.445230
vn -0.818429 -0.363241 0.445231
vn -0.780987 0.433780 0.449326
vn -0.780987 0.433780 -0.449326
vn 0.780987 -0.433780 0.449327
vn 0.818429 0.363242 0.445230
vn 0.048935 0.870939 0.488948
vn -0.780987 0.433780 0.449326
vn -0.818429 -0.363241 0.445231
vn -0.048936 -0.870939 0.488949
vn -0.780987 0.433780 -0.449326
vn -0.780987 0.433780 0.449326
vn 0.048935 0.870939 0.488948
vn 0.048936 0.870939 -0.488948
vn 0.048936 0.870939 -0.488948
vn 0.048935 0.870939 0.488948
vn 0.818429 0.363242 0.445230
vn 0.818429 0.363242 -0.445231
vn 0.818429 0.363242 -0.445231
vn 0.780987 -0.433780 -0.449327
vn -0.048936 -0.870939 -0.488949
vn -0.818429 -0.363242 -0.445230
vn -0.780987 0.433780 -0.449326
vn 0.048936 0.870939 -0.488948
s off
g lightTower lightTowerGrp lightGrp6 polySurface31 base1
usemtl SM_Light_Tower_1_JFGSG
f 5257//16543 5258//16544 5260//16545 5259//16546
f 5259//16547 5260//16548 5262//16549 5261//16550
f 5261//16551 5262//16552 5264//16553 5263//16554
f 5263//16555 5264//16556 5266//16557 5265//16558
f 5260//16559 5258//16560 5268//16561 5266//16562 5264//16563 5262//16564
f 5265//16565 5266//16566 5268//16567 5267//16568
f 5267//16569 5268//16570 5258//16571 5257//16572
f 5257//16573 5259//16574 5261//16575 5263//16576 5265//16577 5267//16578
g default
v 10.925551 5.011294 1.314338
v 10.957792 5.030521 1.314338
v 10.929800 5.001720 1.298150
v 10.962041 5.020947 1.298150
v 10.938299 4.982572 1.298150
v 10.970539 5.001799 1.298150
v 10.942548 4.972998 1.314338
v 10.974788 4.992226 1.314338
v 10.938299 4.982572 1.330527
v 10.970539 5.001799 1.330527
v 10.929800 5.001720 1.330527
v 10.962041 5.020947 1.330527
vn -0.926649 0.375929 -0.000001
vn 0.207391 0.978258 -0.000001
vn 0.382363 0.576641 -0.722000
vn -0.726302 0.063417 -0.684444
vn -0.726302 0.063417 -0.684444
vn 0.382363 0.576641 -0.722000
vn 0.726303 -0.063420 -0.684443
vn -0.382361 -0.576644 -0.721999
vn -0.382361 -0.576644 -0.721999
vn 0.726303 -0.063420 -0.684443
vn 0.926649 -0.375928 -0.000001
vn -0.207393 -0.978258 -0.000000
vn -0.207393 -0.978258 -0.000000
vn 0.926649 -0.375928 -0.000001
vn 0.726303 -0.063420 0.684442
vn -0.382360 -0.576644 0.721999
vn 0.382363 0.576641 -0.722000
vn 0.207391 0.978258 -0.000001
vn 0.382363 0.576642 0.721999
vn 0.726303 -0.063420 0.684442
vn 0.926649 -0.375928 -0.000001
vn 0.726303 -0.063420 -0.684443
vn -0.382360 -0.576644 0.721999
vn 0.726303 -0.063420 0.684442
vn 0.382363 0.576642 0.721999
vn -0.726303 0.063417 0.684443
vn -0.726303 0.063417 0.684443
vn 0.382363 0.576642 0.721999
vn 0.207391 0.978258 -0.000001
vn -0.926649 0.375929 -0.000001
vn -0.926649 0.375929 -0.000001
vn -0.726302 0.063417 -0.684444
vn -0.382361 -0.576644 -0.721999
vn -0.207393 -0.978258 -0.000000
vn -0.382360 -0.576644 0.721999
vn -0.726303 0.063417 0.684443
s off
g lightTower lightTowerGrp lightGrp6 base1 polySurface39
usemtl SM_Light_Tower_1_JFGSG
f 5269//16579 5270//16580 5272//16581 5271//16582
f 5271//16583 5272//16584 5274//16585 5273//16586
f 5273//16587 5274//16588 5276//16589 5275//16590
f 5275//16591 5276//16592 5278//16593 5277//16594
f 5272//16595 5270//16596 5280//16597 5278//16598 5276//16599 5274//16600
f 5277//16601 5278//16602 5280//16603 5279//16604
f 5279//16605 5280//16606 5270//16607 5269//16608
f 5269//16609 5271//16610 5273//16611 5275//16612 5277//16613 5279//16614
g default
v 10.925551 5.011294 0.041516
v 10.957792 5.030521 0.041516
v 10.929800 5.001720 0.025328
v 10.962041 5.020947 0.025328
v 10.938299 4.982572 0.025328
v 10.970539 5.001799 0.025328
v 10.942548 4.972998 0.041516
v 10.974788 4.992226 0.041516
v 10.938299 4.982572 0.057705
v 10.970539 5.001799 0.057705
v 10.929800 5.001720 0.057705
v 10.962041 5.020947 0.057705
vn -0.926649 0.375929 -0.000001
vn 0.207391 0.978258 -0.000001
vn 0.382363 0.576641 -0.722000
vn -0.726302 0.063417 -0.684444
vn -0.726302 0.063417 -0.684444
vn 0.382363 0.576641 -0.722000
vn 0.726303 -0.063420 -0.684443
vn -0.382361 -0.576644 -0.721999
vn -0.382361 -0.576644 -0.721999
vn 0.726303 -0.063420 -0.684443
vn 0.926649 -0.375928 -0.000001
vn -0.207393 -0.978258 -0.000000
vn -0.207393 -0.978258 -0.000000
vn 0.926649 -0.375928 -0.000001
vn 0.726303 -0.063420 0.684442
vn -0.382360 -0.576644 0.721999
vn 0.382363 0.576641 -0.722000
vn 0.207391 0.978258 -0.000001
vn 0.382363 0.576642 0.721999
vn 0.726303 -0.063420 0.684442
vn 0.926649 -0.375928 -0.000001
vn 0.726303 -0.063420 -0.684443
vn -0.382360 -0.576644 0.721999
vn 0.726303 -0.063420 0.684442
vn 0.382363 0.576642 0.721999
vn -0.726303 0.063417 0.684443
vn -0.726303 0.063417 0.684443
vn 0.382363 0.576642 0.721999
vn 0.207391 0.978258 -0.000001
vn -0.926649 0.375929 -0.000001
vn -0.926649 0.375929 -0.000001
vn -0.726302 0.063417 -0.684444
vn -0.382361 -0.576644 -0.721999
vn -0.207393 -0.978258 -0.000000
vn -0.382360 -0.576644 0.721999
vn -0.726303 0.063417 0.684443
s off
g lightTower lightTowerGrp lightGrp6 base1 polySurface149
usemtl SM_Light_Tower_1_JFGSG
f 5281//16615 5282//16616 5284//16617 5283//16618
f 5283//16619 5284//16620 5286//16621 5285//16622
f 5285//16623 5286//16624 5288//16625 5287//16626
f 5287//16627 5288//16628 5290//16629 5289//16630
f 5284//16631 5282//16632 5292//16633 5290//16634 5288//16635 5286//16636
f 5289//16637 5290//16638 5292//16639 5291//16640
f 5291//16641 5292//16642 5282//16643 5281//16644
f 5281//16645 5283//16646 5285//16647 5287//16648 5289//16649 5291//16650
